time,item,segment,units,stockout,stock,price,retail_price_effect
2025-10-06,14-A,retail,0,0,20,233.58,1.283825
2025-10-06,14-B,retail,1,0,20,203.3,1.314595
2025-10-06,14-C,retail,0,0,20,146.13,1.181181
2025-10-06,14-D,retail,0,0,20,99.77,1.305662
2025-10-06,15-A,retail,2,0,20,308.98,1.283825
2025-10-06,15-B,retail,1,0,20,268.93,1.314595
2025-10-06,15-C,retail,0,0,20,193.31,1.181181
2025-10-06,15-D,retail,0,0,20,131.98,1.305662
2025-10-06,16P-A,retail,0,0,20,509.04,1.283825
2025-10-06,16P-B,retail,2,0,20,443.05,1.314595
2025-10-06,16P-C,retail,2,0,20,318.47,1.181181
2025-10-06,16P-D,retail,0,0,20,217.43,1.305662
2025-10-06,17-A,retail,1,0,20,548.73,1.283825
2025-10-06,17-B,retail,0,0,20,477.6,1.314595
2025-10-06,17-C,retail,0,0,20,343.3,1.181181
2025-10-06,17-D,retail,0,0,20,234.39,1.305662
2025-10-06,14-A,wholesale,1,0,20,180.36,
2025-10-06,14-B,wholesale,0,0,19,153.31,
2025-10-06,14-C,wholesale,0,0,20,122.65,
2025-10-06,14-D,wholesale,0,0,20,75.75,
2025-10-06,15-A,wholesale,0,0,18,238.59,
2025-10-06,15-B,wholesale,2,0,19,202.8,
2025-10-06,15-C,wholesale,0,0,20,162.24,
2025-10-06,15-D,wholesale,2,0,20,100.21,
2025-10-06,16P-A,wholesale,0,0,20,393.07,
2025-10-06,16P-B,wholesale,0,0,18,334.11,
2025-10-06,16P-C,wholesale,0,0,18,267.29,
2025-10-06,16P-D,wholesale,0,0,20,165.09,
2025-10-06,17-A,wholesale,0,0,19,423.72,
2025-10-06,17-B,wholesale,0,0,20,360.16,
2025-10-06,17-C,wholesale,3,0,20,288.13,
2025-10-06,17-D,wholesale,0,0,20,177.96,
2025-10-07,14-A,retail,0,0,19,209.23,1.154719
2025-10-07,14-B,retail,0,0,19,215.3,1.397901
2025-10-07,14-C,retail,0,0,20,157.85,1.281122
2025-10-07,14-D,retail,0,0,20,107.59,1.413837
2025-10-07,15-A,retail,0,0,18,276.77,1.154719
2025-10-07,15-B,retail,2,0,17,284.8,1.397901
2025-10-07,15-C,retail,1,0,20,208.8,1.281122
2025-10-07,15-D,retail,0,0,18,142.33,1.413837
2025-10-07,16P-A,retail,0,0,20,455.97,1.154719
2025-10-07,16P-B,retail,0,0,18,469.2,1.397901
2025-10-07,16P-C,retail,0,0,18,344.0,1.281122
2025-10-07,16P-D,retail,0,0,20,234.48,1.413837
2025-10-07,17-A,retail,1,0,19,493.27,1.154719
2025-10-07,17-B,retail,1,0,20,507.58,1.397901
2025-10-07,17-C,retail,0,0,17,372.14,1.281122
2025-10-07,17-D,retail,0,0,20,253.66,1.413837
2025-10-07,14-A,wholesale,0,0,19,179.63,
2025-10-07,14-B,wholesale,1,0,19,152.68,
2025-10-07,14-C,wholesale,0,0,20,122.15,
2025-10-07,14-D,wholesale,0,0,20,75.44,
2025-10-07,15-A,wholesale,0,0,18,237.61,
2025-10-07,15-B,wholesale,0,0,15,201.97,
2025-10-07,15-C,wholesale,0,0,19,161.58,
2025-10-07,15-D,wholesale,0,0,18,99.8,
2025-10-07,16P-A,wholesale,0,0,20,391.46,
2025-10-07,16P-B,wholesale,1,0,18,332.74,
2025-10-07,16P-C,wholesale,0,0,18,266.2,
2025-10-07,16P-D,wholesale,0,0,20,164.41,
2025-10-07,17-A,wholesale,0,0,18,423.49,
2025-10-07,17-B,wholesale,0,0,19,359.96,
2025-10-07,17-C,wholesale,0,0,17,287.97,
2025-10-07,17-D,wholesale,0,0,20,177.86,
2025-10-08,14-A,retail,3,0,19,211.68,1.173086
2025-10-08,14-B,retail,0,0,18,230.5,1.50278
2025-10-08,14-C,retail,0,0,20,163.64,1.333584
2025-10-08,14-D,retail,0,0,20,109.86,1.449565
2025-10-08,15-A,retail,1,0,18,280.02,1.173086
2025-10-08,15-B,retail,0,0,15,304.91,1.50278
2025-10-08,15-C,retail,1,0,19,216.46,1.333584
2025-10-08,15-D,retail,0,0,18,145.33,1.449565
2025-10-08,16P-A,retail,0,0,20,461.33,1.173086
2025-10-08,16P-B,retail,0,0,17,502.33,1.50278
2025-10-08,16P-C,retail,2,0,18,356.62,1.333584
2025-10-08,16P-D,retail,1,0,20,239.42,1.449565
2025-10-08,17-A,retail,1,0,18,500.84,1.173086
2025-10-08,17-B,retail,0,0,19,545.36,1.50278
2025-10-08,17-C,retail,0,0,17,387.17,1.333584
2025-10-08,17-D,retail,0,0,20,259.93,1.449565
2025-10-08,14-A,wholesale,0,0,16,178.89,
2025-10-08,14-B,wholesale,1,0,18,152.06,
2025-10-08,14-C,wholesale,1,0,20,121.64,
2025-10-08,14-D,wholesale,2,0,20,75.13,
2025-10-08,15-A,wholesale,0,0,17,236.64,
2025-10-08,15-B,wholesale,0,0,15,201.14,
2025-10-08,15-C,wholesale,1,0,18,160.91,
2025-10-08,15-D,wholesale,2,0,18,99.39,
2025-10-08,16P-A,wholesale,0,0,20,389.86,
2025-10-08,16P-B,wholesale,1,0,17,331.38,
2025-10-08,16P-C,wholesale,2,0,16,265.1,
2025-10-08,16P-D,wholesale,3,0,19,163.74,
2025-10-08,17-A,wholesale,0,0,17,423.25,
2025-10-08,17-B,wholesale,0,0,19,359.76,
2025-10-08,17-C,wholesale,0,0,17,287.81,
2025-10-08,17-D,wholesale,3,0,20,177.76,
2025-10-09,14-A,retail,1,0,16,228.17,1.269674
2025-10-09,14-B,retail,0,0,17,193.42,1.266223
2025-10-09,14-C,retail,0,0,19,195.17,1.597151
2025-10-09,14-D,retail,0,0,18,91.49,1.212221
2025-10-09,15-A,retail,1,0,17,301.83,1.269674
2025-10-09,15-B,retail,2,0,15,255.86,1.266223
2025-10-09,15-C,retail,0,0,17,258.18,1.597151
2025-10-09,15-D,retail,0,0,16,121.03,1.212221
2025-10-09,16P-A,retail,1,0,20,497.25,1.269674
2025-10-09,16P-B,retail,3,0,16,421.52,1.266223
2025-10-09,16P-C,retail,0,0,14,425.34,1.597151
2025-10-09,16P-D,retail,0,0,16,199.4,1.212221
2025-10-09,17-A,retail,0,0,17,541.77,1.269674
2025-10-09,17-B,retail,0,0,19,459.25,1.266223
2025-10-09,17-C,retail,1,0,17,463.42,1.597151
2025-10-09,17-D,retail,0,0,17,217.25,1.212221
2025-10-09,14-A,wholesale,0,0,15,178.15,
2025-10-09,14-B,wholesale,0,0,17,151.43,
2025-10-09,14-C,wholesale,1,0,19,121.14,
2025-10-09,14-D,wholesale,4,0,18,74.82,
2025-10-09,15-A,wholesale,1,0,16,235.66,
2025-10-09,15-B,wholesale,0,0,13,200.31,
2025-10-09,15-C,wholesale,0,0,17,160.25,
2025-10-09,15-D,wholesale,1,0,16,98.98,
2025-10-09,16P-A,wholesale,1,0,19,388.25,
2025-10-09,16P-B,wholesale,0,0,13,330.02,
2025-10-09,16P-C,wholesale,0,0,14,264.01,
2025-10-09,16P-D,wholesale,1,0,16,163.07,
2025-10-09,17-A,wholesale,0,0,17,423.01,
2025-10-09,17-B,wholesale,0,0,19,359.56,
2025-10-09,17-C,wholesale,0,0,16,287.65,
2025-10-09,17-D,wholesale,0,0,17,177.67,
2025-10-10,14-A,retail,1,0,15,238.53,1.332815
2025-10-10,14-B,retail,1,0,17,191.73,1.260358
2025-10-10,14-C,retail,0,0,18,168.98,1.388558
2025-10-10,14-D,retail,0,0,14,101.16,1.345878
2025-10-10,15-A,retail,1,0,15,315.53,1.332815
2025-10-10,15-B,retail,0,0,13,253.62,1.260358
2025-10-10,15-C,retail,0,0,17,223.53,1.388558
2025-10-10,15-D,retail,0,0,15,133.82,1.345878
2025-10-10,16P-A,retail,1,0,18,519.83,1.332815
2025-10-10,16P-B,retail,0,0,13,417.83,1.260358
2025-10-10,16P-C,retail,0,0,14,368.27,1.388558
2025-10-10,16P-D,retail,0,0,15,220.47,1.345878
2025-10-10,17-A,retail,0,0,17,568.4,1.332815
2025-10-10,17-B,retail,1,0,19,456.87,1.260358
2025-10-10,17-C,retail,0,0,16,402.68,1.388558
2025-10-10,17-D,retail,0,0,17,241.07,1.345878
2025-10-10,14-A,wholesale,0,0,14,177.42,
2025-10-10,14-B,wholesale,0,0,16,150.81,
2025-10-10,14-C,wholesale,0,0,18,120.64,
2025-10-10,14-D,wholesale,0,0,14,74.52,
2025-10-10,15-A,wholesale,0,0,14,234.69,
2025-10-10,15-B,wholesale,2,0,13,199.49,
2025-10-10,15-C,wholesale,0,0,17,159.59,
2025-10-10,15-D,wholesale,0,0,15,98.57,
2025-10-10,16P-A,wholesale,0,0,17,386.65,
2025-10-10,16P-B,wholesale,1,0,13,328.65,
2025-10-10,16P-C,wholesale,0,0,14,262.92,
2025-10-10,16P-D,wholesale,0,0,15,162.39,
2025-10-10,17-A,wholesale,0,0,17,422.78,
2025-10-10,17-B,wholesale,0,0,18,359.36,
2025-10-10,17-C,wholesale,0,0,16,287.49,
2025-10-10,17-D,wholesale,0,0,17,177.57,
2025-10-11,14-A,retail,0,0,14,216.54,1.210659
2025-10-11,14-B,retail,0,0,16,212.05,1.394736
2025-10-11,14-C,retail,0,0,18,164.87,1.355533
2025-10-11,14-D,retail,0,0,14,96.99,1.291049
2025-10-11,15-A,retail,2,0,14,286.45,1.210659
2025-10-11,15-B,retail,2,0,11,280.5,1.394736
2025-10-11,15-C,retail,1,0,17,218.09,1.355533
2025-10-11,15-D,retail,0,0,15,128.3,1.291049
2025-10-11,16P-A,retail,0,0,17,471.92,1.210659
2025-10-11,16P-B,retail,0,0,12,462.12,1.394736
2025-10-11,16P-C,retail,1,0,14,359.31,1.355533
2025-10-11,16P-D,retail,0,0,15,211.37,1.291049
2025-10-11,17-A,retail,3,0,17,516.01,1.210659
2025-10-11,17-B,retail,0,0,18,505.3,1.394736
2025-10-11,17-C,retail,0,0,16,392.88,1.355533
2025-10-11,17-D,retail,1,0,17,231.12,1.291049
2025-10-11,14-A,wholesale,0,0,14,177.32,
2025-10-11,14-B,wholesale,1,0,16,150.72,
2025-10-11,14-C,wholesale,1,0,18,120.58,
2025-10-11,14-D,wholesale,0,0,14,74.47,
2025-10-11,15-A,wholesale,0,0,12,234.56,
2025-10-11,15-B,wholesale,0,0,9,199.38,
2025-10-11,15-C,wholesale,1,0,16,159.5,
2025-10-11,15-D,wholesale,0,0,15,98.52,
2025-10-11,16P-A,wholesale,0,0,17,386.44,
2025-10-11,16P-B,wholesale,0,0,12,328.47,
2025-10-11,16P-C,wholesale,0,0,13,262.78,
2025-10-11,16P-D,wholesale,0,0,15,162.3,
2025-10-11,17-A,wholesale,1,0,14,422.54,
2025-10-11,17-B,wholesale,0,0,18,359.16,
2025-10-11,17-C,wholesale,0,0,16,287.33,
2025-10-11,17-D,wholesale,0,0,16,177.47,
2025-10-12,14-A,retail,0,0,14,205.07,1.147129
2025-10-12,14-B,retail,1,0,15,137.1,0.902276
2025-10-12,14-C,retail,1,0,17,141.85,1.166939
2025-10-12,14-D,retail,0,0,14,100.88,1.343588
2025-10-12,15-A,retail,1,0,12,271.27,1.147129
2025-10-12,15-B,retail,4,0,9,181.36,0.902276
2025-10-12,15-C,retail,0,0,15,187.65,1.166939
2025-10-12,15-D,retail,0,0,15,133.44,1.343588
2025-10-12,16P-A,retail,0,0,17,446.91,1.147129
2025-10-12,16P-B,retail,0,0,12,298.79,0.902276
2025-10-12,16P-C,retail,1,0,23,309.14,1.166939
2025-10-12,16P-D,retail,0,0,15,219.85,1.343588
2025-10-12,17-A,retail,1,0,13,488.66,1.147129
2025-10-12,17-B,retail,2,0,18,326.7,0.902276
2025-10-12,17-C,retail,0,0,16,338.03,1.166939
2025-10-12,17-D,retail,0,0,16,240.39,1.343588
2025-10-12,14-A,wholesale,1,0,14,177.22,
2025-10-12,14-B,wholesale,0,0,14,150.64,
2025-10-12,14-C,wholesale,0,0,16,120.51,
2025-10-12,14-D,wholesale,1,0,14,74.43,
2025-10-12,15-A,wholesale,2,0,11,234.43,
2025-10-12,15-B,wholesale,0,0,5,199.27,
2025-10-12,15-C,wholesale,2,0,15,159.41,
2025-10-12,15-D,wholesale,3,0,15,98.46,
2025-10-12,16P-A,wholesale,0,0,17,386.22,
2025-10-12,16P-B,wholesale,0,0,12,328.29,
2025-10-12,16P-C,wholesale,0,0,22,262.63,
2025-10-12,16P-D,wholesale,2,0,15,162.21,
2025-10-12,17-A,wholesale,0,0,12,422.3,
2025-10-12,17-B,wholesale,0,0,16,358.96,
2025-10-12,17-C,wholesale,0,0,16,287.17,
2025-10-12,17-D,wholesale,0,0,16,177.37,
2025-10-13,14-A,retail,1,0,13,211.09,1.18149
2025-10-13,14-B,retail,1,0,14,200.75,1.321919
2025-10-13,14-C,retail,0,0,16,182.72,1.503975
2025-10-13,14-D,retail,0,0,13,104.36,1.39069
2025-10-13,15-A,retail,2,0,9,279.24,1.18149
2025-10-13,15-B,retail,0,0,5,265.56,1.321919
2025-10-13,15-C,retail,0,0,13,241.71,1.503975
2025-10-13,15-D,retail,1,0,12,138.04,1.39069
2025-10-13,16P-A,retail,0,0,17,460.04,1.18149
2025-10-13,16P-B,retail,1,0,12,437.51,1.321919
2025-10-13,16P-C,retail,0,0,22,398.21,1.503975
2025-10-13,16P-D,retail,0,0,13,227.43,1.39069
2025-10-13,17-A,retail,0,0,12,503.02,1.18149
2025-10-13,17-B,retail,0,0,16,478.39,1.321919
2025-10-13,17-C,retail,0,0,16,435.42,1.503975
2025-10-13,17-D,retail,0,0,16,248.68,1.39069
2025-10-13,14-A,wholesale,0,0,12,177.12,
2025-10-13,14-B,wholesale,0,0,13,150.55,
2025-10-13,14-C,wholesale,1,0,16,120.44,
2025-10-13,14-D,wholesale,1,0,13,74.39,
2025-10-13,15-A,wholesale,0,0,7,234.3,
2025-10-13,15-B,wholesale,0,0,5,199.15,
2025-10-13,15-C,wholesale,4,0,13,159.32,
2025-10-13,15-D,wholesale,0,0,11,98.41,
2025-10-13,16P-A,wholesale,1,0,17,386.0,
2025-10-13,16P-B,wholesale,0,0,11,328.1,
2025-10-13,16P-C,wholesale,1,0,22,262.48,
2025-10-13,16P-D,wholesale,0,0,13,162.12,
2025-10-13,17-A,wholesale,0,0,12,422.07,
2025-10-13,17-B,wholesale,0,0,16,358.76,
2025-10-13,17-C,wholesale,0,0,16,287.01,
2025-10-13,17-D,wholesale,1,0,16,177.27,
2025-10-14,14-A,retail,0,0,12,283.29,1.586496
2025-10-14,14-B,retail,1,0,23,198.56,1.308234
2025-10-14,14-C,retail,2,0,15,166.12,1.368098
2025-10-14,14-D,retail,0,0,12,115.71,1.542783
2025-10-14,15-A,retail,1,0,7,374.75,1.586496
2025-10-14,15-B,retail,0,0,5,262.67,1.308234
2025-10-14,15-C,retail,0,0,9,219.75,1.368098
2025-10-14,15-D,retail,1,0,11,153.06,1.542783
2025-10-14,16P-A,retail,0,0,16,617.39,1.586496
2025-10-14,16P-B,retail,1,0,11,432.74,1.308234
2025-10-14,16P-C,retail,2,0,21,362.03,1.368098
2025-10-14,16P-D,retail,0,0,13,252.16,1.542783
2025-10-14,17-A,retail,0,0,12,675.07,1.586496
2025-10-14,17-B,retail,1,0,16,473.17,1.308234
2025-10-14,17-C,retail,0,0,16,395.86,1.368098
2025-10-14,17-D,retail,0,0,15,275.72,1.542783
2025-10-14,14-A,wholesale,0,0,12,177.02,
2025-10-14,14-B,wholesale,0,0,22,150.47,
2025-10-14,14-C,wholesale,0,0,13,120.37,
2025-10-14,14-D,wholesale,1,0,12,74.35,
2025-10-14,15-A,wholesale,0,0,6,234.17,
2025-10-14,15-B,wholesale,1,0,5,199.04,
2025-10-14,15-C,wholesale,0,0,9,159.23,
2025-10-14,15-D,wholesale,4,0,10,98.35,
2025-10-14,16P-A,wholesale,0,0,16,385.79,
2025-10-14,16P-B,wholesale,1,0,10,327.92,
2025-10-14,16P-C,wholesale,0,0,19,262.34,
2025-10-14,16P-D,wholesale,0,0,13,162.03,
2025-10-14,17-A,wholesale,0,0,12,421.83,
2025-10-14,17-B,wholesale,0,0,15,358.56,
2025-10-14,17-C,wholesale,1,0,16,286.85,
2025-10-14,17-D,wholesale,0,0,15,177.17,
2025-10-15,14-A,retail,1,0,12,192.38,1.077952
2025-10-15,14-B,retail,4,0,22,204.89,1.350688
2025-10-15,14-C,retail,1,0,13,156.22,1.287243
2025-10-15,14-D,retail,1,0,11,113.97,1.520464
2025-10-15,15-A,retail,1,0,16,254.48,1.077952
2025-10-15,15-B,retail,1,0,4,271.04,1.350688
2025-10-15,15-C,retail,1,0,9,206.65,1.287243
2025-10-15,15-D,retail,0,0,6,150.76,1.520464
2025-10-15,16P-A,retail,1,0,26,419.25,1.077952
2025-10-15,16P-B,retail,1,0,9,446.53,1.350688
2025-10-15,16P-C,retail,0,0,19,340.44,1.287243
2025-10-15,16P-D,retail,0,0,13,248.37,1.520464
2025-10-15,17-A,retail,1,0,12,458.43,1.077952
2025-10-15,17-B,retail,0,0,15,488.25,1.350688
2025-10-15,17-C,retail,1,0,15,372.25,1.287243
2025-10-15,17-D,retail,0,0,15,271.58,1.520464
2025-10-15,14-A,wholesale,0,0,11,176.92,
2025-10-15,14-B,wholesale,1,0,18,150.38,
2025-10-15,14-C,wholesale,0,0,12,120.31,
2025-10-15,14-D,wholesale,4,0,10,74.31,
2025-10-15,15-A,wholesale,0,0,15,234.04,
2025-10-15,15-B,wholesale,1,0,3,198.93,
2025-10-15,15-C,wholesale,0,0,8,159.15,
2025-10-15,15-D,wholesale,0,0,6,98.3,
2025-10-15,16P-A,wholesale,0,0,25,385.57,
2025-10-15,16P-B,wholesale,0,0,8,327.74,
2025-10-15,16P-C,wholesale,0,0,19,262.19,
2025-10-15,16P-D,wholesale,0,0,13,161.94,
2025-10-15,17-A,wholesale,0,0,11,421.6,
2025-10-15,17-B,wholesale,0,0,15,358.36,
2025-10-15,17-C,wholesale,1,0,14,286.69,
2025-10-15,17-D,wholesale,0,0,15,177.07,
2025-10-16,14-A,retail,4,0,11,233.45,1.30883
2025-10-16,14-B,retail,0,0,17,198.24,1.307557
2025-10-16,14-C,retail,0,0,12,187.6,1.546688
2025-10-16,14-D,retail,0,0,6,105.97,1.414539
2025-10-16,15-A,retail,0,0,16,308.81,1.30883
2025-10-16,15-B,retail,0,0,22,262.24,1.307557
2025-10-16,15-C,retail,0,0,8,248.16,1.546688
2025-10-16,15-D,retail,0,0,6,140.18,1.414539
2025-10-16,16P-A,retail,2,0,25,508.77,1.30883
2025-10-16,16P-B,retail,1,0,9,432.03,1.307557
2025-10-16,16P-C,retail,0,0,19,408.83,1.546688
2025-10-16,16P-D,retail,0,0,23,230.94,1.414539
2025-10-16,17-A,retail,0,0,11,556.3,1.30883
2025-10-16,17-B,retail,1,0,15,472.4,1.307557
2025-10-16,17-C,retail,0,0,13,447.03,1.546688
2025-10-16,17-D,retail,0,0,15,252.52,1.414539
2025-10-16,14-A,wholesale,0,0,7,176.82,
2025-10-16,14-B,wholesale,1,0,17,150.3,
2025-10-16,14-C,wholesale,0,0,12,120.24,
2025-10-16,14-D,wholesale,0,0,6,74.27,
2025-10-16,15-A,wholesale,1,0,16,233.91,
2025-10-16,15-B,wholesale,0,0,22,198.82,
2025-10-16,15-C,wholesale,0,0,8,159.06,
2025-10-16,15-D,wholesale,2,0,6,98.24,
2025-10-16,16P-A,wholesale,0,0,23,385.36,
2025-10-16,16P-B,wholesale,0,0,8,327.55,
2025-10-16,16P-C,wholesale,0,0,19,262.04,
2025-10-16,16P-D,wholesale,0,0,23,161.85,
2025-10-16,17-A,wholesale,0,0,11,421.36,
2025-10-16,17-B,wholesale,0,0,14,358.16,
2025-10-16,17-C,wholesale,0,0,13,286.53,
2025-10-16,17-D,wholesale,1,0,15,176.97,
2025-10-17,14-A,retail,1,0,7,227.83,1.278032
2025-10-17,14-B,retail,0,0,16,195.8,1.292154
2025-10-17,14-C,retail,1,0,22,167.5,1.381755
2025-10-17,14-D,retail,0,0,6,113.21,1.512104
2025-10-17,15-A,retail,0,0,15,301.38,1.278032
2025-10-17,15-B,retail,2,0,22,259.0,1.292154
2025-10-17,15-C,retail,0,0,8,221.57,1.381755
2025-10-17,15-D,retail,0,0,4,149.76,1.512104
2025-10-17,16P-A,retail,2,0,23,496.52,1.278032
2025-10-17,16P-B,retail,1,0,8,426.7,1.292154
2025-10-17,16P-C,retail,1,0,19,365.03,1.381755
2025-10-17,16P-D,retail,0,0,23,246.73,1.512104
2025-10-17,17-A,retail,0,0,11,542.91,1.278032
2025-10-17,17-B,retail,0,0,14,466.57,1.292154
2025-10-17,17-C,retail,0,0,13,399.14,1.381755
2025-10-17,17-D,retail,0,0,14,269.78,1.512104
2025-10-17,14-A,wholesale,0,0,6,176.73,
2025-10-17,14-B,wholesale,0,0,16,150.22,
2025-10-17,14-C,wholesale,0,0,21,120.17,
2025-10-17,14-D,wholesale,0,0,6,74.22,
2025-10-17,15-A,wholesale,0,0,15,233.78,
2025-10-17,15-B,wholesale,0,0,20,198.71,
2025-10-17,15-C,wholesale,0,0,8,158.97,
2025-10-17,15-D,wholesale,1,0,4,98.19,
2025-10-17,16P-A,wholesale,0,0,21,385.14,
2025-10-17,16P-B,wholesale,1,0,7,327.37,
2025-10-17,16P-C,wholesale,0,0,18,261.9,
2025-10-17,16P-D,wholesale,0,0,23,161.76,
2025-10-17,17-A,wholesale,0,0,11,421.13,
2025-10-17,17-B,wholesale,0,0,14,357.96,
2025-10-17,17-C,wholesale,1,0,13,286.37,
2025-10-17,17-D,wholesale,1,0,14,176.87,
2025-10-18,14-A,retail,2,0,6,243.81,1.368456
2025-10-18,14-B,retail,1,0,16,221.18,1.4605
2025-10-18,14-C,retail,2,0,21,156.48,1.291619
2025-10-18,14-D,retail,0,0,6,113.66,1.518876
2025-10-18,15-A,retail,0,0,15,322.52,1.368456
2025-10-18,15-B,retail,0,0,20,292.58,1.4605
2025-10-18,15-C,retail,1,0,8,207.0,1.291619
2025-10-18,15-D,retail,0,0,3,150.35,1.518876
2025-10-18,16P-A,retail,0,0,21,531.35,1.368456
2025-10-18,16P-B,retail,0,0,21,482.03,1.4605
2025-10-18,16P-C,retail,0,0,19,341.03,1.291619
2025-10-18,16P-D,retail,0,0,23,247.7,1.518876
2025-10-18,17-A,retail,1,0,11,580.99,1.368456
2025-10-18,17-B,retail,0,0,14,527.06,1.4605
2025-10-18,17-C,retail,0,0,22,372.89,1.291619
2025-10-18,17-D,retail,0,0,13,270.84,1.518876
2025-10-18,14-A,wholesale,0,0,4,176.63,
2025-10-18,14-B,wholesale,4,0,15,150.13,
2025-10-18,14-C,wholesale,3,0,19,120.11,
2025-10-18,14-D,wholesale,3,0,6,74.18,
2025-10-18,15-A,wholesale,0,0,15,233.65,
2025-10-18,15-B,wholesale,0,0,20,198.6,
2025-10-18,15-C,wholesale,0,0,7,158.88,
2025-10-18,15-D,wholesale,0,0,3,98.13,
2025-10-18,16P-A,wholesale,0,0,21,384.93,
2025-10-18,16P-B,wholesale,1,0,21,327.19,
2025-10-18,16P-C,wholesale,0,0,19,261.75,
2025-10-18,16P-D,wholesale,1,0,23,161.67,
2025-10-18,17-A,wholesale,0,0,10,420.89,
2025-10-18,17-B,wholesale,0,0,14,357.76,
2025-10-18,17-C,wholesale,0,0,22,286.21,
2025-10-18,17-D,wholesale,0,0,13,176.77,
2025-10-19,14-A,retail,0,0,24,215.62,1.210887
2025-10-19,14-B,retail,0,0,21,183.14,1.209977
2025-10-19,14-C,retail,0,0,16,157.93,1.30426
2025-10-19,14-D,retail,0,0,3,89.94,1.202579
2025-10-19,15-A,retail,0,0,15,285.23,1.210887
2025-10-19,15-B,retail,3,0,20,242.26,1.209977
2025-10-19,15-C,retail,2,0,7,208.91,1.30426
2025-10-19,15-D,retail,1,0,3,118.97,1.202579
2025-10-19,16P-A,retail,1,0,21,469.91,1.210887
2025-10-19,16P-B,retail,1,0,21,399.12,1.209977
2025-10-19,16P-C,retail,0,0,19,344.18,1.30426
2025-10-19,16P-D,retail,1,0,22,196.01,1.202579
2025-10-19,17-A,retail,0,0,10,513.81,1.210887
2025-10-19,17-B,retail,0,0,14,436.41,1.209977
2025-10-19,17-C,retail,0,0,22,376.33,1.30426
2025-10-19,17-D,retail,0,0,13,214.32,1.202579
2025-10-19,14-A,wholesale,1,0,24,176.53,
2025-10-19,14-B,wholesale,0,0,21,150.05,
2025-10-19,14-C,wholesale,2,0,16,120.04,
2025-10-19,14-D,wholesale,1,0,3,74.14,
2025-10-19,15-A,wholesale,0,0,15,233.52,
2025-10-19,15-B,wholesale,0,0,17,198.49,
2025-10-19,15-C,wholesale,0,0,5,158.79,
2025-10-19,15-D,wholesale,2,1,2,98.08,
2025-10-19,16P-A,wholesale,0,0,20,384.71,
2025-10-19,16P-B,wholesale,0,0,20,327.01,
2025-10-19,16P-C,wholesale,0,0,19,261.6,
2025-10-19,16P-D,wholesale,1,0,21,161.58,
2025-10-19,17-A,wholesale,0,0,10,420.66,
2025-10-19,17-B,wholesale,1,0,14,357.56,
2025-10-19,17-C,wholesale,0,0,22,286.05,
2025-10-19,17-D,wholesale,0,0,13,176.68,
2025-10-20,14-A,retail,1,0,23,214.22,1.203704
2025-10-20,14-B,retail,0,0,21,227.76,1.505593
2025-10-20,14-C,retail,0,0,14,157.26,1.299456
2025-10-20,14-D,retail,0,0,2,99.84,1.335668
2025-10-20,15-A,retail,0,0,15,283.38,1.203704
2025-10-20,15-B,retail,1,0,17,301.28,1.505593
2025-10-20,15-C,retail,0,0,5,208.02,1.299456
2025-10-20,15-D,retail,0,0,10,132.07,1.335668
2025-10-20,16P-A,retail,0,0,20,466.86,1.203704
2025-10-20,16P-B,retail,0,0,20,496.35,1.505593
2025-10-20,16P-C,retail,1,0,19,342.72,1.299456
2025-10-20,16P-D,retail,0,0,20,217.58,1.335668
2025-10-20,17-A,retail,2,0,20,510.48,1.203704
2025-10-20,17-B,retail,1,0,13,542.73,1.505593
2025-10-20,17-C,retail,0,0,22,374.74,1.299456
2025-10-20,17-D,retail,1,0,13,237.91,1.335668
2025-10-20,14-A,wholesale,0,0,22,176.43,
2025-10-20,14-B,wholesale,0,0,21,149.97,
2025-10-20,14-C,wholesale,1,0,14,119.97,
2025-10-20,14-D,wholesale,1,0,2,74.1,
2025-10-20,15-A,wholesale,1,0,15,233.38,
2025-10-20,15-B,wholesale,0,0,16,198.38,
2025-10-20,15-C,wholesale,1,0,5,158.7,
2025-10-20,15-D,wholesale,4,0,10,98.02,
2025-10-20,16P-A,wholesale,1,0,20,384.5,
2025-10-20,16P-B,wholesale,0,0,20,326.82,
2025-10-20,16P-C,wholesale,0,0,18,261.46,
2025-10-20,16P-D,wholesale,0,0,20,161.49,
2025-10-20,17-A,wholesale,0,0,18,420.42,
2025-10-20,17-B,wholesale,0,0,12,357.36,
2025-10-20,17-C,wholesale,2,0,22,285.89,
2025-10-20,17-D,wholesale,0,0,12,176.58,
2025-10-21,14-A,retail,2,0,22,231.0,1.298732
2025-10-21,14-B,retail,3,0,21,196.36,1.298765
2025-10-21,14-C,retail,0,0,13,155.18,1.283002
2025-10-21,14-D,retail,0,0,1,100.17,1.340818
2025-10-21,15-A,retail,0,0,14,305.58,1.298732
2025-10-21,15-B,retail,2,0,16,259.75,1.298765
2025-10-21,15-C,retail,1,0,4,205.28,1.283002
2025-10-21,15-D,retail,0,0,6,132.5,1.340818
2025-10-21,16P-A,retail,1,0,19,503.43,1.298732
2025-10-21,16P-B,retail,1,0,20,427.93,1.298765
2025-10-21,16P-C,retail,1,0,18,338.19,1.283002
2025-10-21,16P-D,retail,0,0,20,218.29,1.340818
2025-10-21,17-A,retail,0,0,18,550.47,1.298732
2025-10-21,17-B,retail,0,0,12,467.91,1.298765
2025-10-21,17-C,retail,0,0,20,369.79,1.283002
2025-10-21,17-D,retail,0,0,12,238.69,1.340818
2025-10-21,14-A,wholesale,1,0,20,176.33,
2025-10-21,14-B,wholesale,2,0,18,149.88,
2025-10-21,14-C,wholesale,1,0,13,119.91,
2025-10-21,14-D,wholesale,0,0,1,74.06,
2025-10-21,15-A,wholesale,0,0,14,233.25,
2025-10-21,15-B,wholesale,1,0,14,198.27,
2025-10-21,15-C,wholesale,1,0,3,158.61,
2025-10-21,15-D,wholesale,1,0,6,97.97,
2025-10-21,16P-A,wholesale,0,0,18,384.28,
2025-10-21,16P-B,wholesale,0,0,19,326.64,
2025-10-21,16P-C,wholesale,4,0,17,261.31,
2025-10-21,16P-D,wholesale,1,0,20,161.4,
2025-10-21,17-A,wholesale,0,0,18,420.19,
2025-10-21,17-B,wholesale,1,0,12,357.16,
2025-10-21,17-C,wholesale,0,0,20,285.73,
2025-10-21,17-D,wholesale,1,0,12,176.48,
2025-10-22,14-A,retail,0,0,19,224.84,1.264754
2025-10-22,14-B,retail,1,0,16,223.69,1.480377
2025-10-22,14-C,retail,2,0,13,154.45,1.277711
2025-10-22,14-D,retail,0,0,1,99.39,1.3312
2025-10-22,15-A,retail,1,0,15,297.42,1.264754
2025-10-22,15-B,retail,2,0,13,295.9,1.480377
2025-10-22,15-C,retail,0,0,12,204.31,1.277711
2025-10-22,15-D,retail,0,0,5,131.48,1.3312
2025-10-22,16P-A,retail,0,0,18,489.99,1.264754
2025-10-22,16P-B,retail,1,0,19,487.5,1.480377
2025-10-22,16P-C,retail,3,0,13,336.61,1.277711
2025-10-22,16P-D,retail,0,0,19,216.61,1.3312
2025-10-22,17-A,retail,0,0,18,535.77,1.264754
2025-10-22,17-B,retail,0,0,11,533.04,1.480377
2025-10-22,17-C,retail,0,0,20,368.06,1.277711
2025-10-22,17-D,retail,0,0,11,236.84,1.3312
2025-10-22,14-A,wholesale,0,0,19,176.23,
2025-10-22,14-B,wholesale,4,0,15,149.8,
2025-10-22,14-C,wholesale,4,0,11,119.84,
2025-10-22,14-D,wholesale,1,0,1,74.02,
2025-10-22,15-A,wholesale,1,0,14,233.12,
2025-10-22,15-B,wholesale,2,0,11,198.16,
2025-10-22,15-C,wholesale,0,0,12,158.52,
2025-10-22,15-D,wholesale,2,0,5,97.91,
2025-10-22,16P-A,wholesale,0,0,18,384.07,
2025-10-22,16P-B,wholesale,0,0,18,326.46,
2025-10-22,16P-C,wholesale,1,0,10,261.17,
2025-10-22,16P-D,wholesale,1,0,19,161.31,
2025-10-22,17-A,wholesale,0,0,18,419.95,
2025-10-22,17-B,wholesale,0,0,11,356.96,
2025-10-22,17-C,wholesale,0,0,20,285.57,
2025-10-22,17-D,wholesale,0,0,11,176.38,
2025-10-23,14-A,retail,3,0,19,234.46,1.319656
2025-10-23,14-B,retail,2,0,11,186.99,1.238177
2025-10-23,14-C,retail,0,0,7,151.43,1.253398
2025-10-23,14-D,retail,0,0,0,100.92,1.352476
2025-10-23,15-A,retail,0,0,13,310.15,1.319656
2025-10-23,15-B,retail,1,0,24,247.35,1.238177
2025-10-23,15-C,retail,0,0,12,200.32,1.253398
2025-10-23,15-D,retail,0,0,3,133.5,1.352476
2025-10-23,16P-A,retail,0,0,18,510.97,1.319656
2025-10-23,16P-B,retail,4,0,28,407.51,1.238177
2025-10-23,16P-C,retail,1,0,9,330.02,1.253398
2025-10-23,16P-D,retail,0,0,18,219.95,1.352476
2025-10-23,17-A,retail,0,0,18,558.71,1.319656
2025-10-23,17-B,retail,1,0,21,445.58,1.238177
2025-10-23,17-C,retail,0,0,20,360.85,1.253398
2025-10-23,17-D,retail,0,0,11,240.5,1.352476
2025-10-23,14-A,wholesale,0,0,16,176.13,
2025-10-23,14-B,wholesale,1,0,9,149.71,
2025-10-23,14-C,wholesale,0,0,7,119.77,
2025-10-23,14-D,wholesale,0,1,0,73.98,
2025-10-23,15-A,wholesale,0,0,13,232.99,
2025-10-23,15-B,wholesale,2,0,23,198.04,
2025-10-23,15-C,wholesale,1,0,12,158.44,
2025-10-23,15-D,wholesale,2,0,3,97.86,
2025-10-23,16P-A,wholesale,0,0,18,383.85,
2025-10-23,16P-B,wholesale,0,0,24,326.28,
2025-10-23,16P-C,wholesale,0,0,8,261.02,
2025-10-23,16P-D,wholesale,0,0,18,161.22,
2025-10-23,17-A,wholesale,0,0,18,419.72,
2025-10-23,17-B,wholesale,0,0,20,356.76,
2025-10-23,17-C,wholesale,0,0,20,285.41,
2025-10-23,17-D,wholesale,0,0,11,176.28,
2025-10-24,14-A,retail,6,0,16,187.56,1.05625
2025-10-24,14-B,retail,0,0,8,185.99,1.232256
2025-10-24,14-C,retail,0,0,17,150.03,1.242508
2025-10-24,14-D,retail,1,0,10,80.29,1.076576
2025-10-24,15-A,retail,3,0,13,248.11,1.05625
2025-10-24,15-B,retail,3,0,21,246.03,1.232256
2025-10-24,15-C,retail,0,0,11,198.46,1.242508
2025-10-24,15-D,retail,0,0,1,106.21,1.076576
2025-10-24,16P-A,retail,1,0,18,408.75,1.05625
2025-10-24,16P-B,retail,4,0,24,405.34,1.232256
2025-10-24,16P-C,retail,0,0,8,326.97,1.242508
2025-10-24,16P-D,retail,1,0,18,174.98,1.076576
2025-10-24,17-A,retail,0,0,18,446.94,1.05625
2025-10-24,17-B,retail,1,0,20,443.21,1.232256
2025-10-24,17-C,retail,0,0,20,357.52,1.242508
2025-10-24,17-D,retail,0,0,11,191.33,1.076576
2025-10-24,14-A,wholesale,0,0,10,176.04,
2025-10-24,14-B,wholesale,1,0,8,149.63,
2025-10-24,14-C,wholesale,1,0,17,119.7,
2025-10-24,14-D,wholesale,0,0,9,73.94,
2025-10-24,15-A,wholesale,0,0,10,232.86,
2025-10-24,15-B,wholesale,1,0,18,197.93,
2025-10-24,15-C,wholesale,1,0,11,158.35,
2025-10-24,15-D,wholesale,0,0,1,97.8,
2025-10-24,16P-A,wholesale,0,0,17,383.64,
2025-10-24,16P-B,wholesale,0,0,20,326.09,
2025-10-24,16P-C,wholesale,0,0,8,260.87,
2025-10-24,16P-D,wholesale,0,0,17,161.13,
2025-10-24,17-A,wholesale,0,0,18,419.48,
2025-10-24,17-B,wholesale,0,0,19,356.56,
2025-10-24,17-C,wholesale,3,0,20,285.25,
2025-10-24,17-D,wholesale,2,0,11,176.18,
2025-10-25,14-A,retail,0,0,10,271.47,1.529635
2025-10-25,14-B,retail,0,0,7,206.17,1.366695
2025-10-25,14-C,retail,0,0,16,174.37,1.444896
2025-10-25,14-D,retail,0,0,9,70.69,0.948319
2025-10-25,15-A,retail,0,0,10,359.1,1.529635
2025-10-25,15-B,retail,0,0,17,272.72,1.366695
2025-10-25,15-C,retail,0,0,10,230.66,1.444896
2025-10-25,15-D,retail,0,0,1,93.5,0.948319
2025-10-25,16P-A,retail,0,0,17,591.62,1.529635
2025-10-25,16P-B,retail,2,0,20,449.31,1.366695
2025-10-25,16P-C,retail,0,0,8,380.01,1.444896
2025-10-25,16P-D,retail,3,0,17,154.05,0.948319
2025-10-25,17-A,retail,0,0,18,646.89,1.529635
2025-10-25,17-B,retail,0,0,19,491.29,1.366695
2025-10-25,17-C,retail,2,0,17,415.52,1.444896
2025-10-25,17-D,retail,0,0,9,168.44,0.948319
2025-10-25,14-A,wholesale,0,0,10,175.94,
2025-10-25,14-B,wholesale,1,0,7,149.55,
2025-10-25,14-C,wholesale,2,0,16,119.64,
2025-10-25,14-D,wholesale,1,0,9,73.89,
2025-10-25,15-A,wholesale,0,0,10,232.73,
2025-10-25,15-B,wholesale,0,0,17,197.82,
2025-10-25,15-C,wholesale,3,0,10,158.26,
2025-10-25,15-D,wholesale,0,0,1,97.75,
2025-10-25,16P-A,wholesale,1,0,17,383.43,
2025-10-25,16P-B,wholesale,1,0,18,325.91,
2025-10-25,16P-C,wholesale,3,0,8,260.73,
2025-10-25,16P-D,wholesale,2,0,14,161.04,
2025-10-25,17-A,wholesale,0,0,18,419.25,
2025-10-25,17-B,wholesale,1,0,19,356.36,
2025-10-25,17-C,wholesale,2,0,15,285.09,
2025-10-25,17-D,wholesale,0,0,9,176.08,
2025-10-26,14-A,retail,0,0,10,248.12,1.398864
2025-10-26,14-B,retail,1,0,7,189.17,1.254734
2025-10-26,14-C,retail,0,0,14,157.07,1.302253
2025-10-26,14-D,retail,0,0,8,107.61,1.444553
2025-10-26,15-A,retail,0,0,10,328.22,1.398864
2025-10-26,15-B,retail,0,0,17,250.24,1.254734
2025-10-26,15-C,retail,0,0,7,207.77,1.302253
2025-10-26,15-D,retail,0,0,1,142.35,1.444553
2025-10-26,16P-A,retail,2,0,16,540.74,1.398864
2025-10-26,16P-B,retail,1,0,27,412.27,1.254734
2025-10-26,16P-C,retail,0,0,5,342.31,1.302253
2025-10-26,16P-D,retail,0,0,12,234.53,1.444553
2025-10-26,17-A,retail,2,0,18,591.26,1.398864
2025-10-26,17-B,retail,0,0,18,450.79,1.254734
2025-10-26,17-C,retail,1,0,13,374.29,1.302253
2025-10-26,17-D,retail,0,0,9,256.44,1.444553
2025-10-26,14-A,wholesale,0,0,10,175.84,
2025-10-26,14-B,wholesale,0,0,6,149.46,
2025-10-26,14-C,wholesale,1,0,14,119.57,
2025-10-26,14-D,wholesale,3,0,8,73.85,
2025-10-26,15-A,wholesale,1,0,10,232.6,
2025-10-26,15-B,wholesale,3,0,17,197.71,
2025-10-26,15-C,wholesale,3,0,7,158.17,
2025-10-26,15-D,wholesale,0,0,1,97.69,
2025-10-26,16P-A,wholesale,0,0,14,383.21,
2025-10-26,16P-B,wholesale,2,0,26,325.73,
2025-10-26,16P-C,wholesale,1,0,5,260.58,
2025-10-26,16P-D,wholesale,1,0,12,160.95,
2025-10-26,17-A,wholesale,0,0,16,419.02,
2025-10-26,17-B,wholesale,0,0,18,356.16,
2025-10-26,17-C,wholesale,0,0,12,284.93,
2025-10-26,17-D,wholesale,0,0,9,175.99,
2025-10-27,14-A,retail,0,0,10,209.03,1.179121
2025-10-27,14-B,retail,0,0,6,189.09,1.254889
2025-10-27,14-C,retail,1,0,14,142.48,1.181918
2025-10-27,14-D,retail,1,0,5,93.39,1.254324
2025-10-27,15-A,retail,3,0,24,276.51,1.179121
2025-10-27,15-B,retail,0,0,14,250.13,1.254889
2025-10-27,15-C,retail,1,0,14,188.47,1.181918
2025-10-27,15-D,retail,1,1,1,123.54,1.254324
2025-10-27,16P-A,retail,1,0,14,455.54,1.179121
2025-10-27,16P-B,retail,3,0,24,412.09,1.254889
2025-10-27,16P-C,retail,0,0,14,310.5,1.181918
2025-10-27,16P-D,retail,0,0,11,203.53,1.254324
2025-10-27,17-A,retail,2,0,16,498.1,1.179121
2025-10-27,17-B,retail,0,0,18,450.59,1.254889
2025-10-27,17-C,retail,0,0,12,339.51,1.181918
2025-10-27,17-D,retail,0,0,9,222.54,1.254324
2025-10-27,14-A,wholesale,0,0,10,175.74,
2025-10-27,14-B,wholesale,1,0,6,149.38,
2025-10-27,14-C,wholesale,0,0,13,119.5,
2025-10-27,14-D,wholesale,0,0,4,73.81,
2025-10-27,15-A,wholesale,0,0,21,232.47,
2025-10-27,15-B,wholesale,0,0,14,197.6,
2025-10-27,15-C,wholesale,1,0,13,158.08,
2025-10-27,15-D,wholesale,0,1,0,97.64,
2025-10-27,16P-A,wholesale,0,0,13,383.0,
2025-10-27,16P-B,wholesale,0,0,21,325.55,
2025-10-27,16P-C,wholesale,0,0,14,260.44,
2025-10-27,16P-D,wholesale,0,0,11,160.86,
2025-10-27,17-A,wholesale,0,0,14,418.78,
2025-10-27,17-B,wholesale,2,0,18,355.96,
2025-10-27,17-C,wholesale,0,0,12,284.77,
2025-10-27,17-D,wholesale,4,0,9,175.89,
2025-10-28,14-A,retail,0,0,10,257.68,1.454392
2025-10-28,14-B,retail,0,0,5,193.76,1.286564
2025-10-28,14-C,retail,0,0,13,171.75,1.425527
2025-10-28,14-D,retail,0,0,4,94.33,1.267683
2025-10-28,15-A,retail,0,0,21,340.87,1.454392
2025-10-28,15-B,retail,0,0,14,256.3,1.286564
2025-10-28,15-C,retail,1,0,13,227.19,1.425527
2025-10-28,15-D,retail,0,0,0,124.79,1.267683
2025-10-28,16P-A,retail,1,0,13,561.57,1.454392
2025-10-28,16P-B,retail,1,0,21,422.25,1.286564
2025-10-28,16P-C,retail,1,0,14,374.29,1.425527
2025-10-28,16P-D,retail,0,0,11,205.58,1.267683
2025-10-28,17-A,retail,0,0,14,614.04,1.454392
2025-10-28,17-B,retail,0,0,16,461.71,1.286564
2025-10-28,17-C,retail,1,0,12,409.26,1.425527
2025-10-28,17-D,retail,0,0,5,224.79,1.267683
2025-10-28,14-A,wholesale,0,0,10,175.64,
2025-10-28,14-B,wholesale,0,0,5,149.3,
2025-10-28,14-C,wholesale,0,0,13,119.44,
2025-10-28,14-D,wholesale,1,0,4,73.77,
2025-10-28,15-A,wholesale,0,0,21,232.34,
2025-10-28,15-B,wholesale,1,0,14,197.49,
2025-10-28,15-C,wholesale,0,0,12,157.99,
2025-10-28,15-D,wholesale,0,0,0,97.58,
2025-10-28,16P-A,wholesale,0,0,12,382.78,
2025-10-28,16P-B,wholesale,2,0,20,325.37,
2025-10-28,16P-C,wholesale,0,0,13,260.29,
2025-10-28,16P-D,wholesale,1,0,11,160.77,
2025-10-28,17-A,wholesale,1,0,14,418.55,
2025-10-28,17-B,wholesale,0,0,16,355.77,
2025-10-28,17-C,wholesale,0,0,11,284.61,
2025-10-28,17-D,wholesale,1,0,5,175.79,
2025-10-29,14-A,retail,0,0,10,235.08,1.327557
2025-10-29,14-B,retail,1,0,5,179.42,1.192021
2025-10-29,14-C,retail,0,0,13,158.72,1.318125
2025-10-29,14-D,retail,0,0,3,107.77,1.449107
2025-10-29,15-A,retail,0,0,21,310.97,1.327557
2025-10-29,15-B,retail,0,0,13,237.34,1.192021
2025-10-29,15-C,retail,0,0,12,209.95,1.318125
2025-10-29,15-D,retail,0,0,0,142.56,1.449107
2025-10-29,16P-A,retail,1,0,12,512.31,1.327557
2025-10-29,16P-B,retail,1,0,18,391.01,1.192021
2025-10-29,16P-C,retail,1,0,13,345.9,1.318125
2025-10-29,16P-D,retail,0,0,10,234.87,1.449107
2025-10-29,17-A,retail,0,0,13,560.18,1.327557
2025-10-29,17-B,retail,1,0,16,427.54,1.192021
2025-10-29,17-C,retail,1,0,11,378.22,1.318125
2025-10-29,17-D,retail,0,0,4,256.82,1.449107
2025-10-29,14-A,wholesale,0,0,10,175.55,
2025-10-29,14-B,wholesale,1,0,4,149.21,
2025-10-29,14-C,wholesale,1,0,13,119.37,
2025-10-29,14-D,wholesale,0,0,3,73.73,
2025-10-29,15-A,wholesale,0,0,21,232.21,
2025-10-29,15-B,wholesale,1,0,13,197.38,
2025-10-29,15-C,wholesale,0,0,12,157.91,
2025-10-29,15-D,wholesale,0,0,0,97.53,
2025-10-29,16P-A,wholesale,0,0,11,382.57,
2025-10-29,16P-B,wholesale,0,0,17,325.18,
2025-10-29,16P-C,wholesale,1,0,12,260.15,
2025-10-29,16P-D,wholesale,1,0,10,160.68,
2025-10-29,17-A,wholesale,0,0,13,418.31,
2025-10-29,17-B,wholesale,0,0,15,355.57,
2025-10-29,17-C,wholesale,0,0,10,284.45,
2025-10-29,17-D,wholesale,1,0,4,175.69,
2025-10-30,14-A,retail,1,0,10,195.35,1.103801
2025-10-30,14-B,retail,3,0,3,187.17,1.244223
2025-10-30,14-C,retail,0,0,12,170.47,1.416557
2025-10-30,14-D,retail,0,0,3,90.28,1.214557
2025-10-30,15-A,retail,0,0,21,258.41,1.103801
2025-10-30,15-B,retail,1,0,12,247.59,1.244223
2025-10-30,15-C,retail,0,0,12,225.51,1.416557
2025-10-30,15-D,retail,0,0,0,119.42,1.214557
2025-10-30,16P-A,retail,3,0,11,425.73,1.103801
2025-10-30,16P-B,retail,0,0,17,407.9,1.244223
2025-10-30,16P-C,retail,0,0,11,371.52,1.416557
2025-10-30,16P-D,retail,0,0,9,196.75,1.214557
2025-10-30,17-A,retail,1,0,13,465.5,1.103801
2025-10-30,17-B,retail,1,0,15,446.01,1.244223
2025-10-30,17-C,retail,0,0,10,406.23,1.416557
2025-10-30,17-D,retail,0,0,3,215.13,1.214557
2025-10-30,14-A,wholesale,0,0,9,175.45,
2025-10-30,14-B,wholesale,0,0,0,149.13,
2025-10-30,14-C,wholesale,2,0,12,119.3,
2025-10-30,14-D,wholesale,2,0,3,73.69,
2025-10-30,15-A,wholesale,0,0,21,232.08,
2025-10-30,15-B,wholesale,0,0,11,197.27,
2025-10-30,15-C,wholesale,2,0,12,157.82,
2025-10-30,15-D,wholesale,0,1,0,97.48,
2025-10-30,16P-A,wholesale,1,0,8,382.36,
2025-10-30,16P-B,wholesale,0,0,17,325.0,
2025-10-30,16P-C,wholesale,0,0,11,260.0,
2025-10-30,16P-D,wholesale,0,0,9,160.59,
2025-10-30,17-A,wholesale,0,0,12,418.08,
2025-10-30,17-B,wholesale,3,0,14,355.37,
2025-10-30,17-C,wholesale,1,0,10,284.29,
2025-10-30,17-D,wholesale,1,0,3,175.59,
2025-10-31,14-A,retail,1,0,9,241.02,1.362632
2025-10-31,14-B,retail,0,1,0,176.73,1.17549
2025-10-31,14-C,retail,2,0,10,124.1,1.031783
2025-10-31,14-D,retail,0,0,1,94.59,1.273294
2025-10-31,15-A,retail,0,0,21,318.83,1.362632
2025-10-31,15-B,retail,1,0,11,233.78,1.17549
2025-10-31,15-C,retail,0,0,20,164.16,1.031783
2025-10-31,15-D,retail,0,0,0,125.13,1.273294
2025-10-31,16P-A,retail,1,0,7,525.26,1.362632
2025-10-31,16P-B,retail,2,0,17,385.15,1.17549
2025-10-31,16P-C,retail,0,0,11,270.45,1.031783
2025-10-31,16P-D,retail,0,0,9,206.15,1.273294
2025-10-31,17-A,retail,0,0,12,574.34,1.362632
2025-10-31,17-B,retail,1,0,11,421.14,1.17549
2025-10-31,17-C,retail,3,0,9,295.72,1.031783
2025-10-31,17-D,retail,0,0,2,225.41,1.273294
2025-10-31,14-A,wholesale,0,0,8,175.35,
2025-10-31,14-B,wholesale,0,0,0,149.05,
2025-10-31,14-C,wholesale,4,0,8,119.24,
2025-10-31,14-D,wholesale,0,0,1,73.65,
2025-10-31,15-A,wholesale,0,0,21,231.96,
2025-10-31,15-B,wholesale,0,0,10,197.16,
2025-10-31,15-C,wholesale,1,0,20,157.73,
2025-10-31,15-D,wholesale,0,1,0,97.42,
2025-10-31,16P-A,wholesale,0,0,6,382.14,
2025-10-31,16P-B,wholesale,0,0,15,324.82,
2025-10-31,16P-C,wholesale,0,0,11,259.86,
2025-10-31,16P-D,wholesale,0,0,9,160.5,
2025-10-31,17-A,wholesale,0,0,12,417.85,
2025-10-31,17-B,wholesale,0,0,10,355.17,
2025-10-31,17-C,wholesale,0,0,6,284.14,
2025-10-31,17-D,wholesale,0,0,2,175.5,
2025-11-01,14-A,retail,1,0,8,255.21,1.443644
2025-11-01,14-B,retail,1,0,10,219.81,1.462851
2025-11-01,14-C,retail,0,0,4,181.06,1.506181
2025-11-01,14-D,retail,0,0,11,104.07,1.401634
2025-11-01,15-A,retail,0,0,21,337.59,1.443644
2025-11-01,15-B,retail,0,0,10,290.77,1.462851
2025-11-01,15-C,retail,1,0,19,239.51,1.506181
2025-11-01,15-D,retail,0,0,0,137.66,1.401634
2025-11-01,16P-A,retail,2,0,16,556.18,1.443644
2025-11-01,16P-B,retail,1,0,15,479.04,1.462851
2025-11-01,16P-C,retail,0,0,11,394.58,1.506181
2025-11-01,16P-D,retail,0,0,9,226.8,1.401634
2025-11-01,17-A,retail,2,0,12,608.14,1.443644
2025-11-01,17-B,retail,0,0,10,523.8,1.462851
2025-11-01,17-C,retail,0,0,6,431.45,1.506181
2025-11-01,17-D,retail,0,0,3,247.99,1.401634
2025-11-01,14-A,wholesale,0,0,7,175.25,
2025-11-01,14-B,wholesale,0,0,9,148.96,
2025-11-01,14-C,wholesale,0,0,4,119.17,
2025-11-01,14-D,wholesale,0,0,11,73.61,
2025-11-01,15-A,wholesale,0,0,21,231.83,
2025-11-01,15-B,wholesale,0,0,10,197.05,
2025-11-01,15-C,wholesale,1,0,18,157.64,
2025-11-01,15-D,wholesale,0,1,0,97.37,
2025-11-01,16P-A,wholesale,0,0,14,381.93,
2025-11-01,16P-B,wholesale,1,0,14,324.64,
2025-11-01,16P-C,wholesale,0,0,11,259.71,
2025-11-01,16P-D,wholesale,1,0,9,160.41,
2025-11-01,17-A,wholesale,0,0,10,417.61,
2025-11-01,17-B,wholesale,1,0,10,354.97,
2025-11-01,17-C,wholesale,1,0,6,283.98,
2025-11-01,17-D,wholesale,0,0,3,175.4,
2025-11-02,14-A,retail,3,0,7,244.37,1.383115
2025-11-02,14-B,retail,1,0,9,200.19,1.333003
2025-11-02,14-C,retail,0,0,4,165.41,1.376775
2025-11-02,14-D,retail,0,0,11,105.7,1.424432
2025-11-02,15-A,retail,0,0,21,323.26,1.383115
2025-11-02,15-B,retail,0,0,20,264.81,1.333003
2025-11-02,15-C,retail,0,0,17,218.81,1.376775
2025-11-02,15-D,retail,0,0,0,139.82,1.424432
2025-11-02,16P-A,retail,1,0,14,532.56,1.383115
2025-11-02,16P-B,retail,0,0,13,436.28,1.333003
2025-11-02,16P-C,retail,0,0,11,360.48,1.376775
2025-11-02,16P-D,retail,0,0,8,230.36,1.424432
2025-11-02,17-A,retail,1,0,20,582.32,1.383115
2025-11-02,17-B,retail,3,0,9,477.04,1.333003
2025-11-02,17-C,retail,0,0,5,394.16,1.376775
2025-11-02,17-D,retail,0,0,3,251.88,1.424432
2025-11-02,14-A,wholesale,0,0,4,175.15,
2025-11-02,14-B,wholesale,0,0,8,148.88,
2025-11-02,14-C,wholesale,0,0,4,119.1,
2025-11-02,14-D,wholesale,0,0,11,73.56,
2025-11-02,15-A,wholesale,0,0,21,231.7,
2025-11-02,15-B,wholesale,0,0,20,196.94,
2025-11-02,15-C,wholesale,0,0,17,157.55,
2025-11-02,15-D,wholesale,0,1,0,97.31,
2025-11-02,16P-A,wholesale,0,0,13,381.72,
2025-11-02,16P-B,wholesale,0,0,13,324.46,
2025-11-02,16P-C,wholesale,1,0,11,259.57,
2025-11-02,16P-D,wholesale,2,0,8,160.32,
2025-11-02,17-A,wholesale,1,0,19,417.38,
2025-11-02,17-B,wholesale,1,0,6,354.77,
2025-11-02,17-C,wholesale,0,0,5,283.82,
2025-11-02,17-D,wholesale,2,0,3,175.3,
2025-11-03,14-A,retail,0,0,4,211.64,1.198557
2025-11-03,14-B,retail,0,0,8,195.08,1.299687
2025-11-03,14-C,retail,1,0,4,149.48,1.244865
2025-11-03,14-D,retail,0,0,11,92.06,1.241236
2025-11-03,15-A,retail,0,0,21,279.97,1.198557
2025-11-03,15-B,retail,1,0,20,258.05,1.299687
2025-11-03,15-C,retail,0,0,17,197.73,1.244865
2025-11-03,15-D,retail,0,0,10,121.77,1.241236
2025-11-03,16P-A,retail,0,0,13,461.24,1.198557
2025-11-03,16P-B,retail,1,0,13,425.13,1.299687
2025-11-03,16P-C,retail,0,0,25,325.76,1.244865
2025-11-03,16P-D,retail,0,0,7,200.62,1.241236
2025-11-03,17-A,retail,0,0,18,504.34,1.198557
2025-11-03,17-B,retail,2,0,5,464.86,1.299687
2025-11-03,17-C,retail,0,0,5,356.2,1.244865
2025-11-03,17-D,retail,0,0,1,219.36,1.241236
2025-11-03,14-A,wholesale,0,0,4,175.06,
2025-11-03,14-B,wholesale,0,0,8,148.8,
2025-11-03,14-C,wholesale,3,0,3,119.04,
2025-11-03,14-D,wholesale,0,0,11,73.52,
2025-11-03,15-A,wholesale,1,0,21,231.57,
2025-11-03,15-B,wholesale,0,0,19,196.83,
2025-11-03,15-C,wholesale,0,0,17,157.47,
2025-11-03,15-D,wholesale,1,0,10,97.26,
2025-11-03,16P-A,wholesale,0,0,13,381.5,
2025-11-03,16P-B,wholesale,0,0,12,324.28,
2025-11-03,16P-C,wholesale,0,0,25,259.42,
2025-11-03,16P-D,wholesale,3,0,7,160.23,
2025-11-03,17-A,wholesale,0,0,18,417.15,
2025-11-03,17-B,wholesale,0,0,3,354.58,
2025-11-03,17-C,wholesale,1,0,5,283.66,
2025-11-03,17-D,wholesale,0,0,1,175.2,
2025-11-04,14-A,retail,0,0,4,248.98,1.410788
2025-11-04,14-B,retail,0,0,8,174.77,1.165057
2025-11-04,14-C,retail,0,1,0,126.5,1.054109
2025-11-04,14-D,retail,1,0,11,108.66,1.46592
2025-11-04,15-A,retail,3,0,20,329.36,1.410788
2025-11-04,15-B,retail,1,0,34,231.19,1.165057
2025-11-04,15-C,retail,2,0,17,167.34,1.054109
2025-11-04,15-D,retail,0,0,9,143.74,1.46592
2025-11-04,16P-A,retail,0,0,13,542.61,1.410788
2025-11-04,16P-B,retail,3,0,27,380.88,1.165057
2025-11-04,16P-C,retail,0,0,25,275.69,1.054109
2025-11-04,16P-D,retail,0,0,15,236.8,1.46592
2025-11-04,17-A,retail,1,0,18,593.31,1.410788
2025-11-04,17-B,retail,1,0,13,416.47,1.165057
2025-11-04,17-C,retail,0,0,4,301.45,1.054109
2025-11-04,17-D,retail,0,0,1,258.93,1.46592
2025-11-04,14-A,wholesale,0,0,4,174.96,
2025-11-04,14-B,wholesale,0,0,8,148.71,
2025-11-04,14-C,wholesale,0,0,0,118.97,
2025-11-04,14-D,wholesale,0,0,10,73.48,
2025-11-04,15-A,wholesale,0,0,17,231.44,
2025-11-04,15-B,wholesale,1,0,33,196.72,
2025-11-04,15-C,wholesale,1,0,15,157.38,
2025-11-04,15-D,wholesale,0,0,9,97.2,
2025-11-04,16P-A,wholesale,0,0,13,381.29,
2025-11-04,16P-B,wholesale,2,0,24,324.1,
2025-11-04,16P-C,wholesale,0,0,25,259.28,
2025-11-04,16P-D,wholesale,0,0,15,160.14,
2025-11-04,17-A,wholesale,0,0,17,416.91,
2025-11-04,17-B,wholesale,0,0,12,354.38,
2025-11-04,17-C,wholesale,0,0,4,283.5,
2025-11-04,17-D,wholesale,0,0,1,175.1,
2025-11-05,14-A,retail,0,0,4,212.28,1.203503
2025-11-05,14-B,retail,2,0,8,206.61,1.378099
2025-11-05,14-C,retail,0,0,10,196.74,1.640278
2025-11-05,14-D,retail,0,0,10,100.29,1.353791
2025-11-05,15-A,retail,0,0,27,280.81,1.203503
2025-11-05,15-B,retail,0,0,32,273.31,1.378099
2025-11-05,15-C,retail,0,0,14,260.25,1.640278
2025-11-05,15-D,retail,2,0,9,132.67,1.353791
2025-11-05,16P-A,retail,0,0,23,462.63,1.203503
2025-11-05,16P-B,retail,0,0,22,450.28,1.378099
2025-11-05,16P-C,retail,0,0,25,428.76,1.640278
2025-11-05,16P-D,retail,0,0,15,218.57,1.353791
2025-11-05,17-A,retail,2,0,17,505.85,1.203503
2025-11-05,17-B,retail,0,0,12,492.35,1.378099
2025-11-05,17-C,retail,0,0,4,468.82,1.640278
2025-11-05,17-D,retail,0,0,1,238.99,1.353791
2025-11-05,14-A,wholesale,0,0,4,174.86,
2025-11-05,14-B,wholesale,1,0,6,148.63,
2025-11-05,14-C,wholesale,2,0,10,118.9,
2025-11-05,14-D,wholesale,1,0,10,73.44,
2025-11-05,15-A,wholesale,0,0,27,231.31,
2025-11-05,15-B,wholesale,1,0,32,196.61,
2025-11-05,15-C,wholesale,3,0,14,157.29,
2025-11-05,15-D,wholesale,0,0,7,97.15,
2025-11-05,16P-A,wholesale,0,0,23,381.08,
2025-11-05,16P-B,wholesale,1,0,22,323.92,
2025-11-05,16P-C,wholesale,1,0,25,259.13,
2025-11-05,16P-D,wholesale,0,0,15,160.05,
2025-11-05,17-A,wholesale,0,0,15,416.68,
2025-11-05,17-B,wholesale,1,0,12,354.18,
2025-11-05,17-C,wholesale,0,0,4,283.34,
2025-11-05,17-D,wholesale,0,0,1,175.01,
2025-11-06,14-A,retail,2,0,4,228.64,1.296984
2025-11-06,14-B,retail,2,0,5,173.02,1.154638
2025-11-06,14-C,retail,0,0,8,182.02,1.518403
2025-11-06,14-D,retail,1,0,10,90.22,1.218462
2025-11-06,15-A,retail,0,0,28,302.45,1.296984
2025-11-06,15-B,retail,1,0,31,228.87,1.154638
2025-11-06,15-C,retail,1,0,11,240.78,1.518403
2025-11-06,15-D,retail,0,0,7,119.34,1.218462
2025-11-06,16P-A,retail,0,0,23,498.28,1.296984
2025-11-06,16P-B,retail,0,0,21,377.06,1.154638
2025-11-06,16P-C,retail,0,0,24,396.68,1.518403
2025-11-06,16P-D,retail,0,0,15,196.61,1.218462
2025-11-06,17-A,retail,0,0,15,544.84,1.296984
2025-11-06,17-B,retail,2,0,11,412.29,1.154638
2025-11-06,17-C,retail,0,0,4,433.74,1.518403
2025-11-06,17-D,retail,0,0,11,214.98,1.218462
2025-11-06,14-A,wholesale,0,0,2,174.76,
2025-11-06,14-B,wholesale,0,0,3,148.55,
2025-11-06,14-C,wholesale,0,0,8,118.84,
2025-11-06,14-D,wholesale,0,0,9,73.4,
2025-11-06,15-A,wholesale,2,0,28,231.18,
2025-11-06,15-B,wholesale,3,0,30,196.5,
2025-11-06,15-C,wholesale,0,0,10,157.2,
2025-11-06,15-D,wholesale,3,0,7,97.1,
2025-11-06,16P-A,wholesale,0,0,23,380.86,
2025-11-06,16P-B,wholesale,2,0,21,323.73,
2025-11-06,16P-C,wholesale,0,0,24,258.99,
2025-11-06,16P-D,wholesale,2,0,15,159.96,
2025-11-06,17-A,wholesale,0,0,15,416.45,
2025-11-06,17-B,wholesale,1,0,9,353.98,
2025-11-06,17-C,wholesale,0,0,4,283.19,
2025-11-06,17-D,wholesale,0,0,11,174.91,
2025-11-07,14-A,retail,0,0,2,227.99,1.294031
2025-11-07,14-B,retail,0,0,3,192.02,1.282202
2025-11-07,14-C,retail,0,0,8,159.57,1.331865
2025-11-07,14-D,retail,0,0,9,105.69,1.428275
2025-11-07,15-A,retail,1,0,26,301.59,1.294031
2025-11-07,15-B,retail,2,0,27,254.01,1.282202
2025-11-07,15-C,retail,0,0,10,211.08,1.331865
2025-11-07,15-D,retail,0,0,14,139.81,1.428275
2025-11-07,16P-A,retail,3,0,23,496.87,1.294031
2025-11-07,16P-B,retail,1,0,19,418.48,1.282202
2025-11-07,16P-C,retail,0,0,24,347.75,1.331865
2025-11-07,16P-D,retail,0,0,13,230.34,1.428275
2025-11-07,17-A,retail,0,0,15,543.29,1.294031
2025-11-07,17-B,retail,0,0,8,457.58,1.282202
2025-11-07,17-C,retail,0,0,5,380.24,1.331865
2025-11-07,17-D,retail,0,0,11,251.86,1.428275
2025-11-07,14-A,wholesale,0,0,2,174.67,
2025-11-07,14-B,wholesale,0,0,3,148.47,
2025-11-07,14-C,wholesale,1,0,8,118.77,
2025-11-07,14-D,wholesale,1,0,9,73.36,
2025-11-07,15-A,wholesale,0,0,25,231.05,
2025-11-07,15-B,wholesale,1,0,25,196.39,
2025-11-07,15-C,wholesale,3,0,10,157.11,
2025-11-07,15-D,wholesale,1,0,14,97.04,
2025-11-07,16P-A,wholesale,0,0,20,380.65,
2025-11-07,16P-B,wholesale,1,0,18,323.55,
2025-11-07,16P-C,wholesale,0,0,24,258.84,
2025-11-07,16P-D,wholesale,2,0,13,159.87,
2025-11-07,17-A,wholesale,0,0,15,416.22,
2025-11-07,17-B,wholesale,1,0,8,353.78,
2025-11-07,17-C,wholesale,0,0,5,283.03,
2025-11-07,17-D,wholesale,0,0,11,174.81,
2025-11-08,14-A,retail,1,0,2,201.57,1.1447
2025-11-08,14-B,retail,1,0,18,172.11,1.149858
2025-11-08,14-C,retail,1,0,7,159.63,1.33316
2025-11-08,14-D,retail,1,0,8,91.54,1.237685
2025-11-08,15-A,retail,0,0,25,266.64,1.1447
2025-11-08,15-B,retail,0,0,24,227.67,1.149858
2025-11-08,15-C,retail,0,0,17,211.17,1.33316
2025-11-08,15-D,retail,1,0,13,121.09,1.237685
2025-11-08,16P-A,retail,1,0,20,439.29,1.1447
2025-11-08,16P-B,retail,2,0,17,375.08,1.149858
2025-11-08,16P-C,retail,3,0,24,347.89,1.33316
2025-11-08,16P-D,retail,1,0,11,199.49,1.237685
2025-11-08,17-A,retail,1,0,15,480.33,1.1447
2025-11-08,17-B,retail,1,0,7,410.12,1.149858
2025-11-08,17-C,retail,0,0,6,380.4,1.33316
2025-11-08,17-D,retail,0,0,11,218.13,1.237685
2025-11-08,14-A,wholesale,0,0,1,174.57,
2025-11-08,14-B,wholesale,0,0,17,148.38,
2025-11-08,14-C,wholesale,0,0,6,118.71,
2025-11-08,14-D,wholesale,1,0,7,73.32,
2025-11-08,15-A,wholesale,0,0,25,230.92,
2025-11-08,15-B,wholesale,2,0,24,196.28,
2025-11-08,15-C,wholesale,0,0,17,157.03,
2025-11-08,15-D,wholesale,1,0,12,96.99,
2025-11-08,16P-A,wholesale,1,0,19,380.44,
2025-11-08,16P-B,wholesale,0,0,15,323.37,
2025-11-08,16P-C,wholesale,1,0,21,258.7,
2025-11-08,16P-D,wholesale,0,0,10,159.78,
2025-11-08,17-A,wholesale,0,0,14,415.98,
2025-11-08,17-B,wholesale,3,0,6,353.59,
2025-11-08,17-C,wholesale,1,0,6,282.87,
2025-11-08,17-D,wholesale,0,0,11,174.71,
2025-11-09,14-A,retail,0,0,16,223.51,1.270003
2025-11-09,14-B,retail,0,0,17,197.33,1.319136
2025-11-09,14-C,retail,0,0,6,175.95,1.470276
2025-11-09,14-D,retail,0,0,6,110.89,1.500213
2025-11-09,15-A,retail,0,0,25,295.66,1.270003
2025-11-09,15-B,retail,2,0,22,261.04,1.319136
2025-11-09,15-C,retail,0,0,17,232.76,1.470276
2025-11-09,15-D,retail,0,0,11,146.69,1.500213
2025-11-09,16P-A,retail,0,0,18,487.1,1.270003
2025-11-09,16P-B,retail,2,0,15,430.05,1.319136
2025-11-09,16P-C,retail,0,0,20,383.46,1.470276
2025-11-09,16P-D,retail,0,0,20,241.67,1.500213
2025-11-09,17-A,retail,2,0,14,532.61,1.270003
2025-11-09,17-B,retail,0,0,3,470.23,1.319136
2025-11-09,17-C,retail,0,0,5,419.29,1.470276
2025-11-09,17-D,retail,0,0,11,264.25,1.500213
2025-11-09,14-A,wholesale,1,0,16,174.47,
2025-11-09,14-B,wholesale,0,0,17,148.3,
2025-11-09,14-C,wholesale,0,0,6,118.64,
2025-11-09,14-D,wholesale,1,0,6,73.28,
2025-11-09,15-A,wholesale,0,0,25,230.79,
2025-11-09,15-B,wholesale,1,0,20,196.17,
2025-11-09,15-C,wholesale,0,0,17,156.94,
2025-11-09,15-D,wholesale,2,0,11,96.93,
2025-11-09,16P-A,wholesale,0,0,18,380.23,
2025-11-09,16P-B,wholesale,0,0,13,323.19,
2025-11-09,16P-C,wholesale,1,0,20,258.55,
2025-11-09,16P-D,wholesale,0,0,20,159.7,
2025-11-09,17-A,wholesale,0,0,12,415.75,
2025-11-09,17-B,wholesale,0,0,3,353.39,
2025-11-09,17-C,wholesale,1,0,5,282.71,
2025-11-09,17-D,wholesale,0,0,11,174.62,
2025-11-10,14-A,retail,0,0,25,234.02,1.330466
2025-11-10,14-B,retail,1,0,17,172.09,1.151062
2025-11-10,14-C,retail,1,0,6,143.94,1.203456
2025-11-10,14-D,retail,0,0,5,104.28,1.411564
2025-11-10,15-A,retail,1,0,25,309.57,1.330466
2025-11-10,15-B,retail,2,0,19,227.65,1.151062
2025-11-10,15-C,retail,0,0,17,190.41,1.203456
2025-11-10,15-D,retail,0,0,9,137.94,1.411564
2025-11-10,16P-A,retail,1,0,18,510.01,1.330466
2025-11-10,16P-B,retail,2,0,13,375.05,1.151062
2025-11-10,16P-C,retail,0,0,19,313.7,1.203456
2025-11-10,16P-D,retail,0,0,20,227.26,1.411564
2025-11-10,17-A,retail,2,0,12,557.66,1.330466
2025-11-10,17-B,retail,1,0,3,410.09,1.151062
2025-11-10,17-C,retail,1,0,5,343.01,1.203456
2025-11-10,17-D,retail,0,0,11,248.49,1.411564
2025-11-10,14-A,wholesale,0,0,25,174.37,
2025-11-10,14-B,wholesale,1,0,16,148.22,
2025-11-10,14-C,wholesale,0,0,5,118.57,
2025-11-10,14-D,wholesale,0,0,5,73.24,
2025-11-10,15-A,wholesale,0,0,24,230.66,
2025-11-10,15-B,wholesale,1,0,17,196.06,
2025-11-10,15-C,wholesale,0,0,17,156.85,
2025-11-10,15-D,wholesale,0,0,9,96.88,
2025-11-10,16P-A,wholesale,1,0,17,380.01,
2025-11-10,16P-B,wholesale,1,0,11,323.01,
2025-11-10,16P-C,wholesale,0,0,19,258.41,
2025-11-10,16P-D,wholesale,1,0,20,159.61,
2025-11-10,17-A,wholesale,0,0,10,415.52,
2025-11-10,17-B,wholesale,1,0,2,353.19,
2025-11-10,17-C,wholesale,1,0,4,282.55,
2025-11-10,17-D,wholesale,0,0,11,174.52,
2025-11-11,14-A,retail,0,0,25,226.41,1.287896
2025-11-11,14-B,retail,1,0,15,181.91,1.217399
2025-11-11,14-C,retail,0,0,5,166.63,1.393934
2025-11-11,14-D,retail,0,0,15,104.25,1.412014
2025-11-11,15-A,retail,0,0,24,299.49,1.287896
2025-11-11,15-B,retail,0,0,26,240.64,1.217399
2025-11-11,15-C,retail,0,0,17,220.42,1.393934
2025-11-11,15-D,retail,1,0,9,137.91,1.412014
2025-11-11,16P-A,retail,0,0,16,493.41,1.287896
2025-11-11,16P-B,retail,1,0,11,396.44,1.217399
2025-11-11,16P-C,retail,0,0,19,363.14,1.393934
2025-11-11,16P-D,retail,0,0,19,227.2,1.412014
2025-11-11,17-A,retail,1,0,10,539.51,1.287896
2025-11-11,17-B,retail,0,0,1,433.48,1.217399
2025-11-11,17-C,retail,0,0,3,397.07,1.393934
2025-11-11,17-D,retail,0,0,11,248.43,1.412014
2025-11-11,14-A,wholesale,0,0,25,174.28,
2025-11-11,14-B,wholesale,0,0,14,148.13,
2025-11-11,14-C,wholesale,1,0,5,118.51,
2025-11-11,14-D,wholesale,0,0,15,73.2,
2025-11-11,15-A,wholesale,0,0,24,230.53,
2025-11-11,15-B,wholesale,0,0,26,195.95,
2025-11-11,15-C,wholesale,0,0,17,156.76,
2025-11-11,15-D,wholesale,0,0,8,96.82,
2025-11-11,16P-A,wholesale,0,0,16,379.8,
2025-11-11,16P-B,wholesale,1,0,10,322.83,
2025-11-11,16P-C,wholesale,3,0,19,258.27,
2025-11-11,16P-D,wholesale,6,0,19,159.52,
2025-11-11,17-A,wholesale,0,0,9,415.29,
2025-11-11,17-B,wholesale,0,0,1,352.99,
2025-11-11,17-C,wholesale,0,0,3,282.4,
2025-11-11,17-D,wholesale,0,0,11,174.42,
2025-11-12,14-A,retail,0,0,25,223.53,1.272235
2025-11-12,14-B,retail,1,0,14,193.19,1.29363
2025-11-12,14-C,retail,0,0,4,171.26,1.433415
2025-11-12,14-D,retail,0,0,15,108.17,1.465896
2025-11-12,15-A,retail,0,0,24,295.69,1.272235
2025-11-12,15-B,retail,1,0,26,255.56,1.29363
2025-11-12,15-C,retail,1,0,17,226.54,1.433415
2025-11-12,15-D,retail,0,0,8,143.09,1.465896
2025-11-12,16P-A,retail,0,0,16,487.14,1.272235
2025-11-12,16P-B,retail,1,0,9,421.03,1.29363
2025-11-12,16P-C,retail,0,0,16,373.22,1.433415
2025-11-12,16P-D,retail,0,0,13,235.74,1.465896
2025-11-12,17-A,retail,0,0,9,532.65,1.272235
2025-11-12,17-B,retail,0,0,1,460.37,1.29363
2025-11-12,17-C,retail,1,0,3,408.09,1.433415
2025-11-12,17-D,retail,0,0,11,257.77,1.465896
2025-11-12,14-A,wholesale,0,0,25,174.18,
2025-11-12,14-B,wholesale,1,0,13,148.05,
2025-11-12,14-C,wholesale,1,0,4,118.44,
2025-11-12,14-D,wholesale,0,0,15,73.15,
2025-11-12,15-A,wholesale,1,0,24,230.41,
2025-11-12,15-B,wholesale,0,0,25,195.85,
2025-11-12,15-C,wholesale,0,0,16,156.68,
2025-11-12,15-D,wholesale,0,0,8,96.77,
2025-11-12,16P-A,wholesale,0,0,16,379.59,
2025-11-12,16P-B,wholesale,0,0,8,322.65,
2025-11-12,16P-C,wholesale,0,0,16,258.12,
2025-11-12,16P-D,wholesale,1,0,13,159.43,
2025-11-12,17-A,wholesale,0,0,9,415.06,
2025-11-12,17-B,wholesale,0,0,1,352.8,
2025-11-12,17-C,wholesale,0,0,2,282.24,
2025-11-12,17-D,wholesale,1,0,11,174.32,
2025-11-13,14-A,retail,0,0,25,245.94,1.400567
2025-11-13,14-B,retail,1,0,12,236.55,1.584844
2025-11-13,14-C,retail,0,0,3,165.14,1.382977
2025-11-13,14-D,retail,0,0,15,94.59,1.282615
2025-11-13,15-A,retail,1,0,23,325.33,1.400567
2025-11-13,15-B,retail,0,0,25,312.92,1.584844
2025-11-13,15-C,retail,0,0,26,218.45,1.382977
2025-11-13,15-D,retail,0,0,18,125.13,1.282615
2025-11-13,16P-A,retail,1,0,16,535.98,1.400567
2025-11-13,16P-B,retail,0,0,8,515.52,1.584844
2025-11-13,16P-C,retail,0,0,16,359.89,1.382977
2025-11-13,16P-D,retail,0,0,12,206.15,1.282615
2025-11-13,17-A,retail,0,0,9,586.06,1.400567
2025-11-13,17-B,retail,0,0,1,563.69,1.584844
2025-11-13,17-C,retail,0,0,2,393.51,1.382977
2025-11-13,17-D,retail,0,0,20,225.41,1.282615
2025-11-13,14-A,wholesale,0,0,25,174.08,
2025-11-13,14-B,wholesale,0,0,11,147.97,
2025-11-13,14-C,wholesale,0,0,3,118.37,
2025-11-13,14-D,wholesale,0,0,15,73.11,
2025-11-13,15-A,wholesale,0,0,22,230.28,
2025-11-13,15-B,wholesale,2,0,25,195.74,
2025-11-13,15-C,wholesale,2,0,26,156.59,
2025-11-13,15-D,wholesale,0,0,18,96.72,
2025-11-13,16P-A,wholesale,1,0,15,379.38,
2025-11-13,16P-B,wholesale,0,0,8,322.47,
2025-11-13,16P-C,wholesale,2,0,16,257.98,
2025-11-13,16P-D,wholesale,1,0,12,159.34,
2025-11-13,17-A,wholesale,1,0,9,414.82,
2025-11-13,17-B,wholesale,1,1,1,352.6,
2025-11-13,17-C,wholesale,0,0,2,282.08,
2025-11-13,17-D,wholesale,0,0,20,174.23,
2025-11-14,14-A,retail,0,0,25,252.05,1.436175
2025-11-14,14-B,retail,1,0,21,234.39,1.571219
2025-11-14,14-C,retail,2,0,18,131.32,1.100409
2025-11-14,14-D,retail,0,0,15,104.19,1.413505
2025-11-14,15-A,retail,0,0,22,333.42,1.436175
2025-11-14,15-B,retail,1,0,23,310.05,1.571219
2025-11-14,15-C,retail,2,0,24,173.72,1.100409
2025-11-14,15-D,retail,0,0,18,137.82,1.413505
2025-11-14,16P-A,retail,0,0,14,549.3,1.436175
2025-11-14,16P-B,retail,0,0,18,510.81,1.571219
2025-11-14,16P-C,retail,2,0,14,286.2,1.100409
2025-11-14,16P-D,retail,0,0,11,227.06,1.413505
2025-11-14,17-A,retail,0,0,8,600.62,1.436175
2025-11-14,17-B,retail,0,0,0,558.53,1.571219
2025-11-14,17-C,retail,0,0,2,312.94,1.100409
2025-11-14,17-D,retail,0,0,20,248.28,1.413505
2025-11-14,14-A,wholesale,0,0,25,173.98,
2025-11-14,14-B,wholesale,1,0,20,147.89,
2025-11-14,14-C,wholesale,0,0,16,118.31,
2025-11-14,14-D,wholesale,0,0,15,73.07,
2025-11-14,15-A,wholesale,0,0,22,230.15,
2025-11-14,15-B,wholesale,0,0,22,195.63,
2025-11-14,15-C,wholesale,2,0,22,156.5,
2025-11-14,15-D,wholesale,0,0,18,96.66,
2025-11-14,16P-A,wholesale,0,0,14,379.17,
2025-11-14,16P-B,wholesale,0,0,18,322.29,
2025-11-14,16P-C,wholesale,4,0,12,257.83,
2025-11-14,16P-D,wholesale,0,0,11,159.25,
2025-11-14,17-A,wholesale,0,0,8,414.59,
2025-11-14,17-B,wholesale,0,1,0,352.4,
2025-11-14,17-C,wholesale,0,0,2,281.92,
2025-11-14,17-D,wholesale,0,0,20,174.13,
2025-11-15,14-A,retail,0,0,25,223.57,1.274616
2025-11-15,14-B,retail,2,0,19,185.07,1.241309
2025-11-15,14-C,retail,0,0,16,154.75,1.297441
2025-11-15,14-D,retail,0,0,15,93.12,1.264004
2025-11-15,15-A,retail,1,0,22,295.74,1.274616
2025-11-15,15-B,retail,2,0,22,244.81,1.241309
2025-11-15,15-C,retail,0,0,20,204.71,1.297441
2025-11-15,15-D,retail,0,0,18,123.18,1.264004
2025-11-15,16P-A,retail,1,0,14,487.23,1.274616
2025-11-15,16P-B,retail,1,0,18,403.33,1.241309
2025-11-15,16P-C,retail,0,0,8,337.25,1.297441
2025-11-15,16P-D,retail,0,0,11,202.93,1.264004
2025-11-15,17-A,retail,0,0,8,532.76,1.274616
2025-11-15,17-B,retail,0,1,0,441.01,1.241309
2025-11-15,17-C,retail,2,0,12,368.76,1.297441
2025-11-15,17-D,retail,0,0,20,221.9,1.264004
2025-11-15,14-A,wholesale,1,0,25,173.89,
2025-11-15,14-B,wholesale,1,0,17,147.8,
2025-11-15,14-C,wholesale,0,0,16,118.24,
2025-11-15,14-D,wholesale,1,0,15,73.03,
2025-11-15,15-A,wholesale,0,0,21,230.02,
2025-11-15,15-B,wholesale,1,0,20,195.52,
2025-11-15,15-C,wholesale,1,0,20,156.41,
2025-11-15,15-D,wholesale,1,0,18,96.61,
2025-11-15,16P-A,wholesale,0,0,13,378.95,
2025-11-15,16P-B,wholesale,0,0,17,322.11,
2025-11-15,16P-C,wholesale,2,0,8,257.69,
2025-11-15,16P-D,wholesale,0,0,11,159.16,
2025-11-15,17-A,wholesale,1,0,8,414.36,
2025-11-15,17-B,wholesale,0,1,0,352.21,
2025-11-15,17-C,wholesale,2,0,10,281.77,
2025-11-15,17-D,wholesale,0,0,20,174.03,
2025-11-16,14-A,retail,3,0,24,228.69,1.304504
2025-11-16,14-B,retail,0,0,16,217.6,1.460344
2025-11-16,14-C,retail,0,0,16,149.31,1.25254
2025-11-16,14-D,retail,0,0,14,82.37,1.118792
2025-11-16,15-A,retail,0,0,21,302.51,1.304504
2025-11-16,15-B,retail,2,0,19,287.85,1.460344
2025-11-16,15-C,retail,0,0,19,197.51,1.25254
2025-11-16,15-D,retail,0,0,17,108.97,1.118792
2025-11-16,16P-A,retail,1,0,13,498.38,1.304504
2025-11-16,16P-B,retail,0,0,17,474.23,1.460344
2025-11-16,16P-C,retail,0,0,6,325.4,1.25254
2025-11-16,16P-D,retail,0,0,21,179.52,1.118792
2025-11-16,17-A,retail,0,0,7,544.95,1.304504
2025-11-16,17-B,retail,0,0,0,518.54,1.460344
2025-11-16,17-C,retail,0,0,8,355.8,1.25254
2025-11-16,17-D,retail,0,0,20,196.29,1.118792
2025-11-16,14-A,wholesale,0,0,21,173.79,
2025-11-16,14-B,wholesale,0,0,16,147.72,
2025-11-16,14-C,wholesale,0,0,16,118.18,
2025-11-16,14-D,wholesale,0,0,14,72.99,
2025-11-16,15-A,wholesale,0,0,21,229.89,
2025-11-16,15-B,wholesale,1,0,17,195.41,
2025-11-16,15-C,wholesale,4,0,19,156.33,
2025-11-16,15-D,wholesale,0,0,17,96.55,
2025-11-16,16P-A,wholesale,0,0,12,378.74,
2025-11-16,16P-B,wholesale,0,0,17,321.93,
2025-11-16,16P-C,wholesale,0,0,6,257.55,
2025-11-16,16P-D,wholesale,2,0,21,159.07,
2025-11-16,17-A,wholesale,0,0,7,414.13,
2025-11-16,17-B,wholesale,0,1,0,352.01,
2025-11-16,17-C,wholesale,0,0,8,281.61,
2025-11-16,17-D,wholesale,0,0,20,173.93,
2025-11-17,14-A,retail,2,0,21,207.61,1.184953
2025-11-17,14-B,retail,0,0,16,183.95,1.23521
2025-11-17,14-C,retail,0,0,16,144.89,1.216139
2025-11-17,14-D,retail,0,0,14,101.85,1.384139
2025-11-17,15-A,retail,2,0,31,274.63,1.184953
2025-11-17,15-B,retail,1,0,16,243.34,1.23521
2025-11-17,15-C,retail,0,0,15,191.67,1.216139
2025-11-17,15-D,retail,0,0,17,134.74,1.384139
2025-11-17,16P-A,retail,0,0,12,452.45,1.184953
2025-11-17,16P-B,retail,4,0,18,400.9,1.23521
2025-11-17,16P-C,retail,2,0,6,315.77,1.216139
2025-11-17,16P-D,retail,0,0,19,221.97,1.384139
2025-11-17,17-A,retail,0,0,7,494.73,1.184953
2025-11-17,17-B,retail,0,0,0,438.35,1.23521
2025-11-17,17-C,retail,0,0,8,345.27,1.216139
2025-11-17,17-D,retail,0,0,20,242.71,1.384139
2025-11-17,14-A,wholesale,2,0,19,173.69,
2025-11-17,14-B,wholesale,0,0,16,147.64,
2025-11-17,14-C,wholesale,0,0,16,118.11,
2025-11-17,14-D,wholesale,1,0,14,72.95,
2025-11-17,15-A,wholesale,0,0,29,229.76,
2025-11-17,15-B,wholesale,0,0,15,195.3,
2025-11-17,15-C,wholesale,0,0,15,156.24,
2025-11-17,15-D,wholesale,1,0,17,96.5,
2025-11-17,16P-A,wholesale,0,0,12,378.53,
2025-11-17,16P-B,wholesale,1,0,14,321.75,
2025-11-17,16P-C,wholesale,3,0,4,257.4,
2025-11-17,16P-D,wholesale,2,0,19,158.98,
2025-11-17,17-A,wholesale,0,0,7,413.9,
2025-11-17,17-B,wholesale,0,0,0,351.81,
2025-11-17,17-C,wholesale,0,0,8,281.45,
2025-11-17,17-D,wholesale,0,0,20,173.84,
2025-11-18,14-A,retail,0,0,17,229.74,1.312004
2025-11-18,14-B,retail,0,0,17,198.49,1.333538
2025-11-18,14-C,retail,0,0,16,155.3,1.304191
2025-11-18,14-D,retail,0,0,13,94.87,1.289906
2025-11-18,15-A,retail,1,0,29,303.91,1.312004
2025-11-18,15-B,retail,2,0,15,262.56,1.333538
2025-11-18,15-C,retail,1,0,15,205.43,1.304191
2025-11-18,15-D,retail,0,0,17,125.49,1.289906
2025-11-18,16P-A,retail,1,0,22,500.69,1.312004
2025-11-18,16P-B,retail,1,0,33,432.57,1.333538
2025-11-18,16P-C,retail,0,0,1,338.44,1.304191
2025-11-18,16P-D,retail,0,0,17,206.75,1.289906
2025-11-18,17-A,retail,0,0,7,547.47,1.312004
2025-11-18,17-B,retail,0,0,10,472.98,1.333538
2025-11-18,17-C,retail,0,0,8,370.06,1.304191
2025-11-18,17-D,retail,0,0,20,226.06,1.289906
2025-11-18,14-A,wholesale,0,0,17,173.6,
2025-11-18,14-B,wholesale,1,0,17,147.56,
2025-11-18,14-C,wholesale,0,0,16,118.04,
2025-11-18,14-D,wholesale,0,0,13,72.91,
2025-11-18,15-A,wholesale,0,0,28,229.64,
2025-11-18,15-B,wholesale,1,0,13,195.19,
2025-11-18,15-C,wholesale,0,0,14,156.15,
2025-11-18,15-D,wholesale,0,0,17,96.45,
2025-11-18,16P-A,wholesale,0,0,21,378.32,
2025-11-18,16P-B,wholesale,0,0,32,321.57,
2025-11-18,16P-C,wholesale,0,0,1,257.26,
2025-11-18,16P-D,wholesale,0,0,17,158.89,
2025-11-18,17-A,wholesale,0,0,7,413.67,
2025-11-18,17-B,wholesale,0,0,10,351.62,
2025-11-18,17-C,wholesale,0,0,8,281.29,
2025-11-18,17-D,wholesale,1,0,20,173.74,
2025-11-19,14-A,retail,4,0,17,262.38,1.499211
2025-11-19,14-B,retail,2,0,16,189.88,1.276397
2025-11-19,14-C,retail,0,0,16,152.84,1.284267
2025-11-19,14-D,retail,1,0,13,99.88,1.35889
2025-11-19,15-A,retail,0,0,28,347.08,1.499211
2025-11-19,15-B,retail,0,0,12,251.17,1.276397
2025-11-19,15-C,retail,0,0,14,202.18,1.284267
2025-11-19,15-D,retail,0,0,17,132.13,1.35889
2025-11-19,16P-A,retail,0,0,21,571.81,1.499211
2025-11-19,16P-B,retail,2,0,32,413.8,1.276397
2025-11-19,16P-C,retail,1,0,1,333.08,1.284267
2025-11-19,16P-D,retail,0,0,17,217.68,1.35889
2025-11-19,17-A,retail,0,0,7,625.23,1.499211
2025-11-19,17-B,retail,0,0,25,452.46,1.276397
2025-11-19,17-C,retail,0,0,8,364.2,1.284267
2025-11-19,17-D,retail,0,0,19,238.02,1.35889
2025-11-19,14-A,wholesale,1,0,13,173.5,
2025-11-19,14-B,wholesale,0,0,14,147.47,
2025-11-19,14-C,wholesale,0,0,16,117.98,
2025-11-19,14-D,wholesale,3,0,12,72.87,
2025-11-19,15-A,wholesale,0,0,28,229.51,
2025-11-19,15-B,wholesale,3,0,12,195.08,
2025-11-19,15-C,wholesale,1,0,14,156.06,
2025-11-19,15-D,wholesale,1,0,17,96.39,
2025-11-19,16P-A,wholesale,0,0,21,378.11,
2025-11-19,16P-B,wholesale,1,0,30,321.39,
2025-11-19,16P-C,wholesale,0,1,0,257.11,
2025-11-19,16P-D,wholesale,2,0,17,158.81,
2025-11-19,17-A,wholesale,0,0,7,413.44,
2025-11-19,17-B,wholesale,0,0,25,351.42,
2025-11-19,17-C,wholesale,2,0,8,281.14,
2025-11-19,17-D,wholesale,1,0,19,173.64,
2025-11-20,14-A,retail,0,0,12,248.67,1.421666
2025-11-20,14-B,retail,0,0,14,195.86,1.317379
2025-11-20,14-C,retail,1,0,16,143.29,1.204679
2025-11-20,14-D,retail,0,0,9,80.67,1.098111
2025-11-20,15-A,retail,0,0,28,328.94,1.421666
2025-11-20,15-B,retail,1,0,9,259.09,1.317379
2025-11-20,15-C,retail,1,0,23,189.54,1.204679
2025-11-20,15-D,retail,0,0,16,106.71,1.098111
2025-11-20,16P-A,retail,0,0,21,541.93,1.421666
2025-11-20,16P-B,retail,2,0,29,426.85,1.317379
2025-11-20,16P-C,retail,0,0,10,312.27,1.204679
2025-11-20,16P-D,retail,0,0,15,175.81,1.098111
2025-11-20,17-A,retail,0,0,7,592.56,1.421666
2025-11-20,17-B,retail,1,0,25,466.73,1.317379
2025-11-20,17-C,retail,0,0,16,341.44,1.204679
2025-11-20,17-D,retail,0,0,18,192.24,1.098111
2025-11-20,14-A,wholesale,0,0,12,173.4,
2025-11-20,14-B,wholesale,0,0,14,147.39,
2025-11-20,14-C,wholesale,3,0,15,117.91,
2025-11-20,14-D,wholesale,3,0,9,72.83,
2025-11-20,15-A,wholesale,0,0,28,229.38,
2025-11-20,15-B,wholesale,0,0,8,194.97,
2025-11-20,15-C,wholesale,0,0,22,155.98,
2025-11-20,15-D,wholesale,2,0,16,96.34,
2025-11-20,16P-A,wholesale,0,0,21,377.9,
2025-11-20,16P-B,wholesale,1,0,27,321.21,
2025-11-20,16P-C,wholesale,0,0,10,256.97,
2025-11-20,16P-D,wholesale,4,0,15,158.72,
2025-11-20,17-A,wholesale,0,0,7,413.21,
2025-11-20,17-B,wholesale,0,0,24,351.23,
2025-11-20,17-C,wholesale,0,0,16,280.98,
2025-11-20,17-D,wholesale,1,0,18,173.55,
2025-11-21,14-A,retail,0,0,22,258.76,1.480209
2025-11-21,14-B,retail,5,0,14,195.34,1.314569
2025-11-21,14-C,retail,1,0,12,167.87,1.412166
2025-11-21,14-D,retail,0,0,6,94.86,1.29199
2025-11-21,15-A,retail,0,0,28,342.3,1.480209
2025-11-21,15-B,retail,0,0,23,258.4,1.314569
2025-11-21,15-C,retail,1,0,22,222.06,1.412166
2025-11-21,15-D,retail,0,0,25,125.48,1.29199
2025-11-21,16P-A,retail,1,0,21,563.93,1.480209
2025-11-21,16P-B,retail,0,0,26,425.7,1.314569
2025-11-21,16P-C,retail,0,0,10,365.85,1.412166
2025-11-21,16P-D,retail,2,0,11,206.73,1.29199
2025-11-21,17-A,retail,0,0,7,616.62,1.480209
2025-11-21,17-B,retail,2,0,24,465.48,1.314569
2025-11-21,17-C,retail,0,0,16,400.03,1.412166
2025-11-21,17-D,retail,0,0,17,226.05,1.29199
2025-11-21,14-A,wholesale,0,0,22,173.3,
2025-11-21,14-B,wholesale,1,0,9,147.31,
2025-11-21,14-C,wholesale,0,0,11,117.85,
2025-11-21,14-D,wholesale,0,0,6,72.79,
2025-11-21,15-A,wholesale,0,0,28,229.25,
2025-11-21,15-B,wholesale,0,0,23,194.86,
2025-11-21,15-C,wholesale,0,0,21,155.89,
2025-11-21,15-D,wholesale,0,0,25,96.29,
2025-11-21,16P-A,wholesale,0,0,20,377.69,
2025-11-21,16P-B,wholesale,1,0,26,321.03,
2025-11-21,16P-C,wholesale,0,0,10,256.83,
2025-11-21,16P-D,wholesale,2,0,9,158.63,
2025-11-21,17-A,wholesale,0,0,7,412.98,
2025-11-21,17-B,wholesale,0,0,22,351.03,
2025-11-21,17-C,wholesale,1,0,16,280.82,
2025-11-21,17-D,wholesale,2,0,17,173.45,
2025-11-22,14-A,retail,0,0,22,234.31,1.341093
2025-11-22,14-B,retail,1,0,8,192.83,1.298394
2025-11-22,14-C,retail,0,0,21,149.5,1.258362
2025-11-22,14-D,retail,0,0,16,82.57,1.125194
2025-11-22,15-A,retail,0,0,28,309.95,1.341093
2025-11-22,15-B,retail,2,0,23,255.07,1.298394
2025-11-22,15-C,retail,1,0,21,197.77,1.258362
2025-11-22,15-D,retail,0,0,25,109.22,1.125194
2025-11-22,16P-A,retail,0,0,20,510.65,1.341093
2025-11-22,16P-B,retail,0,0,25,420.23,1.298394
2025-11-22,16P-C,retail,1,0,10,325.82,1.258362
2025-11-22,16P-D,retail,0,0,7,179.94,1.125194
2025-11-22,17-A,retail,1,0,17,558.36,1.341093
2025-11-22,17-B,retail,0,0,22,459.49,1.298394
2025-11-22,17-C,retail,1,0,15,356.26,1.258362
2025-11-22,17-D,retail,0,0,15,196.76,1.125194
2025-11-22,14-A,wholesale,0,0,22,173.21,
2025-11-22,14-B,wholesale,0,0,7,147.23,
2025-11-22,14-C,wholesale,1,0,21,117.78,
2025-11-22,14-D,wholesale,0,0,16,72.75,
2025-11-22,15-A,wholesale,0,0,28,229.12,
2025-11-22,15-B,wholesale,0,0,21,194.75,
2025-11-22,15-C,wholesale,0,0,20,155.8,
2025-11-22,15-D,wholesale,0,0,25,96.23,
2025-11-22,16P-A,wholesale,1,0,20,377.48,
2025-11-22,16P-B,wholesale,0,0,25,320.85,
2025-11-22,16P-C,wholesale,0,0,9,256.68,
2025-11-22,16P-D,wholesale,0,0,7,158.54,
2025-11-22,17-A,wholesale,0,0,16,412.74,
2025-11-22,17-B,wholesale,1,0,22,350.83,
2025-11-22,17-C,wholesale,1,0,14,280.67,
2025-11-22,17-D,wholesale,0,0,15,173.35,
2025-11-23,14-A,retail,0,0,22,242.31,1.387654
2025-11-23,14-B,retail,0,0,7,205.3,1.383146
2025-11-23,14-C,retail,0,0,20,149.62,1.260014
2025-11-23,14-D,retail,0,0,16,97.76,1.332965
2025-11-23,15-A,retail,2,0,28,320.54,1.387654
2025-11-23,15-B,retail,1,0,21,271.57,1.383146
2025-11-23,15-C,retail,0,0,20,197.92,1.260014
2025-11-23,15-D,retail,0,0,25,129.32,1.332965
2025-11-23,16P-A,retail,2,0,19,528.08,1.387654
2025-11-23,16P-B,retail,1,0,25,447.41,1.383146
2025-11-23,16P-C,retail,0,0,9,326.06,1.260014
2025-11-23,16P-D,retail,0,0,7,213.05,1.332965
2025-11-23,17-A,retail,3,0,16,577.42,1.387654
2025-11-23,17-B,retail,0,0,21,489.21,1.383146
2025-11-23,17-C,retail,4,0,13,356.53,1.260014
2025-11-23,17-D,retail,0,0,15,232.96,1.332965
2025-11-23,14-A,wholesale,0,0,22,173.11,
2025-11-23,14-B,wholesale,0,0,7,147.14,
2025-11-23,14-C,wholesale,2,0,20,117.72,
2025-11-23,14-D,wholesale,1,0,16,72.71,
2025-11-23,15-A,wholesale,1,0,26,228.99,
2025-11-23,15-B,wholesale,0,0,20,194.65,
2025-11-23,15-C,wholesale,1,0,20,155.72,
2025-11-23,15-D,wholesale,1,0,25,96.18,
2025-11-23,16P-A,wholesale,1,0,17,377.27,
2025-11-23,16P-B,wholesale,0,0,24,320.68,
2025-11-23,16P-C,wholesale,4,0,9,256.54,
2025-11-23,16P-D,wholesale,0,0,7,158.45,
2025-11-23,17-A,wholesale,0,0,13,412.51,
2025-11-23,17-B,wholesale,0,0,21,350.64,
2025-11-23,17-C,wholesale,2,0,9,280.51,
2025-11-23,17-D,wholesale,0,0,15,173.26,
2025-11-24,14-A,retail,1,0,22,270.7,1.551057
2025-11-24,14-B,retail,0,0,7,202.44,1.364688
2025-11-24,14-C,retail,0,0,18,156.35,1.317435
2025-11-24,14-D,retail,1,0,15,97.6,1.331552
2025-11-24,15-A,retail,0,0,25,358.08,1.551057
2025-11-24,15-B,retail,1,0,20,267.8,1.364688
2025-11-24,15-C,retail,0,0,20,206.82,1.317435
2025-11-24,15-D,retail,0,0,24,129.11,1.331552
2025-11-24,16P-A,retail,0,0,16,589.93,1.551057
2025-11-24,16P-B,retail,0,0,24,441.19,1.364688
2025-11-24,16P-C,retail,0,0,5,340.73,1.317435
2025-11-24,16P-D,retail,0,0,7,212.71,1.331552
2025-11-24,17-A,retail,0,0,13,645.05,1.551057
2025-11-24,17-B,retail,1,0,21,482.41,1.364688
2025-11-24,17-C,retail,0,0,7,372.57,1.317435
2025-11-24,17-D,retail,0,0,15,232.58,1.331552
2025-11-24,14-A,wholesale,0,0,21,173.01,
2025-11-24,14-B,wholesale,1,0,7,147.06,
2025-11-24,14-C,wholesale,3,0,18,117.65,
2025-11-24,14-D,wholesale,0,0,14,72.67,
2025-11-24,15-A,wholesale,0,0,25,228.87,
2025-11-24,15-B,wholesale,0,0,19,194.54,
2025-11-24,15-C,wholesale,2,0,20,155.63,
2025-11-24,15-D,wholesale,0,0,24,96.12,
2025-11-24,16P-A,wholesale,2,0,16,377.05,
2025-11-24,16P-B,wholesale,0,0,24,320.5,
2025-11-24,16P-C,wholesale,2,0,5,256.4,
2025-11-24,16P-D,wholesale,3,0,7,158.36,
2025-11-24,17-A,wholesale,0,0,13,412.28,
2025-11-24,17-B,wholesale,1,0,20,350.44,
2025-11-24,17-C,wholesale,1,0,7,280.35,
2025-11-24,17-D,wholesale,0,0,15,173.16,
2025-11-25,14-A,retail,1,0,21,227.56,1.304642
2025-11-25,14-B,retail,1,0,6,181.02,1.220955
2025-11-25,14-C,retail,0,0,16,161.02,1.357543
2025-11-25,14-D,retail,0,0,14,88.58,1.209158
2025-11-25,15-A,retail,0,0,25,301.03,1.304642
2025-11-25,15-B,retail,0,0,30,239.46,1.220955
2025-11-25,15-C,retail,0,0,18,213.0,1.357543
2025-11-25,15-D,retail,0,0,24,117.18,1.209158
2025-11-25,16P-A,retail,1,0,14,495.93,1.304642
2025-11-25,16P-B,retail,2,0,24,394.5,1.220955
2025-11-25,16P-C,retail,1,0,18,350.91,1.357543
2025-11-25,16P-D,retail,0,0,4,193.05,1.209158
2025-11-25,17-A,retail,0,0,13,542.27,1.304642
2025-11-25,17-B,retail,2,0,19,431.36,1.220955
2025-11-25,17-C,retail,0,0,6,383.7,1.357543
2025-11-25,17-D,retail,0,0,15,211.08,1.209158
2025-11-25,14-A,wholesale,0,0,20,172.92,
2025-11-25,14-B,wholesale,0,0,5,146.98,
2025-11-25,14-C,wholesale,1,0,16,117.58,
2025-11-25,14-D,wholesale,2,0,14,72.63,
2025-11-25,15-A,wholesale,0,0,25,228.74,
2025-11-25,15-B,wholesale,0,0,30,194.43,
2025-11-25,15-C,wholesale,0,0,18,155.54,
2025-11-25,15-D,wholesale,0,0,24,96.07,
2025-11-25,16P-A,wholesale,1,0,13,376.84,
2025-11-25,16P-B,wholesale,0,0,22,320.32,
2025-11-25,16P-C,wholesale,1,0,17,256.25,
2025-11-25,16P-D,wholesale,1,0,4,158.27,
2025-11-25,17-A,wholesale,0,0,13,412.05,
2025-11-25,17-B,wholesale,0,0,17,350.25,
2025-11-25,17-C,wholesale,0,0,6,280.2,
2025-11-25,17-D,wholesale,0,0,15,173.06,
2025-11-26,14-A,retail,1,0,20,218.48,1.253258
2025-11-26,14-B,retail,0,0,5,174.98,1.180844
2025-11-26,14-C,retail,0,0,15,136.3,1.149809
2025-11-26,14-D,retail,0,0,12,100.74,1.375853
2025-11-26,15-A,retail,0,0,25,289.01,1.253258
2025-11-26,15-B,retail,0,0,30,231.46,1.180844
2025-11-26,15-C,retail,0,0,18,180.3,1.149809
2025-11-26,15-D,retail,0,0,24,133.26,1.375853
2025-11-26,16P-A,retail,1,0,12,476.14,1.253258
2025-11-26,16P-B,retail,0,0,22,381.33,1.180844
2025-11-26,16P-C,retail,0,0,16,297.05,1.149809
2025-11-26,16P-D,retail,0,0,3,219.54,1.375853
2025-11-26,17-A,retail,1,0,13,520.62,1.253258
2025-11-26,17-B,retail,2,0,17,416.96,1.180844
2025-11-26,17-C,retail,0,0,6,324.8,1.149809
2025-11-26,17-D,retail,0,0,15,240.05,1.375853
2025-11-26,14-A,wholesale,0,0,19,172.82,
2025-11-26,14-B,wholesale,0,0,5,146.9,
2025-11-26,14-C,wholesale,2,0,15,117.52,
2025-11-26,14-D,wholesale,0,0,12,72.59,
2025-11-26,15-A,wholesale,1,0,25,228.61,
2025-11-26,15-B,wholesale,0,0,30,194.32,
2025-11-26,15-C,wholesale,3,0,18,155.46,
2025-11-26,15-D,wholesale,0,0,24,96.02,
2025-11-26,16P-A,wholesale,0,0,11,376.63,
2025-11-26,16P-B,wholesale,0,0,22,320.14,
2025-11-26,16P-C,wholesale,1,0,16,256.11,
2025-11-26,16P-D,wholesale,0,0,3,158.19,
2025-11-26,17-A,wholesale,0,0,12,411.82,
2025-11-26,17-B,wholesale,0,0,15,350.05,
2025-11-26,17-C,wholesale,0,0,6,280.04,
2025-11-26,17-D,wholesale,1,0,15,172.97,
2025-11-27,14-A,retail,0,0,19,205.26,1.178085
2025-11-27,14-B,retail,3,0,5,183.76,1.24082
2025-11-27,14-C,retail,0,0,13,168.98,1.426255
2025-11-27,14-D,retail,0,0,12,85.39,1.166929
2025-11-27,15-A,retail,0,0,24,271.52,1.178085
2025-11-27,15-B,retail,3,0,30,243.08,1.24082
2025-11-27,15-C,retail,0,0,15,223.53,1.426255
2025-11-27,15-D,retail,0,0,24,112.96,1.166929
2025-11-27,16P-A,retail,0,0,21,447.33,1.178085
2025-11-27,16P-B,retail,1,0,22,400.48,1.24082
2025-11-27,16P-C,retail,0,0,15,368.26,1.426255
2025-11-27,16P-D,retail,1,0,13,186.1,1.166929
2025-11-27,17-A,retail,0,0,12,489.12,1.178085
2025-11-27,17-B,retail,1,0,15,437.89,1.24082
2025-11-27,17-C,retail,0,0,6,402.67,1.426255
2025-11-27,17-D,retail,0,0,14,203.49,1.166929
2025-11-27,14-A,wholesale,0,0,19,172.73,
2025-11-27,14-B,wholesale,0,0,2,146.82,
2025-11-27,14-C,wholesale,1,0,13,117.45,
2025-11-27,14-D,wholesale,0,0,12,72.54,
2025-11-27,15-A,wholesale,0,0,24,228.48,
2025-11-27,15-B,wholesale,0,0,27,194.21,
2025-11-27,15-C,wholesale,1,0,15,155.37,
2025-11-27,15-D,wholesale,1,0,24,95.96,
2025-11-27,16P-A,wholesale,0,0,21,376.42,
2025-11-27,16P-B,wholesale,1,0,21,319.96,
2025-11-27,16P-C,wholesale,0,0,15,255.97,
2025-11-27,16P-D,wholesale,1,0,12,158.1,
2025-11-27,17-A,wholesale,0,0,12,411.59,
2025-11-27,17-B,wholesale,0,0,14,349.85,
2025-11-27,17-C,wholesale,1,0,6,279.88,
2025-11-27,17-D,wholesale,2,0,14,172.87,
2025-11-28,14-A,retail,1,0,19,235.2,1.350709
2025-11-28,14-B,retail,0,0,2,224.06,1.513757
2025-11-28,14-C,retail,0,0,12,142.31,1.201823
2025-11-28,14-D,retail,0,0,12,90.86,1.242337
2025-11-28,15-A,retail,1,0,24,311.13,1.350709
2025-11-28,15-B,retail,0,0,27,296.39,1.513757
2025-11-28,15-C,retail,1,0,14,188.25,1.201823
2025-11-28,15-D,retail,0,0,23,120.19,1.242337
2025-11-28,16P-A,retail,0,0,21,512.59,1.350709
2025-11-28,16P-B,retail,0,0,20,488.29,1.513757
2025-11-28,16P-C,retail,0,0,15,310.14,1.201823
2025-11-28,16P-D,retail,0,0,11,198.01,1.242337
2025-11-28,17-A,retail,0,0,12,560.48,1.350709
2025-11-28,17-B,retail,2,0,14,533.92,1.513757
2025-11-28,17-C,retail,0,0,5,339.11,1.201823
2025-11-28,17-D,retail,0,0,12,216.51,1.242337
2025-11-28,14-A,wholesale,0,0,18,172.63,
2025-11-28,14-B,wholesale,0,0,2,146.73,
2025-11-28,14-C,wholesale,0,0,12,117.39,
2025-11-28,14-D,wholesale,0,0,12,72.5,
2025-11-28,15-A,wholesale,0,0,23,228.36,
2025-11-28,15-B,wholesale,1,0,27,194.1,
2025-11-28,15-C,wholesale,1,0,13,155.28,
2025-11-28,15-D,wholesale,0,0,23,95.91,
2025-11-28,16P-A,wholesale,0,0,21,376.21,
2025-11-28,16P-B,wholesale,1,0,20,319.78,
2025-11-28,16P-C,wholesale,0,0,15,255.83,
2025-11-28,16P-D,wholesale,0,0,11,158.01,
2025-11-28,17-A,wholesale,0,0,12,411.36,
2025-11-28,17-B,wholesale,0,0,12,349.66,
2025-11-28,17-C,wholesale,0,0,5,279.73,
2025-11-28,17-D,wholesale,2,0,12,172.77,
2025-11-29,14-A,retail,2,0,18,221.47,1.272569
2025-11-29,14-B,retail,0,0,2,176.03,1.189966
2025-11-29,14-C,retail,0,0,12,160.99,1.360361
2025-11-29,14-D,retail,0,0,12,98.64,1.349417
2025-11-29,15-A,retail,1,0,23,292.97,1.272569
2025-11-29,15-B,retail,3,0,26,232.86,1.189966
2025-11-29,15-C,retail,0,0,12,212.96,1.360361
2025-11-29,15-D,retail,0,0,23,130.48,1.349417
2025-11-29,16P-A,retail,3,0,21,482.66,1.272569
2025-11-29,16P-B,retail,3,0,29,383.63,1.189966
2025-11-29,16P-C,retail,1,0,15,350.85,1.360361
2025-11-29,16P-D,retail,1,0,11,214.96,1.349417
2025-11-29,17-A,retail,1,0,12,527.76,1.272569
2025-11-29,17-B,retail,1,0,12,419.48,1.189966
2025-11-29,17-C,retail,0,0,5,383.63,1.360361
2025-11-29,17-D,retail,0,0,10,235.04,1.349417
2025-11-29,14-A,wholesale,1,0,16,172.53,
2025-11-29,14-B,wholesale,0,0,2,146.65,
2025-11-29,14-C,wholesale,0,0,12,117.32,
2025-11-29,14-D,wholesale,0,0,12,72.46,
2025-11-29,15-A,wholesale,0,0,22,228.23,
2025-11-29,15-B,wholesale,1,0,23,193.99,
2025-11-29,15-C,wholesale,2,0,12,155.2,
2025-11-29,15-D,wholesale,1,0,23,95.86,
2025-11-29,16P-A,wholesale,1,0,18,376.0,
2025-11-29,16P-B,wholesale,1,0,26,319.6,
2025-11-29,16P-C,wholesale,1,0,14,255.68,
2025-11-29,16P-D,wholesale,0,0,10,157.92,
2025-11-29,17-A,wholesale,0,0,11,411.13,
2025-11-29,17-B,wholesale,0,0,11,349.46,
2025-11-29,17-C,wholesale,0,0,5,279.57,
2025-11-29,17-D,wholesale,1,0,10,172.68,
2025-11-30,14-A,retail,1,0,15,266.75,1.533573
2025-11-30,14-B,retail,1,0,2,199.28,1.347833
2025-11-30,14-C,retail,1,0,12,151.91,1.284302
2025-11-30,14-D,retail,0,0,13,90.76,1.242318
2025-11-30,15-A,retail,0,0,22,352.86,1.533573
2025-11-30,15-B,retail,1,0,22,263.61,1.347833
2025-11-30,15-C,retail,0,0,10,200.94,1.284302
2025-11-30,15-D,retail,0,0,22,120.06,1.242318
2025-11-30,16P-A,retail,2,0,17,581.33,1.533573
2025-11-30,16P-B,retail,1,0,25,434.29,1.347833
2025-11-30,16P-C,retail,0,0,13,331.05,1.284302
2025-11-30,16P-D,retail,2,0,10,197.79,1.242318
2025-11-30,17-A,retail,0,0,11,635.65,1.533573
2025-11-30,17-B,retail,1,0,11,474.86,1.347833
2025-11-30,17-C,retail,0,0,5,361.98,1.284302
2025-11-30,17-D,retail,0,0,9,216.27,1.242318
2025-11-30,14-A,wholesale,0,0,14,172.44,
2025-11-30,14-B,wholesale,0,0,1,146.57,
2025-11-30,14-C,wholesale,0,0,11,117.26,
2025-11-30,14-D,wholesale,0,0,13,72.42,
2025-11-30,15-A,wholesale,0,0,22,228.1,
2025-11-30,15-B,wholesale,0,0,21,193.89,
2025-11-30,15-C,wholesale,1,0,10,155.11,
2025-11-30,15-D,wholesale,0,0,22,95.8,
2025-11-30,16P-A,wholesale,0,0,15,375.79,
2025-11-30,16P-B,wholesale,0,0,24,319.42,
2025-11-30,16P-C,wholesale,0,0,13,255.54,
2025-11-30,16P-D,wholesale,1,0,8,157.83,
2025-11-30,17-A,wholesale,1,0,11,410.9,
2025-11-30,17-B,wholesale,0,0,10,349.27,
2025-11-30,17-C,wholesale,0,0,5,279.42,
2025-11-30,17-D,wholesale,2,0,9,172.58,
2025-12-01,14-A,retail,4,0,14,233.05,1.34059
2025-12-01,14-B,retail,0,0,1,225.16,1.52379
2025-12-01,14-C,retail,0,0,11,127.4,1.077682
2025-12-01,14-D,retail,0,0,13,104.14,1.42633
2025-12-01,15-A,retail,1,0,22,308.29,1.34059
2025-12-01,15-B,retail,0,0,21,297.85,1.52379
2025-12-01,15-C,retail,0,0,9,168.52,1.077682
2025-12-01,15-D,retail,1,0,32,137.76,1.42633
2025-12-01,16P-A,retail,0,0,15,507.89,1.34059
2025-12-01,16P-B,retail,1,0,24,490.71,1.52379
2025-12-01,16P-C,retail,0,0,13,277.64,1.077682
2025-12-01,16P-D,retail,2,0,8,226.96,1.42633
2025-12-01,17-A,retail,0,0,10,555.35,1.34059
2025-12-01,17-B,retail,0,0,10,536.55,1.52379
2025-12-01,17-C,retail,0,0,20,303.58,1.077682
2025-12-01,17-D,retail,0,0,7,248.16,1.42633
2025-12-01,14-A,wholesale,0,0,10,172.34,
2025-12-01,14-B,wholesale,0,0,1,146.49,
2025-12-01,14-C,wholesale,0,0,11,117.19,
2025-12-01,14-D,wholesale,0,0,13,72.38,
2025-12-01,15-A,wholesale,0,0,21,227.97,
2025-12-01,15-B,wholesale,1,0,21,193.78,
2025-12-01,15-C,wholesale,3,0,9,155.02,
2025-12-01,15-D,wholesale,0,0,31,95.75,
2025-12-01,16P-A,wholesale,3,0,15,375.58,
2025-12-01,16P-B,wholesale,0,0,23,319.25,
2025-12-01,16P-C,wholesale,2,0,13,255.4,
2025-12-01,16P-D,wholesale,0,0,6,157.75,
2025-12-01,17-A,wholesale,1,0,10,410.68,
2025-12-01,17-B,wholesale,0,0,10,349.07,
2025-12-01,17-C,wholesale,0,0,20,279.26,
2025-12-01,17-D,wholesale,0,0,7,172.48,
2025-12-02,14-A,retail,1,0,10,211.6,1.217867
2025-12-02,14-B,retail,0,0,11,216.26,1.464379
2025-12-02,14-C,retail,1,0,11,160.96,1.362388
2025-12-02,14-D,retail,0,0,23,91.88,1.259114
2025-12-02,15-A,retail,0,0,21,279.91,1.217867
2025-12-02,15-B,retail,0,0,30,286.08,1.464379
2025-12-02,15-C,retail,1,0,6,212.92,1.362388
2025-12-02,15-D,retail,0,0,31,121.54,1.259114
2025-12-02,16P-A,retail,2,0,12,461.14,1.217867
2025-12-02,16P-B,retail,0,0,23,471.31,1.464379
2025-12-02,16P-C,retail,0,0,11,350.79,1.362388
2025-12-02,16P-D,retail,0,0,6,200.24,1.259114
2025-12-02,17-A,retail,0,0,10,504.23,1.217867
2025-12-02,17-B,retail,0,0,10,515.35,1.464379
2025-12-02,17-C,retail,1,0,20,383.56,1.362388
2025-12-02,17-D,retail,0,0,7,218.95,1.259114
2025-12-02,14-A,wholesale,0,0,9,172.24,
2025-12-02,14-B,wholesale,0,0,11,146.41,
2025-12-02,14-C,wholesale,2,0,10,117.13,
2025-12-02,14-D,wholesale,1,0,23,72.34,
2025-12-02,15-A,wholesale,0,0,21,227.85,
2025-12-02,15-B,wholesale,2,0,30,193.67,
2025-12-02,15-C,wholesale,0,0,5,154.94,
2025-12-02,15-D,wholesale,0,0,31,95.7,
2025-12-02,16P-A,wholesale,0,0,10,375.37,
2025-12-02,16P-B,wholesale,1,0,23,319.07,
2025-12-02,16P-C,wholesale,2,0,11,255.25,
2025-12-02,16P-D,wholesale,0,0,6,157.66,
2025-12-02,17-A,wholesale,0,0,10,410.45,
2025-12-02,17-B,wholesale,0,0,10,348.88,
2025-12-02,17-C,wholesale,0,0,19,279.1,
2025-12-02,17-D,wholesale,1,0,7,172.39,
2025-12-03,14-A,retail,0,0,9,209.44,1.206137
2025-12-03,14-B,retail,2,0,21,208.28,1.411074
2025-12-03,14-C,retail,1,0,8,154.66,1.309767
2025-12-03,14-D,retail,0,0,22,99.67,1.366611
2025-12-03,15-A,retail,0,0,21,277.06,1.206137
2025-12-03,15-B,retail,0,0,28,275.51,1.411074
2025-12-03,15-C,retail,0,0,5,204.59,1.309767
2025-12-03,15-D,retail,0,0,31,131.85,1.366611
2025-12-03,16P-A,retail,1,0,10,456.45,1.206137
2025-12-03,16P-B,retail,1,0,22,453.9,1.411074
2025-12-03,16P-C,retail,0,0,9,337.05,1.309767
2025-12-03,16P-D,retail,0,0,6,217.21,1.366611
2025-12-03,17-A,retail,1,0,10,499.09,1.206137
2025-12-03,17-B,retail,0,0,20,496.31,1.411074
2025-12-03,17-C,retail,0,0,19,368.54,1.309767
2025-12-03,17-D,retail,0,0,6,237.51,1.366611
2025-12-03,14-A,wholesale,0,0,9,172.15,
2025-12-03,14-B,wholesale,1,0,19,146.33,
2025-12-03,14-C,wholesale,2,0,7,117.06,
2025-12-03,14-D,wholesale,1,0,22,72.3,
2025-12-03,15-A,wholesale,0,0,21,227.72,
2025-12-03,15-B,wholesale,0,0,28,193.56,
2025-12-03,15-C,wholesale,1,0,5,154.85,
2025-12-03,15-D,wholesale,2,0,31,95.64,
2025-12-03,16P-A,wholesale,0,0,9,375.16,
2025-12-03,16P-B,wholesale,1,0,21,318.89,
2025-12-03,16P-C,wholesale,0,0,9,255.11,
2025-12-03,16P-D,wholesale,1,0,6,157.57,
2025-12-03,17-A,wholesale,0,0,9,410.22,
2025-12-03,17-B,wholesale,0,0,20,348.68,
2025-12-03,17-C,wholesale,5,0,19,278.95,
2025-12-03,17-D,wholesale,0,0,6,172.29,
2025-12-04,14-A,retail,1,0,9,264.05,1.521446
2025-12-04,14-B,retail,1,0,18,195.77,1.327101
2025-12-04,14-C,retail,0,0,5,172.09,1.458231
2025-12-04,14-D,retail,0,0,21,96.67,1.326185
2025-12-04,15-A,retail,1,0,21,349.29,1.521446
2025-12-04,15-B,retail,0,0,28,258.97,1.327101
2025-12-04,15-C,retail,0,0,4,227.65,1.458231
2025-12-04,15-D,retail,0,0,29,127.87,1.326185
2025-12-04,16P-A,retail,1,0,9,575.45,1.521446
2025-12-04,16P-B,retail,1,0,20,426.65,1.327101
2025-12-04,16P-C,retail,0,0,9,375.05,1.458231
2025-12-04,16P-D,retail,0,0,5,210.67,1.326185
2025-12-04,17-A,retail,0,0,19,629.21,1.521446
2025-12-04,17-B,retail,0,0,20,466.51,1.327101
2025-12-04,17-C,retail,1,0,14,410.09,1.458231
2025-12-04,17-D,retail,0,0,6,230.35,1.326185
2025-12-04,14-A,wholesale,0,0,8,172.05,
2025-12-04,14-B,wholesale,1,0,17,146.24,
2025-12-04,14-C,wholesale,0,0,5,116.99,
2025-12-04,14-D,wholesale,0,0,21,72.26,
2025-12-04,15-A,wholesale,0,0,20,227.59,
2025-12-04,15-B,wholesale,0,0,28,193.45,
2025-12-04,15-C,wholesale,0,0,4,154.76,
2025-12-04,15-D,wholesale,0,0,29,95.59,
2025-12-04,16P-A,wholesale,0,0,8,374.96,
2025-12-04,16P-B,wholesale,0,0,19,318.71,
2025-12-04,16P-C,wholesale,2,0,9,254.97,
2025-12-04,16P-D,wholesale,0,0,5,157.48,
2025-12-04,17-A,wholesale,0,0,19,409.99,
2025-12-04,17-B,wholesale,0,0,20,348.49,
2025-12-04,17-C,wholesale,0,0,13,278.79,
2025-12-04,17-D,wholesale,0,0,6,172.19,
2025-12-05,14-A,retail,0,0,8,249.49,1.43834
2025-12-05,14-B,retail,2,0,16,216.99,1.471782
2025-12-05,14-C,retail,0,0,5,142.58,1.208821
2025-12-05,14-D,retail,0,0,21,99.44,1.364953
2025-12-05,15-A,retail,1,0,20,330.03,1.43834
2025-12-05,15-B,retail,0,0,28,287.04,1.471782
2025-12-05,15-C,retail,1,0,14,188.61,1.208821
2025-12-05,15-D,retail,1,0,29,131.54,1.364953
2025-12-05,16P-A,retail,0,0,8,543.71,1.43834
2025-12-05,16P-B,retail,0,0,19,472.9,1.471782
2025-12-05,16P-C,retail,3,0,7,310.73,1.208821
2025-12-05,16P-D,retail,0,0,6,216.71,1.364953
2025-12-05,17-A,retail,0,0,19,594.51,1.43834
2025-12-05,17-B,retail,1,0,21,517.08,1.471782
2025-12-05,17-C,retail,0,0,13,339.76,1.208821
2025-12-05,17-D,retail,0,0,6,236.96,1.364953
2025-12-05,14-A,wholesale,0,0,8,171.96,
2025-12-05,14-B,wholesale,1,0,14,146.16,
2025-12-05,14-C,wholesale,0,0,5,116.93,
2025-12-05,14-D,wholesale,1,0,21,72.22,
2025-12-05,15-A,wholesale,0,0,19,227.47,
2025-12-05,15-B,wholesale,0,0,28,193.35,
2025-12-05,15-C,wholesale,1,0,13,154.68,
2025-12-05,15-D,wholesale,1,0,28,95.54,
2025-12-05,16P-A,wholesale,0,0,8,374.75,
2025-12-05,16P-B,wholesale,2,0,19,318.53,
2025-12-05,16P-C,wholesale,0,0,4,254.83,
2025-12-05,16P-D,wholesale,0,0,6,157.39,
2025-12-05,17-A,wholesale,0,0,19,409.76,
2025-12-05,17-B,wholesale,1,0,20,348.3,
2025-12-05,17-C,wholesale,1,0,13,278.64,
2025-12-05,17-D,wholesale,0,0,6,172.1,
2025-12-06,14-A,retail,0,0,8,264.77,1.527316
2025-12-06,14-B,retail,1,0,13,206.28,1.399926
2025-12-06,14-C,retail,1,0,5,132.34,1.122652
2025-12-06,14-D,retail,0,0,20,87.27,1.198562
2025-12-06,15-A,retail,0,0,19,350.25,1.527316
2025-12-06,15-B,retail,0,0,28,272.88,1.399926
2025-12-06,15-C,retail,0,0,12,175.06,1.122652
2025-12-06,15-D,retail,0,0,27,115.44,1.198562
2025-12-06,16P-A,retail,0,0,8,577.02,1.527316
2025-12-06,16P-B,retail,3,0,17,449.56,1.399926
2025-12-06,16P-C,retail,1,0,4,288.42,1.122652
2025-12-06,16P-D,retail,0,0,16,190.18,1.198562
2025-12-06,17-A,retail,0,0,19,630.94,1.527316
2025-12-06,17-B,retail,0,0,19,491.56,1.399926
2025-12-06,17-C,retail,0,0,12,315.36,1.122652
2025-12-06,17-D,retail,0,0,6,207.95,1.198562
2025-12-06,14-A,wholesale,0,0,8,171.86,
2025-12-06,14-B,wholesale,0,0,12,146.08,
2025-12-06,14-C,wholesale,0,0,4,116.86,
2025-12-06,14-D,wholesale,0,0,20,72.18,
2025-12-06,15-A,wholesale,0,0,19,227.34,
2025-12-06,15-B,wholesale,2,0,28,193.24,
2025-12-06,15-C,wholesale,0,0,12,154.59,
2025-12-06,15-D,wholesale,0,0,27,95.48,
2025-12-06,16P-A,wholesale,0,0,8,374.54,
2025-12-06,16P-B,wholesale,0,0,14,318.36,
2025-12-06,16P-C,wholesale,0,0,3,254.68,
2025-12-06,16P-D,wholesale,0,0,16,157.31,
2025-12-06,17-A,wholesale,0,0,19,409.53,
2025-12-06,17-B,wholesale,1,0,19,348.1,
2025-12-06,17-C,wholesale,0,0,12,278.48,
2025-12-06,17-D,wholesale,1,0,6,172.0,
2025-12-07,14-A,retail,0,0,8,241.64,1.394678
2025-12-07,14-B,retail,0,0,22,194.36,1.319755
2025-12-07,14-C,retail,0,0,4,162.12,1.376062
2025-12-07,14-D,retail,0,0,20,81.13,1.114923
2025-12-07,15-A,retail,0,0,19,319.65,1.394678
2025-12-07,15-B,retail,0,0,26,257.11,1.319755
2025-12-07,15-C,retail,0,0,12,214.46,1.376062
2025-12-07,15-D,retail,0,0,27,107.32,1.114923
2025-12-07,16P-A,retail,2,0,8,526.62,1.394678
2025-12-07,16P-B,retail,0,0,14,423.58,1.319755
2025-12-07,16P-C,retail,0,0,3,353.32,1.376062
2025-12-07,16P-D,retail,0,0,16,176.81,1.114923
2025-12-07,17-A,retail,1,0,19,575.82,1.394678
2025-12-07,17-B,retail,1,0,18,463.16,1.319755
2025-12-07,17-C,retail,0,0,12,386.33,1.376062
2025-12-07,17-D,retail,0,0,5,193.33,1.114923
2025-12-07,14-A,wholesale,0,0,8,171.76,
2025-12-07,14-B,wholesale,0,0,22,146.0,
2025-12-07,14-C,wholesale,0,0,4,116.8,
2025-12-07,14-D,wholesale,1,0,20,72.14,
2025-12-07,15-A,wholesale,0,0,19,227.21,
2025-12-07,15-B,wholesale,0,0,26,193.13,
2025-12-07,15-C,wholesale,1,0,12,154.5,
2025-12-07,15-D,wholesale,0,0,27,95.43,
2025-12-07,16P-A,wholesale,2,0,6,374.33,
2025-12-07,16P-B,wholesale,0,0,14,318.18,
2025-12-07,16P-C,wholesale,0,0,3,254.54,
2025-12-07,16P-D,wholesale,0,0,16,157.22,
2025-12-07,17-A,wholesale,0,0,18,409.3,
2025-12-07,17-B,wholesale,0,0,17,347.91,
2025-12-07,17-C,wholesale,0,0,12,278.33,
2025-12-07,17-D,wholesale,1,0,5,171.91,
2025-12-08,14-A,retail,0,0,8,227.7,1.314926
2025-12-08,14-B,retail,0,0,22,160.41,1.089822
2025-12-08,14-C,retail,2,0,4,139.95,1.188519
2025-12-08,14-D,retail,1,0,19,100.14,1.37693
2025-12-08,15-A,retail,0,0,19,301.2,1.314926
2025-12-08,15-B,retail,7,0,26,212.19,1.089822
2025-12-08,15-C,retail,0,0,11,185.13,1.188519
2025-12-08,15-D,retail,0,0,27,132.47,1.37693
2025-12-08,16P-A,retail,2,0,14,496.23,1.314926
2025-12-08,16P-B,retail,1,0,14,349.59,1.089822
2025-12-08,16P-C,retail,0,0,3,305.0,1.188519
2025-12-08,16P-D,retail,0,0,16,218.24,1.37693
2025-12-08,17-A,retail,1,0,18,542.59,1.314926
2025-12-08,17-B,retail,0,0,17,382.25,1.089822
2025-12-08,17-C,retail,1,0,12,333.49,1.188519
2025-12-08,17-D,retail,0,0,4,238.63,1.37693
2025-12-08,14-A,wholesale,0,0,8,171.67,
2025-12-08,14-B,wholesale,0,0,22,145.92,
2025-12-08,14-C,wholesale,0,0,2,116.73,
2025-12-08,14-D,wholesale,3,0,18,72.1,
2025-12-08,15-A,wholesale,1,0,19,227.08,
2025-12-08,15-B,wholesale,0,0,19,193.02,
2025-12-08,15-C,wholesale,4,0,11,154.42,
2025-12-08,15-D,wholesale,0,0,27,95.38,
2025-12-08,16P-A,wholesale,0,0,12,374.12,
2025-12-08,16P-B,wholesale,0,0,13,318.0,
2025-12-08,16P-C,wholesale,1,0,3,254.4,
2025-12-08,16P-D,wholesale,1,0,16,157.13,
2025-12-08,17-A,wholesale,0,0,17,409.07,
2025-12-08,17-B,wholesale,0,0,17,347.71,
2025-12-08,17-C,wholesale,0,0,11,278.17,
2025-12-08,17-D,wholesale,1,0,4,171.81,
2025-12-09,14-A,retail,0,0,18,248.87,1.437997
2025-12-09,14-B,retail,1,0,22,223.98,1.52255
2025-12-09,14-C,retail,1,0,22,185.05,1.572388
2025-12-09,14-D,retail,0,0,15,95.15,1.309064
2025-12-09,15-A,retail,0,0,18,329.21,1.437997
2025-12-09,15-B,retail,0,0,19,296.28,1.52255
2025-12-09,15-C,retail,0,0,7,244.78,1.572388
2025-12-09,15-D,retail,0,0,27,125.87,1.309064
2025-12-09,16P-A,retail,2,0,12,542.37,1.437997
2025-12-09,16P-B,retail,2,0,13,488.12,1.52255
2025-12-09,16P-C,retail,0,0,2,403.28,1.572388
2025-12-09,16P-D,retail,1,0,15,207.37,1.309064
2025-12-09,17-A,retail,0,0,17,593.04,1.437997
2025-12-09,17-B,retail,0,0,27,533.73,1.52255
2025-12-09,17-C,retail,0,0,11,440.96,1.572388
2025-12-09,17-D,retail,0,0,3,226.75,1.309064
2025-12-09,14-A,wholesale,0,0,18,171.57,
2025-12-09,14-B,wholesale,0,0,21,145.84,
2025-12-09,14-C,wholesale,0,0,21,116.67,
2025-12-09,14-D,wholesale,0,0,15,72.06,
2025-12-09,15-A,wholesale,0,0,18,226.96,
2025-12-09,15-B,wholesale,1,0,19,192.91,
2025-12-09,15-C,wholesale,0,0,7,154.33,
2025-12-09,15-D,wholesale,0,0,27,95.32,
2025-12-09,16P-A,wholesale,1,0,10,373.91,
2025-12-09,16P-B,wholesale,0,0,11,317.82,
2025-12-09,16P-C,wholesale,1,0,2,254.26,
2025-12-09,16P-D,wholesale,0,0,14,157.04,
2025-12-09,17-A,wholesale,0,0,17,408.84,
2025-12-09,17-B,wholesale,0,0,27,347.52,
2025-12-09,17-C,wholesale,0,0,11,278.01,
2025-12-09,17-D,wholesale,1,0,3,171.71,
2025-12-10,14-A,retail,1,0,18,216.05,1.249046
2025-12-10,14-B,retail,0,0,21,206.22,1.40261
2025-12-10,14-C,retail,1,0,21,158.09,1.344034
2025-12-10,14-D,retail,0,0,15,101.67,1.399467
2025-12-10,15-A,retail,0,0,18,285.79,1.249046
2025-12-10,15-B,retail,2,0,18,272.79,1.40261
2025-12-10,15-C,retail,1,0,7,209.12,1.344034
2025-12-10,15-D,retail,0,0,27,134.49,1.399467
2025-12-10,16P-A,retail,3,0,9,470.84,1.249046
2025-12-10,16P-B,retail,0,0,11,449.42,1.40261
2025-12-10,16P-C,retail,0,0,21,344.52,1.344034
2025-12-10,16P-D,retail,0,0,14,221.57,1.399467
2025-12-10,17-A,retail,1,0,17,514.83,1.249046
2025-12-10,17-B,retail,0,0,27,491.41,1.40261
2025-12-10,17-C,retail,0,0,11,376.71,1.344034
2025-12-10,17-D,retail,0,0,2,242.27,1.399467
2025-12-10,14-A,wholesale,1,0,17,171.48,
2025-12-10,14-B,wholesale,1,0,21,145.75,
2025-12-10,14-C,wholesale,1,0,20,116.6,
2025-12-10,14-D,wholesale,0,0,15,72.02,
2025-12-10,15-A,wholesale,0,0,18,226.83,
2025-12-10,15-B,wholesale,0,0,16,192.81,
2025-12-10,15-C,wholesale,3,0,6,154.25,
2025-12-10,15-D,wholesale,1,0,27,95.27,
2025-12-10,16P-A,wholesale,0,0,6,373.7,
2025-12-10,16P-B,wholesale,0,0,11,317.65,
2025-12-10,16P-C,wholesale,2,0,21,254.12,
2025-12-10,16P-D,wholesale,0,0,14,156.95,
2025-12-10,17-A,wholesale,0,0,16,408.62,
2025-12-10,17-B,wholesale,0,0,27,347.32,
2025-12-10,17-C,wholesale,0,0,11,277.86,
2025-12-10,17-D,wholesale,0,0,2,171.62,
2025-12-11,14-A,retail,2,0,16,219.51,1.269789
2025-12-11,14-B,retail,3,0,20,178.3,1.213422
2025-12-11,14-C,retail,0,0,19,162.26,1.380258
2025-12-11,14-D,retail,0,0,15,103.62,1.42718
2025-12-11,15-A,retail,0,0,18,290.38,1.269789
2025-12-11,15-B,retail,3,0,17,235.86,1.213422
2025-12-11,15-C,retail,1,0,3,214.63,1.380258
2025-12-11,15-D,retail,0,0,26,137.08,1.42718
2025-12-11,16P-A,retail,1,0,6,478.39,1.269789
2025-12-11,16P-B,retail,0,0,11,388.58,1.213422
2025-12-11,16P-C,retail,0,0,19,353.61,1.380258
2025-12-11,16P-D,retail,0,0,14,225.83,1.42718
2025-12-11,17-A,retail,0,0,16,523.09,1.269789
2025-12-11,17-B,retail,3,0,27,424.89,1.213422
2025-12-11,17-C,retail,0,0,11,386.65,1.380258
2025-12-11,17-D,retail,0,0,2,246.93,1.42718
2025-12-11,14-A,wholesale,0,0,14,171.38,
2025-12-11,14-B,wholesale,0,0,17,145.67,
2025-12-11,14-C,wholesale,0,0,19,116.54,
2025-12-11,14-D,wholesale,0,0,15,71.98,
2025-12-11,15-A,wholesale,0,0,18,226.7,
2025-12-11,15-B,wholesale,0,0,14,192.7,
2025-12-11,15-C,wholesale,0,0,2,154.16,
2025-12-11,15-D,wholesale,0,0,26,95.22,
2025-12-11,16P-A,wholesale,0,0,5,373.49,
2025-12-11,16P-B,wholesale,0,0,11,317.47,
2025-12-11,16P-C,wholesale,1,0,19,253.97,
2025-12-11,16P-D,wholesale,0,0,14,156.87,
2025-12-11,17-A,wholesale,0,0,16,408.39,
2025-12-11,17-B,wholesale,1,0,24,347.13,
2025-12-11,17-C,wholesale,0,0,11,277.7,
2025-12-11,17-D,wholesale,0,0,2,171.52,
2025-12-12,14-A,retail,1,0,15,295.22,1.708642
2025-12-12,14-B,retail,0,0,17,206.43,1.405606
2025-12-12,14-C,retail,0,0,19,170.84,1.454098
2025-12-12,14-D,retail,0,0,15,107.76,1.48496
2025-12-12,15-A,retail,1,0,18,390.52,1.708642
2025-12-12,15-B,retail,0,0,14,273.07,1.405606
2025-12-12,15-C,retail,0,0,17,225.99,1.454098
2025-12-12,15-D,retail,0,0,26,142.55,1.48496
2025-12-12,16P-A,retail,0,0,5,643.37,1.708642
2025-12-12,16P-B,retail,1,0,11,449.88,1.405606
2025-12-12,16P-C,retail,1,0,18,372.32,1.454098
2025-12-12,16P-D,retail,0,0,14,234.84,1.48496
2025-12-12,17-A,retail,0,0,16,703.48,1.708642
2025-12-12,17-B,retail,0,0,23,491.91,1.405606
2025-12-12,17-C,retail,0,0,11,407.1,1.454098
2025-12-12,17-D,retail,0,0,2,256.78,1.48496
2025-12-12,14-A,wholesale,1,0,14,171.28,
2025-12-12,14-B,wholesale,0,0,17,145.59,
2025-12-12,14-C,wholesale,1,0,19,116.47,
2025-12-12,14-D,wholesale,0,0,15,71.94,
2025-12-12,15-A,wholesale,0,0,17,226.58,
2025-12-12,15-B,wholesale,0,0,14,192.59,
2025-12-12,15-C,wholesale,4,0,17,154.07,
2025-12-12,15-D,wholesale,0,0,26,95.16,
2025-12-12,16P-A,wholesale,0,0,5,373.28,
2025-12-12,16P-B,wholesale,0,0,10,317.29,
2025-12-12,16P-C,wholesale,1,0,17,253.83,
2025-12-12,16P-D,wholesale,0,0,14,156.78,
2025-12-12,17-A,wholesale,0,0,16,408.16,
2025-12-12,17-B,wholesale,0,0,23,346.94,
2025-12-12,17-C,wholesale,1,0,11,277.55,
2025-12-12,17-D,wholesale,2,0,2,171.43,
2025-12-13,14-A,retail,3,0,13,213.41,1.235863
2025-12-13,14-B,retail,0,0,17,166.81,1.136463
2025-12-13,14-C,retail,1,0,18,164.6,1.401786
2025-12-13,14-D,retail,0,0,15,112.77,1.554878
2025-12-13,15-A,retail,1,0,17,282.3,1.235863
2025-12-13,15-B,retail,5,0,24,220.66,1.136463
2025-12-13,15-C,retail,0,0,13,217.74,1.401786
2025-12-13,15-D,retail,0,0,26,149.17,1.554878
2025-12-13,16P-A,retail,1,0,5,465.09,1.235863
2025-12-13,16P-B,retail,0,0,21,363.53,1.136463
2025-12-13,16P-C,retail,1,0,16,358.72,1.401786
2025-12-13,16P-D,retail,0,0,24,245.76,1.554878
2025-12-13,17-A,retail,2,0,16,508.54,1.235863
2025-12-13,17-B,retail,4,0,23,397.5,1.136463
2025-12-13,17-C,retail,0,0,10,392.24,1.401786
2025-12-13,17-D,retail,0,0,0,268.72,1.554878
2025-12-13,14-A,wholesale,0,0,10,171.19,
2025-12-13,14-B,wholesale,0,0,17,145.51,
2025-12-13,14-C,wholesale,0,0,17,116.41,
2025-12-13,14-D,wholesale,0,0,15,71.9,
2025-12-13,15-A,wholesale,0,0,16,226.45,
2025-12-13,15-B,wholesale,0,0,19,192.48,
2025-12-13,15-C,wholesale,0,0,13,153.99,
2025-12-13,15-D,wholesale,2,0,26,95.11,
2025-12-13,16P-A,wholesale,2,0,4,373.08,
2025-12-13,16P-B,wholesale,0,0,21,317.11,
2025-12-13,16P-C,wholesale,0,0,15,253.69,
2025-12-13,16P-D,wholesale,0,0,24,156.69,
2025-12-13,17-A,wholesale,0,0,14,407.93,
2025-12-13,17-B,wholesale,1,0,19,346.74,
2025-12-13,17-C,wholesale,0,0,10,277.39,
2025-12-13,17-D,wholesale,0,1,0,171.33,
2025-12-14,14-A,retail,1,0,10,236.15,1.368333
2025-12-14,14-B,retail,2,0,17,210.24,1.433179
2025-12-14,14-C,retail,0,0,17,168.54,1.436162
2025-12-14,14-D,retail,0,0,15,95.88,1.322742
2025-12-14,15-A,retail,2,0,26,312.39,1.368333
2025-12-14,15-B,retail,2,0,19,278.11,1.433179
2025-12-14,15-C,retail,0,0,13,222.95,1.436162
2025-12-14,15-D,retail,0,0,24,126.83,1.322742
2025-12-14,16P-A,retail,1,0,2,514.66,1.368333
2025-12-14,16P-B,retail,2,0,21,458.19,1.433179
2025-12-14,16P-C,retail,0,0,15,367.31,1.436162
2025-12-14,16P-D,retail,0,0,24,208.95,1.322742
2025-12-14,17-A,retail,1,0,14,562.74,1.368333
2025-12-14,17-B,retail,0,0,18,501.0,1.433179
2025-12-14,17-C,retail,0,0,10,401.63,1.436162
2025-12-14,17-D,retail,0,0,0,228.48,1.322742
2025-12-14,14-A,wholesale,0,0,9,171.09,
2025-12-14,14-B,wholesale,1,0,15,145.43,
2025-12-14,14-C,wholesale,0,0,17,116.34,
2025-12-14,14-D,wholesale,0,0,15,71.86,
2025-12-14,15-A,wholesale,0,0,24,226.32,
2025-12-14,15-B,wholesale,0,0,17,192.38,
2025-12-14,15-C,wholesale,0,0,13,153.9,
2025-12-14,15-D,wholesale,0,0,24,95.06,
2025-12-14,16P-A,wholesale,0,0,1,372.87,
2025-12-14,16P-B,wholesale,1,0,19,316.94,
2025-12-14,16P-C,wholesale,1,0,15,253.55,
2025-12-14,16P-D,wholesale,2,0,24,156.6,
2025-12-14,17-A,wholesale,0,0,13,407.7,
2025-12-14,17-B,wholesale,2,0,18,346.55,
2025-12-14,17-C,wholesale,3,0,10,277.24,
2025-12-14,17-D,wholesale,0,0,0,171.24,
2025-12-15,14-A,retail,1,0,9,229.67,1.331497
2025-12-15,14-B,retail,1,0,24,168.44,1.14885
2025-12-15,14-C,retail,0,0,27,192.29,1.639417
2025-12-15,14-D,retail,1,0,15,101.68,1.403566
2025-12-15,15-A,retail,0,0,24,303.81,1.331497
2025-12-15,15-B,retail,4,0,17,222.81,1.14885
2025-12-15,15-C,retail,0,0,13,254.37,1.639417
2025-12-15,15-D,retail,0,0,24,134.51,1.403566
2025-12-15,16P-A,retail,0,0,1,500.52,1.331497
2025-12-15,16P-B,retail,0,0,18,367.08,1.14885
2025-12-15,16P-C,retail,0,0,14,419.06,1.639417
2025-12-15,16P-D,retail,0,0,22,221.6,1.403566
2025-12-15,17-A,retail,0,0,13,547.29,1.331497
2025-12-15,17-B,retail,0,0,16,401.38,1.14885
2025-12-15,17-C,retail,0,0,7,458.22,1.639417
2025-12-15,17-D,retail,0,0,0,242.3,1.403566
2025-12-15,14-A,wholesale,1,0,8,171.0,
2025-12-15,14-B,wholesale,1,0,23,145.35,
2025-12-15,14-C,wholesale,1,0,27,116.28,
2025-12-15,14-D,wholesale,1,0,14,71.82,
2025-12-15,15-A,wholesale,1,0,24,226.2,
2025-12-15,15-B,wholesale,1,0,13,192.27,
2025-12-15,15-C,wholesale,1,0,13,153.82,
2025-12-15,15-D,wholesale,3,0,24,95.0,
2025-12-15,16P-A,wholesale,0,0,1,372.66,
2025-12-15,16P-B,wholesale,1,0,18,316.76,
2025-12-15,16P-C,wholesale,1,0,14,253.41,
2025-12-15,16P-D,wholesale,1,0,22,156.52,
2025-12-15,17-A,wholesale,0,0,13,407.48,
2025-12-15,17-B,wholesale,2,0,16,346.36,
2025-12-15,17-C,wholesale,0,0,7,277.08,
2025-12-15,17-D,wholesale,0,0,0,171.14,
2025-12-16,14-A,retail,0,0,7,234.69,1.361388
2025-12-16,14-B,retail,1,0,22,181.41,1.23798
2025-12-16,14-C,retail,0,0,26,154.49,1.317863
2025-12-16,14-D,retail,0,0,13,108.21,1.494446
2025-12-16,15-A,retail,3,0,23,310.46,1.361388
2025-12-16,15-B,retail,1,0,12,239.97,1.23798
2025-12-16,15-C,retail,0,0,12,204.36,1.317863
2025-12-16,15-D,retail,0,0,21,143.14,1.494446
2025-12-16,16P-A,retail,1,1,1,511.47,1.361388
2025-12-16,16P-B,retail,0,0,17,395.34,1.23798
2025-12-16,16P-C,retail,0,0,13,336.68,1.317863
2025-12-16,16P-D,retail,0,0,21,235.81,1.494446
2025-12-16,17-A,retail,0,0,13,559.26,1.361388
2025-12-16,17-B,retail,0,0,14,432.28,1.23798
2025-12-16,17-C,retail,0,0,17,368.14,1.317863
2025-12-16,17-D,retail,0,0,0,257.85,1.494446
2025-12-16,14-A,wholesale,0,0,7,170.9,
2025-12-16,14-B,wholesale,0,0,21,145.27,
2025-12-16,14-C,wholesale,3,0,26,116.21,
2025-12-16,14-D,wholesale,0,0,13,71.78,
2025-12-16,15-A,wholesale,0,0,20,226.07,
2025-12-16,15-B,wholesale,1,0,11,192.16,
2025-12-16,15-C,wholesale,2,0,12,153.73,
2025-12-16,15-D,wholesale,1,0,21,94.95,
2025-12-16,16P-A,wholesale,0,1,0,372.45,
2025-12-16,16P-B,wholesale,0,0,17,316.58,
2025-12-16,16P-C,wholesale,1,0,13,253.27,
2025-12-16,16P-D,wholesale,0,0,21,156.43,
2025-12-16,17-A,wholesale,0,0,13,407.25,
2025-12-16,17-B,wholesale,1,0,14,346.16,
2025-12-16,17-C,wholesale,0,0,17,276.93,
2025-12-16,17-D,wholesale,0,1,0,171.04,
2025-12-17,14-A,retail,2,0,17,247.49,1.436415
2025-12-17,14-B,retail,0,0,21,176.56,1.2056
2025-12-17,14-C,retail,0,0,23,145.95,1.245754
2025-12-17,14-D,retail,0,0,13,76.63,1.058883
2025-12-17,15-A,retail,0,0,20,327.38,1.436415
2025-12-17,15-B,retail,2,0,10,233.56,1.2056
2025-12-17,15-C,retail,0,0,11,193.07,1.245754
2025-12-17,15-D,retail,0,0,20,101.36,1.058883
2025-12-17,16P-A,retail,0,0,0,539.36,1.436415
2025-12-17,16P-B,retail,1,0,27,384.79,1.2056
2025-12-17,16P-C,retail,1,0,12,318.08,1.245754
2025-12-17,16P-D,retail,0,0,21,166.99,1.058883
2025-12-17,17-A,retail,0,0,13,589.75,1.436415
2025-12-17,17-B,retail,0,0,13,420.74,1.2056
2025-12-17,17-C,retail,0,0,17,347.8,1.245754
2025-12-17,17-D,retail,0,0,0,182.59,1.058883
2025-12-17,14-A,wholesale,0,0,15,170.81,
2025-12-17,14-B,wholesale,1,0,21,145.19,
2025-12-17,14-C,wholesale,0,0,23,116.15,
2025-12-17,14-D,wholesale,0,0,13,71.74,
2025-12-17,15-A,wholesale,0,0,20,225.95,
2025-12-17,15-B,wholesale,0,0,8,192.05,
2025-12-17,15-C,wholesale,0,0,11,153.64,
2025-12-17,15-D,wholesale,1,0,20,94.9,
2025-12-17,16P-A,wholesale,0,1,0,372.24,
2025-12-17,16P-B,wholesale,2,0,26,316.41,
2025-12-17,16P-C,wholesale,1,0,11,253.13,
2025-12-17,16P-D,wholesale,0,0,21,156.34,
2025-12-17,17-A,wholesale,0,0,13,407.02,
2025-12-17,17-B,wholesale,0,0,13,345.97,
2025-12-17,17-C,wholesale,0,0,17,276.77,
2025-12-17,17-D,wholesale,0,1,0,170.95,
2025-12-18,14-A,retail,0,0,15,236.73,1.374738
2025-12-18,14-B,retail,0,0,20,221.06,1.510277
2025-12-18,14-C,retail,2,0,23,146.4,1.250268
2025-12-18,14-D,retail,0,0,23,103.31,1.428369
2025-12-18,15-A,retail,0,0,20,313.15,1.374738
2025-12-18,15-B,retail,3,0,9,292.42,1.510277
2025-12-18,15-C,retail,1,0,11,193.66,1.250268
2025-12-18,15-D,retail,0,0,19,136.65,1.428369
2025-12-18,16P-A,retail,0,0,0,515.91,1.374738
2025-12-18,16P-B,retail,0,0,24,481.76,1.510277
2025-12-18,16P-C,retail,0,0,10,319.06,1.250268
2025-12-18,16P-D,retail,0,0,21,225.14,1.428369
2025-12-18,17-A,retail,0,0,13,564.11,1.374738
2025-12-18,17-B,retail,0,0,13,526.77,1.510277
2025-12-18,17-C,retail,0,0,17,348.87,1.250268
2025-12-18,17-D,retail,0,0,0,246.17,1.428369
2025-12-18,14-A,wholesale,2,0,15,170.71,
2025-12-18,14-B,wholesale,1,0,20,145.1,
2025-12-18,14-C,wholesale,1,0,21,116.08,
2025-12-18,14-D,wholesale,0,0,23,71.7,
2025-12-18,15-A,wholesale,1,0,20,225.82,
2025-12-18,15-B,wholesale,0,0,6,191.95,
2025-12-18,15-C,wholesale,0,0,10,153.56,
2025-12-18,15-D,wholesale,0,0,19,94.84,
2025-12-18,16P-A,wholesale,0,0,0,372.03,
2025-12-18,16P-B,wholesale,2,0,24,316.23,
2025-12-18,16P-C,wholesale,1,0,10,252.98,
2025-12-18,16P-D,wholesale,1,0,21,156.25,
2025-12-18,17-A,wholesale,0,0,13,406.79,
2025-12-18,17-B,wholesale,0,0,13,345.78,
2025-12-18,17-C,wholesale,0,0,17,276.62,
2025-12-18,17-D,wholesale,0,1,0,170.85,
2025-12-19,14-A,retail,1,0,13,243.42,1.414387
2025-12-19,14-B,retail,1,0,20,176.85,1.20891
2025-12-19,14-C,retail,1,0,21,140.54,1.200854
2025-12-19,14-D,retail,0,0,23,85.62,1.184561
2025-12-19,15-A,retail,0,0,19,322.0,1.414387
2025-12-19,15-B,retail,3,0,6,233.94,1.20891
2025-12-19,15-C,retail,0,0,20,185.9,1.200854
2025-12-19,15-D,retail,0,0,19,113.27,1.184561
2025-12-19,16P-A,retail,0,0,0,530.49,1.414387
2025-12-19,16P-B,retail,0,0,22,385.41,1.20891
2025-12-19,16P-C,retail,3,0,9,306.27,1.200854
2025-12-19,16P-D,retail,0,0,20,186.6,1.184561
2025-12-19,17-A,retail,0,0,13,580.06,1.414387
2025-12-19,17-B,retail,3,0,13,421.42,1.20891
2025-12-19,17-C,retail,0,0,17,334.89,1.200854
2025-12-19,17-D,retail,0,0,10,204.04,1.184561
2025-12-19,14-A,wholesale,1,0,12,170.62,
2025-12-19,14-B,wholesale,0,0,19,145.02,
2025-12-19,14-C,wholesale,0,0,20,116.02,
2025-12-19,14-D,wholesale,0,0,23,71.66,
2025-12-19,15-A,wholesale,0,0,19,225.69,
2025-12-19,15-B,wholesale,1,0,3,191.84,
2025-12-19,15-C,wholesale,2,0,20,153.47,
2025-12-19,15-D,wholesale,1,0,19,94.79,
2025-12-19,16P-A,wholesale,0,0,0,371.83,
2025-12-19,16P-B,wholesale,0,0,22,316.05,
2025-12-19,16P-C,wholesale,0,0,6,252.84,
2025-12-19,16P-D,wholesale,1,0,20,156.17,
2025-12-19,17-A,wholesale,0,0,13,406.57,
2025-12-19,17-B,wholesale,0,0,10,345.58,
2025-12-19,17-C,wholesale,0,0,17,276.47,
2025-12-19,17-D,wholesale,0,0,10,170.76,
2025-12-20,14-A,retail,0,0,11,232.09,1.34931
2025-12-20,14-B,retail,2,0,19,191.99,1.313125
2025-12-20,14-C,retail,0,0,20,170.82,1.460469
2025-12-20,14-D,retail,0,0,23,79.55,1.10115
2025-12-20,15-A,retail,3,0,19,307.02,1.34931
2025-12-20,15-B,retail,0,0,12,253.96,1.313125
2025-12-20,15-C,retail,1,0,18,225.97,1.460469
2025-12-20,15-D,retail,0,0,18,105.23,1.10115
2025-12-20,16P-A,retail,0,1,0,505.8,1.34931
2025-12-20,16P-B,retail,3,0,22,418.4,1.313125
2025-12-20,16P-C,retail,0,0,6,372.28,1.460469
2025-12-20,16P-D,retail,0,0,19,173.37,1.10115
2025-12-20,17-A,retail,1,0,13,553.06,1.34931
2025-12-20,17-B,retail,1,0,10,457.49,1.313125
2025-12-20,17-C,retail,0,0,17,407.06,1.460469
2025-12-20,17-D,retail,0,0,10,189.56,1.10115
2025-12-20,14-A,wholesale,0,0,11,170.52,
2025-12-20,14-B,wholesale,0,0,17,144.94,
2025-12-20,14-C,wholesale,1,0,20,115.95,
2025-12-20,14-D,wholesale,2,0,23,71.62,
2025-12-20,15-A,wholesale,0,0,16,225.57,
2025-12-20,15-B,wholesale,1,0,12,191.73,
2025-12-20,15-C,wholesale,3,0,17,153.39,
2025-12-20,15-D,wholesale,1,0,18,94.74,
2025-12-20,16P-A,wholesale,0,1,0,371.62,
2025-12-20,16P-B,wholesale,1,0,19,315.88,
2025-12-20,16P-C,wholesale,1,0,6,252.7,
2025-12-20,16P-D,wholesale,1,0,19,156.08,
2025-12-20,17-A,wholesale,0,0,12,406.34,
2025-12-20,17-B,wholesale,0,0,9,345.39,
2025-12-20,17-C,wholesale,0,0,17,276.31,
2025-12-20,17-D,wholesale,2,0,10,170.66,
2025-12-21,14-A,retail,0,0,11,230.89,1.343089
2025-12-21,14-B,retail,1,0,17,205.29,1.404862
2025-12-21,14-C,retail,2,0,19,195.94,1.676126
2025-12-21,14-D,retail,0,0,21,112.63,1.559918
2025-12-21,15-A,retail,0,0,16,305.43,1.343089
2025-12-21,15-B,retail,2,0,12,271.56,1.404862
2025-12-21,15-C,retail,0,0,14,259.19,1.676126
2025-12-21,15-D,retail,0,0,17,148.99,1.559918
2025-12-21,16P-A,retail,2,0,10,503.19,1.343089
2025-12-21,16P-B,retail,2,0,18,447.38,1.404862
2025-12-21,16P-C,retail,1,0,5,427.01,1.676126
2025-12-21,16P-D,retail,0,0,18,245.46,1.559918
2025-12-21,17-A,retail,1,0,12,550.2,1.343089
2025-12-21,17-B,retail,1,0,9,489.18,1.404862
2025-12-21,17-C,retail,1,0,17,466.91,1.676126
2025-12-21,17-D,retail,0,0,8,268.39,1.559918
2025-12-21,14-A,wholesale,0,0,11,170.43,
2025-12-21,14-B,wholesale,0,0,16,144.86,
2025-12-21,14-C,wholesale,2,0,17,115.89,
2025-12-21,14-D,wholesale,0,0,21,71.58,
2025-12-21,15-A,wholesale,0,0,16,225.44,
2025-12-21,15-B,wholesale,1,0,10,191.63,
2025-12-21,15-C,wholesale,2,0,14,153.3,
2025-12-21,15-D,wholesale,4,0,17,94.69,
2025-12-21,16P-A,wholesale,0,0,8,371.41,
2025-12-21,16P-B,wholesale,0,0,16,315.7,
2025-12-21,16P-C,wholesale,1,0,4,252.56,
2025-12-21,16P-D,wholesale,0,0,18,155.99,
2025-12-21,17-A,wholesale,0,0,11,406.11,
2025-12-21,17-B,wholesale,0,0,8,345.2,
2025-12-21,17-C,wholesale,0,0,16,276.16,
2025-12-21,17-D,wholesale,1,0,8,170.57,
2025-12-22,14-A,retail,0,0,11,243.4,1.416641
2025-12-22,14-B,retail,0,0,16,201.04,1.376599
2025-12-22,14-C,retail,2,0,15,120.59,1.032109
2025-12-22,14-D,retail,0,0,21,101.32,1.404032
2025-12-22,15-A,retail,2,0,16,321.98,1.416641
2025-12-22,15-B,retail,0,0,9,265.94,1.376599
2025-12-22,15-C,retail,0,0,12,159.51,1.032109
2025-12-22,15-D,retail,0,0,13,134.03,1.404032
2025-12-22,16P-A,retail,2,0,8,530.45,1.416641
2025-12-22,16P-B,retail,2,0,16,438.14,1.376599
2025-12-22,16P-C,retail,0,0,3,262.8,1.032109
2025-12-22,16P-D,retail,0,0,18,220.81,1.404032
2025-12-22,17-A,retail,0,0,11,580.01,1.416641
2025-12-22,17-B,retail,0,0,8,479.07,1.376599
2025-12-22,17-C,retail,0,0,16,287.35,1.032109
2025-12-22,17-D,retail,0,0,17,241.44,1.404032
2025-12-22,14-A,wholesale,0,0,11,170.33,
2025-12-22,14-B,wholesale,1,0,16,144.78,
2025-12-22,14-C,wholesale,1,0,13,115.82,
2025-12-22,14-D,wholesale,2,0,21,71.54,
2025-12-22,15-A,wholesale,0,0,14,225.32,
2025-12-22,15-B,wholesale,0,0,9,191.52,
2025-12-22,15-C,wholesale,0,0,12,153.21,
2025-12-22,15-D,wholesale,2,0,13,94.63,
2025-12-22,16P-A,wholesale,2,0,6,371.2,
2025-12-22,16P-B,wholesale,0,0,14,315.52,
2025-12-22,16P-C,wholesale,0,0,3,252.42,
2025-12-22,16P-D,wholesale,1,0,18,155.91,
2025-12-22,17-A,wholesale,0,0,11,405.89,
2025-12-22,17-B,wholesale,0,0,8,345.0,
2025-12-22,17-C,wholesale,1,0,16,276.0,
2025-12-22,17-D,wholesale,0,0,17,170.47,
2025-12-23,14-A,retail,0,0,11,225.45,1.312885
2025-12-23,14-B,retail,0,0,15,173.16,1.186331
2025-12-23,14-C,retail,0,0,12,150.5,1.288865
2025-12-23,14-D,retail,0,0,19,96.65,1.340094
2025-12-23,15-A,retail,1,0,14,298.23,1.312885
2025-12-23,15-B,retail,1,0,11,229.06,1.186331
2025-12-23,15-C,retail,0,0,12,199.08,1.288865
2025-12-23,15-D,retail,0,0,11,127.85,1.340094
2025-12-23,16P-A,retail,1,0,4,491.32,1.312885
2025-12-23,16P-B,retail,1,0,24,377.37,1.186331
2025-12-23,16P-C,retail,0,0,4,327.99,1.288865
2025-12-23,16P-D,retail,0,0,17,210.63,1.340094
2025-12-23,17-A,retail,2,0,11,537.23,1.312885
2025-12-23,17-B,retail,0,0,8,412.63,1.186331
2025-12-23,17-C,retail,0,0,15,358.63,1.288865
2025-12-23,17-D,retail,0,0,17,230.31,1.340094
2025-12-23,14-A,wholesale,0,0,11,170.24,
2025-12-23,14-B,wholesale,0,0,15,144.7,
2025-12-23,14-C,wholesale,2,0,12,115.76,
2025-12-23,14-D,wholesale,1,0,19,71.5,
2025-12-23,15-A,wholesale,0,0,13,225.19,
2025-12-23,15-B,wholesale,0,0,10,191.41,
2025-12-23,15-C,wholesale,2,0,12,153.13,
2025-12-23,15-D,wholesale,1,0,11,94.58,
2025-12-23,16P-A,wholesale,1,0,3,371.0,
2025-12-23,16P-B,wholesale,1,0,23,315.35,
2025-12-23,16P-C,wholesale,1,0,4,252.28,
2025-12-23,16P-D,wholesale,0,0,17,155.82,
2025-12-23,17-A,wholesale,0,0,9,405.66,
2025-12-23,17-B,wholesale,0,0,8,344.81,
2025-12-23,17-C,wholesale,0,0,15,275.85,
2025-12-23,17-D,wholesale,0,0,17,170.38,
2025-12-24,14-A,retail,1,0,11,246.37,1.435494
2025-12-24,14-B,retail,2,0,15,177.34,1.21568
2025-12-24,14-C,retail,0,0,10,156.18,1.338216
2025-12-24,14-D,retail,0,0,18,93.12,1.291808
2025-12-24,15-A,retail,1,0,14,325.9,1.435494
2025-12-24,15-B,retail,2,0,10,234.59,1.21568
2025-12-24,15-C,retail,0,0,10,206.59,1.338216
2025-12-24,15-D,retail,0,0,10,123.18,1.291808
2025-12-24,16P-A,retail,1,0,2,536.91,1.435494
2025-12-24,16P-B,retail,1,0,23,386.49,1.21568
2025-12-24,16P-C,retail,0,0,3,340.36,1.338216
2025-12-24,16P-D,retail,0,0,17,202.93,1.291808
2025-12-24,17-A,retail,1,0,19,587.07,1.435494
2025-12-24,17-B,retail,1,0,8,422.6,1.21568
2025-12-24,17-C,retail,0,0,15,372.16,1.338216
2025-12-24,17-D,retail,0,0,17,221.89,1.291808
2025-12-24,14-A,wholesale,0,0,10,170.14,
2025-12-24,14-B,wholesale,0,0,13,144.62,
2025-12-24,14-C,wholesale,1,0,10,115.7,
2025-12-24,14-D,wholesale,1,0,18,71.46,
2025-12-24,15-A,wholesale,0,0,13,225.06,
2025-12-24,15-B,wholesale,2,0,8,191.3,
2025-12-24,15-C,wholesale,0,0,10,153.04,
2025-12-24,15-D,wholesale,3,0,10,94.53,
2025-12-24,16P-A,wholesale,0,0,1,370.79,
2025-12-24,16P-B,wholesale,0,0,22,315.17,
2025-12-24,16P-C,wholesale,1,0,3,252.14,
2025-12-24,16P-D,wholesale,0,0,17,155.73,
2025-12-24,17-A,wholesale,0,0,18,405.43,
2025-12-24,17-B,wholesale,1,0,7,344.62,
2025-12-24,17-C,wholesale,0,0,15,275.7,
2025-12-24,17-D,wholesale,0,0,17,170.28,
2025-12-25,14-A,retail,2,0,20,196.72,1.146878
2025-12-25,14-B,retail,2,0,23,208.5,1.430022
2025-12-25,14-C,retail,1,0,9,140.29,1.20281
2025-12-25,14-D,retail,1,0,17,110.27,1.530582
2025-12-25,15-A,retail,0,0,13,260.23,1.146878
2025-12-25,15-B,retail,0,0,6,275.8,1.430022
2025-12-25,15-C,retail,0,0,10,185.58,1.20281
2025-12-25,15-D,retail,0,0,17,145.86,1.530582
2025-12-25,16P-A,retail,0,0,1,428.72,1.146878
2025-12-25,16P-B,retail,2,0,22,454.38,1.430022
2025-12-25,16P-C,retail,0,0,2,305.75,1.20281
2025-12-25,16P-D,retail,0,0,27,240.31,1.530582
2025-12-25,17-A,retail,1,0,18,468.78,1.146878
2025-12-25,17-B,retail,0,0,6,496.83,1.430022
2025-12-25,17-C,retail,0,0,15,334.31,1.20281
2025-12-25,17-D,retail,0,0,17,262.76,1.530582
2025-12-25,14-A,wholesale,0,0,18,170.05,
2025-12-25,14-B,wholesale,0,0,21,144.54,
2025-12-25,14-C,wholesale,0,0,8,115.63,
2025-12-25,14-D,wholesale,1,0,16,71.42,
2025-12-25,15-A,wholesale,2,0,13,224.94,
2025-12-25,15-B,wholesale,0,0,6,191.2,
2025-12-25,15-C,wholesale,2,0,10,152.96,
2025-12-25,15-D,wholesale,0,0,17,94.47,
2025-12-25,16P-A,wholesale,0,0,1,370.58,
2025-12-25,16P-B,wholesale,0,0,20,315.0,
2025-12-25,16P-C,wholesale,1,0,2,252.0,
2025-12-25,16P-D,wholesale,0,0,27,155.64,
2025-12-25,17-A,wholesale,0,0,17,405.21,
2025-12-25,17-B,wholesale,1,0,6,344.43,
2025-12-25,17-C,wholesale,0,0,15,275.54,
2025-12-25,17-D,wholesale,0,0,17,170.19,
2025-12-26,14-A,retail,0,0,18,219.07,1.277884
2025-12-26,14-B,retail,0,0,21,196.37,1.347594
2025-12-26,14-C,retail,1,0,9,165.88,1.422966
2025-12-26,14-D,retail,1,0,15,92.63,1.286531
2025-12-26,15-A,retail,0,0,12,289.79,1.277884
2025-12-26,15-B,retail,0,0,6,259.76,1.347594
2025-12-26,15-C,retail,0,0,8,219.43,1.422966
2025-12-26,15-D,retail,1,0,17,122.54,1.286531
2025-12-26,16P-A,retail,2,0,16,477.43,1.277884
2025-12-26,16P-B,retail,2,0,20,427.95,1.347594
2025-12-26,16P-C,retail,0,0,1,361.51,1.422966
2025-12-26,16P-D,retail,0,0,27,201.88,1.286531
2025-12-26,17-A,retail,1,0,17,522.03,1.277884
2025-12-26,17-B,retail,1,0,5,467.93,1.347594
2025-12-26,17-C,retail,1,0,15,395.28,1.422966
2025-12-26,17-D,retail,0,0,17,220.74,1.286531
2025-12-26,14-A,wholesale,1,0,18,169.95,
2025-12-26,14-B,wholesale,0,0,21,144.46,
2025-12-26,14-C,wholesale,1,0,8,115.57,
2025-12-26,14-D,wholesale,0,0,14,71.38,
2025-12-26,15-A,wholesale,0,0,12,224.81,
2025-12-26,15-B,wholesale,0,0,6,191.09,
2025-12-26,15-C,wholesale,0,0,8,152.87,
2025-12-26,15-D,wholesale,0,0,16,94.42,
2025-12-26,16P-A,wholesale,0,0,14,370.38,
2025-12-26,16P-B,wholesale,0,0,18,314.82,
2025-12-26,16P-C,wholesale,0,0,1,251.86,
2025-12-26,16P-D,wholesale,1,0,27,155.56,
2025-12-26,17-A,wholesale,0,0,16,404.98,
2025-12-26,17-B,wholesale,1,0,4,344.23,
2025-12-26,17-C,wholesale,1,0,14,275.39,
2025-12-26,17-D,wholesale,1,0,17,170.09,
2025-12-27,14-A,retail,0,0,17,241.43,1.409099
2025-12-27,14-B,retail,1,0,21,171.03,1.174361
2025-12-27,14-C,retail,1,0,7,151.77,1.302607
2025-12-27,14-D,retail,0,0,14,110.2,1.53131
2025-12-27,15-A,retail,1,0,12,319.37,1.409099
2025-12-27,15-B,retail,3,0,6,226.24,1.174361
2025-12-27,15-C,retail,2,0,8,200.76,1.302607
2025-12-27,15-D,retail,0,0,16,145.77,1.53131
2025-12-27,16P-A,retail,0,0,14,526.15,1.409099
2025-12-27,16P-B,retail,1,0,18,372.73,1.174361
2025-12-27,16P-C,retail,0,0,11,330.75,1.302607
2025-12-27,16P-D,retail,0,0,26,240.15,1.53131
2025-12-27,17-A,retail,0,0,16,575.31,1.409099
2025-12-27,17-B,retail,3,0,3,407.55,1.174361
2025-12-27,17-C,retail,0,0,13,361.65,1.302607
2025-12-27,17-D,retail,1,0,16,262.59,1.53131
2025-12-27,14-A,wholesale,0,0,17,169.86,
2025-12-27,14-B,wholesale,2,0,20,144.38,
2025-12-27,14-C,wholesale,4,0,6,115.5,
2025-12-27,14-D,wholesale,0,0,14,71.34,
2025-12-27,15-A,wholesale,0,0,11,224.69,
2025-12-27,15-B,wholesale,0,0,3,190.98,
2025-12-27,15-C,wholesale,0,0,6,152.79,
2025-12-27,15-D,wholesale,1,0,16,94.37,
2025-12-27,16P-A,wholesale,0,0,14,370.17,
2025-12-27,16P-B,wholesale,0,0,17,314.64,
2025-12-27,16P-C,wholesale,2,0,11,251.72,
2025-12-27,16P-D,wholesale,0,0,26,155.47,
2025-12-27,17-A,wholesale,0,0,16,404.76,
2025-12-27,17-B,wholesale,0,1,0,344.04,
2025-12-27,17-C,wholesale,0,0,13,275.23,
2025-12-27,17-D,wholesale,0,0,15,170.0,
2025-12-28,14-A,retail,1,0,17,242.88,1.418377
2025-12-28,14-B,retail,4,0,28,193.97,1.33261
2025-12-28,14-C,retail,0,0,2,134.93,1.158717
2025-12-28,14-D,retail,1,0,14,83.91,1.166653
2025-12-28,15-A,retail,1,0,21,321.29,1.418377
2025-12-28,15-B,retail,0,0,23,256.58,1.33261
2025-12-28,15-C,retail,0,0,16,178.48,1.158717
2025-12-28,15-D,retail,0,0,15,110.99,1.166653
2025-12-28,16P-A,retail,1,0,14,529.32,1.418377
2025-12-28,16P-B,retail,0,0,17,422.72,1.33261
2025-12-28,16P-C,retail,0,0,9,294.05,1.158717
2025-12-28,16P-D,retail,0,0,26,182.86,1.166653
2025-12-28,17-A,retail,0,0,16,578.78,1.418377
2025-12-28,17-B,retail,0,1,0,462.21,1.33261
2025-12-28,17-C,retail,0,0,13,321.52,1.158717
2025-12-28,17-D,retail,0,0,15,199.95,1.166653
2025-12-28,14-A,wholesale,0,0,16,169.76,
2025-12-28,14-B,wholesale,0,0,24,144.3,
2025-12-28,14-C,wholesale,0,0,2,115.44,
2025-12-28,14-D,wholesale,1,0,13,71.3,
2025-12-28,15-A,wholesale,0,0,20,224.56,
2025-12-28,15-B,wholesale,0,0,23,190.88,
2025-12-28,15-C,wholesale,0,0,16,152.7,
2025-12-28,15-D,wholesale,2,0,15,94.32,
2025-12-28,16P-A,wholesale,1,0,13,369.96,
2025-12-28,16P-B,wholesale,0,0,17,314.47,
2025-12-28,16P-C,wholesale,3,0,9,251.57,
2025-12-28,16P-D,wholesale,1,0,26,155.38,
2025-12-28,17-A,wholesale,0,0,16,404.53,
2025-12-28,17-B,wholesale,0,0,0,343.85,
2025-12-28,17-C,wholesale,0,0,13,275.08,
2025-12-28,17-D,wholesale,2,0,15,169.9,
2025-12-29,14-A,retail,1,0,16,229.44,1.340599
2025-12-29,14-B,retail,1,0,24,160.73,1.104879
2025-12-29,14-C,retail,0,0,2,183.58,1.577469
2025-12-29,14-D,retail,0,0,12,105.83,1.472266
2025-12-29,15-A,retail,0,0,20,303.5,1.340599
2025-12-29,15-B,retail,1,0,23,212.62,1.104879
2025-12-29,15-C,retail,1,0,16,242.85,1.577469
2025-12-29,15-D,retail,1,0,13,139.99,1.472266
2025-12-29,16P-A,retail,1,0,12,500.02,1.340599
2025-12-29,16P-B,retail,4,0,17,350.28,1.104879
2025-12-29,16P-C,retail,0,0,6,400.09,1.577469
2025-12-29,16P-D,retail,0,0,25,230.63,1.472266
2025-12-29,17-A,retail,0,0,16,546.74,1.340599
2025-12-29,17-B,retail,0,0,10,383.01,1.104879
2025-12-29,17-C,retail,0,0,23,437.47,1.577469
2025-12-29,17-D,retail,0,0,13,252.18,1.472266
2025-12-29,14-A,wholesale,0,0,15,169.67,
2025-12-29,14-B,wholesale,0,0,23,144.22,
2025-12-29,14-C,wholesale,1,0,2,115.37,
2025-12-29,14-D,wholesale,1,0,12,71.26,
2025-12-29,15-A,wholesale,0,0,20,224.44,
2025-12-29,15-B,wholesale,0,0,22,190.77,
2025-12-29,15-C,wholesale,2,0,15,152.62,
2025-12-29,15-D,wholesale,0,0,12,94.26,
2025-12-29,16P-A,wholesale,0,0,11,369.76,
2025-12-29,16P-B,wholesale,1,0,13,314.29,
2025-12-29,16P-C,wholesale,0,0,6,251.43,
2025-12-29,16P-D,wholesale,0,0,25,155.3,
2025-12-29,17-A,wholesale,0,0,16,404.3,
2025-12-29,17-B,wholesale,1,0,10,343.66,
2025-12-29,17-C,wholesale,0,0,23,274.93,
2025-12-29,17-D,wholesale,0,0,13,169.81,
2025-12-30,14-A,retail,2,0,15,190.85,1.115772
2025-12-30,14-B,retail,0,0,24,213.3,1.467089
2025-12-30,14-C,retail,0,0,1,166.96,1.435453
2025-12-30,14-D,retail,0,0,11,91.93,1.279634
2025-12-30,15-A,retail,0,0,20,252.46,1.115772
2025-12-30,15-B,retail,0,0,22,282.16,1.467089
2025-12-30,15-C,retail,1,0,13,220.86,1.435453
2025-12-30,15-D,retail,0,0,22,121.61,1.279634
2025-12-30,16P-A,retail,0,0,21,415.93,1.115772
2025-12-30,16P-B,retail,0,0,12,464.86,1.467089
2025-12-30,16P-C,retail,1,0,6,363.87,1.435453
2025-12-30,16P-D,retail,0,0,25,200.35,1.279634
2025-12-30,17-A,retail,1,0,16,454.79,1.115772
2025-12-30,17-B,retail,0,0,19,508.29,1.467089
2025-12-30,17-C,retail,0,0,23,397.86,1.435453
2025-12-30,17-D,retail,0,0,13,219.06,1.279634
2025-12-30,14-A,wholesale,0,0,13,169.57,
2025-12-30,14-B,wholesale,0,0,24,144.14,
2025-12-30,14-C,wholesale,0,0,1,115.31,
2025-12-30,14-D,wholesale,2,0,11,71.22,
2025-12-30,15-A,wholesale,0,0,20,224.31,
2025-12-30,15-B,wholesale,2,0,22,190.66,
2025-12-30,15-C,wholesale,0,0,12,152.53,
2025-12-30,15-D,wholesale,1,0,22,94.21,
2025-12-30,16P-A,wholesale,1,0,21,369.55,
2025-12-30,16P-B,wholesale,0,0,12,314.12,
2025-12-30,16P-C,wholesale,0,0,5,251.29,
2025-12-30,16P-D,wholesale,2,0,25,155.21,
2025-12-30,17-A,wholesale,0,0,15,404.08,
2025-12-30,17-B,wholesale,0,0,19,343.47,
2025-12-30,17-C,wholesale,0,0,23,274.77,
2025-12-30,17-D,wholesale,0,0,13,169.71,
2025-12-31,14-A,retail,0,0,13,226.77,1.326468
2025-12-31,14-B,retail,0,0,24,177.01,1.218155
2025-12-31,14-C,retail,1,0,1,160.55,1.381115
2025-12-31,14-D,retail,0,0,9,94.57,1.31717
2025-12-31,15-A,retail,1,0,20,299.97,1.326468
2025-12-31,15-B,retail,2,0,21,234.15,1.218155
2025-12-31,15-C,retail,0,0,22,212.38,1.381115
2025-12-31,15-D,retail,0,0,21,125.1,1.31717
2025-12-31,16P-A,retail,1,0,21,494.2,1.326468
2025-12-31,16P-B,retail,0,0,12,385.77,1.218155
2025-12-31,16P-C,retail,0,0,5,349.9,1.381115
2025-12-31,16P-D,retail,0,0,23,206.11,1.31717
2025-12-31,17-A,retail,3,0,15,540.37,1.326468
2025-12-31,17-B,retail,0,0,19,421.81,1.218155
2025-12-31,17-C,retail,0,0,23,382.59,1.381115
2025-12-31,17-D,retail,0,0,13,225.36,1.31717
2025-12-31,14-A,wholesale,0,0,13,169.48,
2025-12-31,14-B,wholesale,0,0,24,144.05,
2025-12-31,14-C,wholesale,0,1,0,115.24,
2025-12-31,14-D,wholesale,1,0,9,71.18,
2025-12-31,15-A,wholesale,0,0,19,224.19,
2025-12-31,15-B,wholesale,0,0,19,190.56,
2025-12-31,15-C,wholesale,2,0,22,152.45,
2025-12-31,15-D,wholesale,0,0,21,94.16,
2025-12-31,16P-A,wholesale,0,0,20,369.34,
2025-12-31,16P-B,wholesale,1,0,12,313.94,
2025-12-31,16P-C,wholesale,0,0,5,251.15,
2025-12-31,16P-D,wholesale,0,0,23,155.12,
2025-12-31,17-A,wholesale,0,0,12,403.85,
2025-12-31,17-B,wholesale,0,0,19,343.27,
2025-12-31,17-C,wholesale,0,0,23,274.62,
2025-12-31,17-D,wholesale,0,0,13,169.62,
2026-01-01,14-A,retail,0,0,13,229.79,1.344904
2026-01-01,14-B,retail,1,0,24,164.78,1.134607
2026-01-01,14-C,retail,0,1,0,156.86,1.350085
2026-01-01,14-D,retail,0,0,18,106.97,1.490593
2026-01-01,15-A,retail,1,0,19,303.97,1.344904
2026-01-01,15-B,retail,0,0,29,217.97,1.134607
2026-01-01,15-C,retail,0,0,20,207.5,1.350085
2026-01-01,15-D,retail,1,0,21,141.5,1.490593
2026-01-01,16P-A,retail,1,0,20,500.78,1.344904
2026-01-01,16P-B,retail,0,0,11,359.11,1.134607
2026-01-01,16P-C,retail,2,0,20,341.84,1.350085
2026-01-01,16P-D,retail,0,0,23,233.11,1.490593
2026-01-01,17-A,retail,2,0,12,547.57,1.344904
2026-01-01,17-B,retail,8,0,19,392.66,1.134607
2026-01-01,17-C,retail,0,0,23,373.78,1.350085
2026-01-01,17-D,retail,0,0,13,254.89,1.490593
2026-01-01,14-A,wholesale,0,0,13,169.38,
2026-01-01,14-B,wholesale,0,0,23,143.97,
2026-01-01,14-C,wholesale,0,0,0,115.18,
2026-01-01,14-D,wholesale,0,0,18,71.14,
2026-01-01,15-A,wholesale,1,0,18,224.06,
2026-01-01,15-B,wholesale,0,0,29,190.45,
2026-01-01,15-C,wholesale,1,0,20,152.36,
2026-01-01,15-D,wholesale,3,0,20,94.11,
2026-01-01,16P-A,wholesale,1,0,19,369.14,
2026-01-01,16P-B,wholesale,2,0,11,313.77,
2026-01-01,16P-C,wholesale,4,0,18,251.01,
2026-01-01,16P-D,wholesale,2,0,23,155.04,
2026-01-01,17-A,wholesale,0,0,10,403.63,
2026-01-01,17-B,wholesale,0,0,11,343.08,
2026-01-01,17-C,wholesale,0,0,23,274.47,
2026-01-01,17-D,wholesale,0,0,13,169.52,
2026-01-02,14-A,retail,0,0,13,206.7,1.210453
2026-01-02,14-B,retail,0,0,23,178.84,1.232115
2026-01-02,14-C,retail,0,0,0,131.31,1.130859
2026-01-02,14-D,retail,0,0,18,102.4,1.42772
2026-01-02,15-A,retail,0,0,17,273.43,1.210453
2026-01-02,15-B,retail,1,0,29,236.57,1.232115
2026-01-02,15-C,retail,0,0,19,173.71,1.130859
2026-01-02,15-D,retail,1,0,17,135.45,1.42772
2026-01-02,16P-A,retail,1,0,18,450.47,1.210453
2026-01-02,16P-B,retail,3,0,19,389.75,1.232115
2026-01-02,16P-C,retail,0,0,14,286.18,1.130859
2026-01-02,16P-D,retail,0,0,21,223.16,1.42772
2026-01-02,17-A,retail,2,0,10,492.56,1.210453
2026-01-02,17-B,retail,2,0,11,426.17,1.232115
2026-01-02,17-C,retail,0,0,23,312.91,1.130859
2026-01-02,17-D,retail,0,0,13,244.01,1.42772
2026-01-02,14-A,wholesale,0,0,13,169.29,
2026-01-02,14-B,wholesale,1,0,23,143.89,
2026-01-02,14-C,wholesale,0,1,0,115.12,
2026-01-02,14-D,wholesale,1,0,18,71.1,
2026-01-02,15-A,wholesale,0,0,17,223.94,
2026-01-02,15-B,wholesale,0,0,28,190.35,
2026-01-02,15-C,wholesale,0,0,19,152.28,
2026-01-02,15-D,wholesale,3,0,16,94.05,
2026-01-02,16P-A,wholesale,0,0,17,368.93,
2026-01-02,16P-B,wholesale,2,0,16,313.59,
2026-01-02,16P-C,wholesale,0,0,14,250.87,
2026-01-02,16P-D,wholesale,1,0,21,154.95,
2026-01-02,17-A,wholesale,0,0,8,403.4,
2026-01-02,17-B,wholesale,0,0,9,342.89,
2026-01-02,17-C,wholesale,0,0,23,274.31,
2026-01-02,17-D,wholesale,0,0,13,169.43,
2026-01-03,14-A,retail,0,0,13,213.37,1.250184
2026-01-03,14-B,retail,0,0,22,196.59,1.355193
2026-01-03,14-C,retail,0,1,0,131.85,1.136135
2026-01-03,14-D,retail,1,0,17,85.86,1.197747
2026-01-03,15-A,retail,2,0,17,282.25,1.250184
2026-01-03,15-B,retail,1,0,28,260.06,1.355193
2026-01-03,15-C,retail,2,0,19,174.42,1.136135
2026-01-03,15-D,retail,0,0,13,113.57,1.197747
2026-01-03,16P-A,retail,1,0,17,464.99,1.250184
2026-01-03,16P-B,retail,1,0,14,428.44,1.355193
2026-01-03,16P-C,retail,0,0,24,287.35,1.136135
2026-01-03,16P-D,retail,1,0,20,187.11,1.197747
2026-01-03,17-A,retail,1,0,8,508.44,1.250184
2026-01-03,17-B,retail,2,0,9,468.47,1.355193
2026-01-03,17-C,retail,2,0,23,314.2,1.136135
2026-01-03,17-D,retail,0,0,13,204.59,1.197747
2026-01-03,14-A,wholesale,0,0,13,169.19,
2026-01-03,14-B,wholesale,0,0,22,143.81,
2026-01-03,14-C,wholesale,0,0,0,115.05,
2026-01-03,14-D,wholesale,0,0,16,71.06,
2026-01-03,15-A,wholesale,0,0,15,223.81,
2026-01-03,15-B,wholesale,0,0,27,190.24,
2026-01-03,15-C,wholesale,0,0,17,152.19,
2026-01-03,15-D,wholesale,3,0,13,94.0,
2026-01-03,16P-A,wholesale,0,0,16,368.73,
2026-01-03,16P-B,wholesale,0,0,13,313.42,
2026-01-03,16P-C,wholesale,0,0,24,250.73,
2026-01-03,16P-D,wholesale,0,0,19,154.86,
2026-01-03,17-A,wholesale,0,0,7,403.18,
2026-01-03,17-B,wholesale,0,0,7,342.7,
2026-01-03,17-C,wholesale,2,0,21,274.16,
2026-01-03,17-D,wholesale,0,0,13,169.33,
2026-01-04,14-A,retail,3,0,13,193.84,1.136432
2026-01-04,14-B,retail,1,0,22,213.54,1.472834
2026-01-04,14-C,retail,0,1,0,137.28,1.183592
2026-01-04,14-D,retail,0,0,16,95.16,1.32825
2026-01-04,15-A,retail,2,0,15,256.42,1.136432
2026-01-04,15-B,retail,1,0,27,282.48,1.472834
2026-01-04,15-C,retail,1,0,17,181.6,1.183592
2026-01-04,15-D,retail,0,0,10,125.87,1.32825
2026-01-04,16P-A,retail,0,0,16,422.45,1.136432
2026-01-04,16P-B,retail,1,0,13,465.38,1.472834
2026-01-04,16P-C,retail,3,0,24,299.19,1.183592
2026-01-04,16P-D,retail,0,0,19,207.38,1.32825
2026-01-04,17-A,retail,1,0,7,461.92,1.136432
2026-01-04,17-B,retail,0,0,7,508.86,1.472834
2026-01-04,17-C,retail,0,0,19,327.14,1.183592
2026-01-04,17-D,retail,0,0,13,226.75,1.32825
2026-01-04,14-A,wholesale,0,0,10,169.1,
2026-01-04,14-B,wholesale,0,0,21,143.73,
2026-01-04,14-C,wholesale,0,1,0,114.99,
2026-01-04,14-D,wholesale,1,0,16,71.02,
2026-01-04,15-A,wholesale,0,0,13,223.69,
2026-01-04,15-B,wholesale,0,0,26,190.13,
2026-01-04,15-C,wholesale,0,0,16,152.11,
2026-01-04,15-D,wholesale,3,0,10,93.95,
2026-01-04,16P-A,wholesale,0,0,16,368.52,
2026-01-04,16P-B,wholesale,0,0,12,313.24,
2026-01-04,16P-C,wholesale,1,0,21,250.59,
2026-01-04,16P-D,wholesale,2,0,19,154.78,
2026-01-04,17-A,wholesale,0,0,6,402.95,
2026-01-04,17-B,wholesale,0,0,7,342.51,
2026-01-04,17-C,wholesale,0,0,19,274.01,
2026-01-04,17-D,wholesale,0,0,13,169.24,
2026-01-05,14-A,retail,0,0,10,217.93,1.278342
2026-01-05,14-B,retail,2,0,21,171.12,1.180882
2026-01-05,14-C,retail,0,0,0,157.09,1.35511
2026-01-05,14-D,retail,0,0,15,103.25,1.442074
2026-01-05,15-A,retail,0,0,13,288.28,1.278342
2026-01-05,15-B,retail,1,0,26,226.36,1.180882
2026-01-05,15-C,retail,0,0,16,207.8,1.35511
2026-01-05,15-D,retail,0,0,7,136.59,1.442074
2026-01-05,16P-A,retail,0,0,16,474.94,1.278342
2026-01-05,16P-B,retail,2,0,12,372.92,1.180882
2026-01-05,16P-C,retail,0,0,20,342.35,1.35511
2026-01-05,16P-D,retail,0,0,17,225.02,1.442074
2026-01-05,17-A,retail,2,0,6,519.31,1.278342
2026-01-05,17-B,retail,0,0,7,407.76,1.180882
2026-01-05,17-C,retail,0,0,19,374.34,1.35511
2026-01-05,17-D,retail,0,0,13,246.05,1.442074
2026-01-05,14-A,wholesale,0,0,10,169.0,
2026-01-05,14-B,wholesale,2,0,19,143.65,
2026-01-05,14-C,wholesale,0,0,0,114.92,
2026-01-05,14-D,wholesale,2,0,15,70.98,
2026-01-05,15-A,wholesale,1,0,13,223.56,
2026-01-05,15-B,wholesale,2,0,25,190.03,
2026-01-05,15-C,wholesale,0,0,16,152.02,
2026-01-05,15-D,wholesale,2,0,7,93.9,
2026-01-05,16P-A,wholesale,0,0,16,368.31,
2026-01-05,16P-B,wholesale,0,0,10,313.07,
2026-01-05,16P-C,wholesale,0,0,20,250.45,
2026-01-05,16P-D,wholesale,0,0,17,154.69,
2026-01-05,17-A,wholesale,0,0,4,402.73,
2026-01-05,17-B,wholesale,0,0,7,342.32,
2026-01-05,17-C,wholesale,0,0,19,273.85,
2026-01-05,17-D,wholesale,0,0,13,169.14,
2026-01-06,14-A,retail,1,0,10,202.21,1.186793
2026-01-06,14-B,retail,2,0,17,166.96,1.152847
2026-01-06,14-C,retail,0,0,0,146.58,1.265107
2026-01-06,14-D,retail,0,0,13,99.12,1.385165
2026-01-06,15-A,retail,1,0,12,267.49,1.186793
2026-01-06,15-B,retail,2,0,33,220.86,1.152847
2026-01-06,15-C,retail,0,0,16,193.89,1.265107
2026-01-06,15-D,retail,0,0,15,131.12,1.385165
2026-01-06,16P-A,retail,0,0,16,440.68,1.186793
2026-01-06,16P-B,retail,0,0,10,363.86,1.152847
2026-01-06,16P-C,retail,0,0,20,319.43,1.265107
2026-01-06,16P-D,retail,0,0,17,216.02,1.385165
2026-01-06,17-A,retail,0,0,4,481.85,1.186793
2026-01-06,17-B,retail,2,0,17,397.86,1.152847
2026-01-06,17-C,retail,1,0,19,349.28,1.265107
2026-01-06,17-D,retail,0,0,14,236.2,1.385165
2026-01-06,14-A,wholesale,0,0,9,168.91,
2026-01-06,14-B,wholesale,0,0,15,143.57,
2026-01-06,14-C,wholesale,0,0,0,114.86,
2026-01-06,14-D,wholesale,1,0,13,70.94,
2026-01-06,15-A,wholesale,0,0,11,223.44,
2026-01-06,15-B,wholesale,1,0,31,189.92,
2026-01-06,15-C,wholesale,0,0,16,151.94,
2026-01-06,15-D,wholesale,0,0,15,93.84,
2026-01-06,16P-A,wholesale,1,0,16,368.11,
2026-01-06,16P-B,wholesale,0,0,10,312.89,
2026-01-06,16P-C,wholesale,0,0,20,250.31,
2026-01-06,16P-D,wholesale,1,0,17,154.61,
2026-01-06,17-A,wholesale,0,0,4,402.5,
2026-01-06,17-B,wholesale,1,0,15,342.13,
2026-01-06,17-C,wholesale,0,0,18,273.7,
2026-01-06,17-D,wholesale,0,0,14,169.05,
2026-01-07,14-A,retail,0,0,9,194.4,1.1416
2026-01-07,14-B,retail,3,0,16,179.26,1.238474
2026-01-07,14-C,retail,0,0,10,165.97,1.433314
2026-01-07,14-D,retail,0,0,12,90.68,1.26792
2026-01-07,15-A,retail,0,0,11,257.16,1.1416
2026-01-07,15-B,retail,1,0,30,237.13,1.238474
2026-01-07,15-C,retail,0,0,16,219.55,1.433314
2026-01-07,15-D,retail,0,0,15,119.96,1.26792
2026-01-07,16P-A,retail,1,0,15,423.66,1.1416
2026-01-07,16P-B,retail,1,0,10,390.67,1.238474
2026-01-07,16P-C,retail,0,0,20,361.7,1.433314
2026-01-07,16P-D,retail,0,0,16,197.63,1.26792
2026-01-07,17-A,retail,1,0,4,463.24,1.1416
2026-01-07,17-B,retail,0,0,14,427.17,1.238474
2026-01-07,17-C,retail,0,0,18,395.5,1.433314
2026-01-07,17-D,retail,0,0,14,216.09,1.26792
2026-01-07,14-A,wholesale,0,0,9,168.81,
2026-01-07,14-B,wholesale,0,0,13,143.49,
2026-01-07,14-C,wholesale,0,0,10,114.79,
2026-01-07,14-D,wholesale,0,0,12,70.9,
2026-01-07,15-A,wholesale,0,0,11,223.31,
2026-01-07,15-B,wholesale,0,0,29,189.81,
2026-01-07,15-C,wholesale,2,0,16,151.85,
2026-01-07,15-D,wholesale,0,0,15,93.79,
2026-01-07,16P-A,wholesale,0,0,14,367.9,
2026-01-07,16P-B,wholesale,0,0,9,312.72,
2026-01-07,16P-C,wholesale,1,0,20,250.17,
2026-01-07,16P-D,wholesale,2,0,16,154.52,
2026-01-07,17-A,wholesale,0,0,3,402.28,
2026-01-07,17-B,wholesale,1,0,14,341.93,
2026-01-07,17-C,wholesale,0,0,18,273.55,
2026-01-07,17-D,wholesale,0,0,14,168.96,
2026-01-08,14-A,retail,1,0,9,224.51,1.319167
2026-01-08,14-B,retail,0,0,23,164.6,1.137823
2026-01-08,14-C,retail,0,0,10,139.14,1.202247
2026-01-08,14-D,retail,0,0,12,93.14,1.302958
2026-01-08,15-A,retail,0,0,11,296.99,1.319167
2026-01-08,15-B,retail,2,0,29,217.74,1.137823
2026-01-08,15-C,retail,3,0,14,184.05,1.202247
2026-01-08,15-D,retail,0,0,15,123.2,1.302958
2026-01-08,16P-A,retail,2,0,24,489.28,1.319167
2026-01-08,16P-B,retail,3,0,24,358.72,1.137823
2026-01-08,16P-C,retail,0,0,19,303.22,1.202247
2026-01-08,16P-D,retail,0,0,14,202.97,1.302958
2026-01-08,17-A,retail,2,0,3,535.0,1.319167
2026-01-08,17-B,retail,0,0,13,392.24,1.137823
2026-01-08,17-C,retail,0,0,18,331.55,1.202247
2026-01-08,17-D,retail,0,0,14,221.94,1.302958
2026-01-08,14-A,wholesale,0,0,8,168.72,
2026-01-08,14-B,wholesale,0,0,23,143.41,
2026-01-08,14-C,wholesale,1,0,10,114.73,
2026-01-08,14-D,wholesale,2,0,12,70.86,
2026-01-08,15-A,wholesale,0,0,11,223.19,
2026-01-08,15-B,wholesale,1,0,27,189.71,
2026-01-08,15-C,wholesale,0,0,11,151.77,
2026-01-08,15-D,wholesale,1,0,15,93.74,
2026-01-08,16P-A,wholesale,0,0,22,367.7,
2026-01-08,16P-B,wholesale,0,0,21,312.54,
2026-01-08,16P-C,wholesale,0,0,19,250.03,
2026-01-08,16P-D,wholesale,4,0,14,154.43,
2026-01-08,17-A,wholesale,0,0,1,402.05,
2026-01-08,17-B,wholesale,0,0,13,341.74,
2026-01-08,17-C,wholesale,2,0,18,273.4,
2026-01-08,17-D,wholesale,0,0,14,168.86,
2026-01-09,14-A,retail,1,0,8,246.04,1.446493
2026-01-09,14-B,retail,1,0,23,231.6,1.601821
2026-01-09,14-C,retail,0,0,9,141.23,1.221051
2026-01-09,14-D,retail,0,0,10,107.17,1.500123
2026-01-09,15-A,retail,1,0,11,325.47,1.446493
2026-01-09,15-B,retail,1,0,26,306.36,1.601821
2026-01-09,15-C,retail,2,0,11,186.83,1.221051
2026-01-09,15-D,retail,0,0,14,141.77,1.500123
2026-01-09,16P-A,retail,0,0,22,536.21,1.446493
2026-01-09,16P-B,retail,1,0,21,504.72,1.601821
2026-01-09,16P-C,retail,2,0,19,307.79,1.221051
2026-01-09,16P-D,retail,0,0,10,233.56,1.500123
2026-01-09,17-A,retail,1,0,1,586.31,1.446493
2026-01-09,17-B,retail,0,0,13,551.88,1.601821
2026-01-09,17-C,retail,0,0,16,336.55,1.221051
2026-01-09,17-D,retail,0,0,14,255.38,1.500123
2026-01-09,14-A,wholesale,0,0,7,168.63,
2026-01-09,14-B,wholesale,1,0,22,143.33,
2026-01-09,14-C,wholesale,3,0,9,114.67,
2026-01-09,14-D,wholesale,2,0,10,70.82,
2026-01-09,15-A,wholesale,0,0,10,223.06,
2026-01-09,15-B,wholesale,0,0,25,189.6,
2026-01-09,15-C,wholesale,4,0,9,151.68,
2026-01-09,15-D,wholesale,0,0,14,93.69,
2026-01-09,16P-A,wholesale,0,0,22,367.49,
2026-01-09,16P-B,wholesale,1,0,20,312.37,
2026-01-09,16P-C,wholesale,0,0,17,249.89,
2026-01-09,16P-D,wholesale,0,0,10,154.35,
2026-01-09,17-A,wholesale,0,0,0,401.83,
2026-01-09,17-B,wholesale,2,0,13,341.55,
2026-01-09,17-C,wholesale,1,0,16,273.24,
2026-01-09,17-D,wholesale,0,0,14,168.77,
2026-01-10,14-A,retail,1,0,7,220.17,1.29513
2026-01-10,14-B,retail,2,0,21,191.43,1.324783
2026-01-10,14-C,retail,1,0,21,148.32,1.283069
2026-01-10,14-D,retail,0,0,8,97.89,1.370966
2026-01-10,15-A,retail,4,0,20,291.25,1.29513
2026-01-10,15-B,retail,2,0,25,253.23,1.324783
2026-01-10,15-C,retail,1,0,5,196.21,1.283069
2026-01-10,15-D,retail,0,0,14,129.49,1.370966
2026-01-10,16P-A,retail,1,0,22,479.83,1.29513
2026-01-10,16P-B,retail,2,0,19,417.2,1.324783
2026-01-10,16P-C,retail,0,0,17,323.25,1.283069
2026-01-10,16P-D,retail,0,0,10,213.33,1.370966
2026-01-10,17-A,retail,0,1,0,524.66,1.29513
2026-01-10,17-B,retail,2,0,11,456.18,1.324783
2026-01-10,17-C,retail,0,0,15,353.45,1.283069
2026-01-10,17-D,retail,0,0,14,233.26,1.370966
2026-01-10,14-A,wholesale,0,0,6,168.53,
2026-01-10,14-B,wholesale,0,0,19,143.25,
2026-01-10,14-C,wholesale,1,0,20,114.6,
2026-01-10,14-D,wholesale,1,0,8,70.78,
2026-01-10,15-A,wholesale,0,0,16,222.94,
2026-01-10,15-B,wholesale,1,0,23,189.5,
2026-01-10,15-C,wholesale,0,0,4,151.6,
2026-01-10,15-D,wholesale,5,0,14,93.63,
2026-01-10,16P-A,wholesale,0,0,21,367.29,
2026-01-10,16P-B,wholesale,2,0,17,312.19,
2026-01-10,16P-C,wholesale,1,0,17,249.75,
2026-01-10,16P-D,wholesale,5,0,10,154.26,
2026-01-10,17-A,wholesale,0,1,0,401.6,
2026-01-10,17-B,wholesale,1,0,9,341.36,
2026-01-10,17-C,wholesale,0,0,15,273.09,
2026-01-10,17-D,wholesale,1,0,14,168.67,
2026-01-11,14-A,retail,2,0,6,222.62,1.310263
2026-01-11,14-B,retail,3,0,29,167.52,1.159943
2026-01-11,14-C,retail,0,0,19,140.88,1.219341
2026-01-11,14-D,retail,0,0,7,86.58,1.213289
2026-01-11,15-A,retail,1,0,16,294.49,1.310263
2026-01-11,15-B,retail,8,0,22,221.6,1.159943
2026-01-11,15-C,retail,0,0,4,186.36,1.219341
2026-01-11,15-D,retail,0,0,9,114.53,1.213289
2026-01-11,16P-A,retail,0,0,21,485.17,1.310263
2026-01-11,16P-B,retail,1,0,15,365.08,1.159943
2026-01-11,16P-C,retail,1,0,16,307.02,1.219341
2026-01-11,16P-D,retail,0,0,5,188.69,1.213289
2026-01-11,17-A,retail,0,1,0,530.5,1.310263
2026-01-11,17-B,retail,0,0,8,399.19,1.159943
2026-01-11,17-C,retail,1,0,15,335.71,1.219341
2026-01-11,17-D,retail,0,0,23,206.32,1.213289
2026-01-11,14-A,wholesale,0,0,4,168.44,
2026-01-11,14-B,wholesale,0,0,26,143.17,
2026-01-11,14-C,wholesale,0,0,19,114.54,
2026-01-11,14-D,wholesale,0,0,7,70.74,
2026-01-11,15-A,wholesale,0,0,15,222.81,
2026-01-11,15-B,wholesale,0,0,14,189.39,
2026-01-11,15-C,wholesale,1,0,4,151.51,
2026-01-11,15-D,wholesale,1,0,9,93.58,
2026-01-11,16P-A,wholesale,0,0,21,367.08,
2026-01-11,16P-B,wholesale,1,0,14,312.02,
2026-01-11,16P-C,wholesale,0,0,15,249.62,
2026-01-11,16P-D,wholesale,0,0,5,154.17,
2026-01-11,17-A,wholesale,0,0,0,401.38,
2026-01-11,17-B,wholesale,0,0,8,341.17,
2026-01-11,17-C,wholesale,1,0,14,272.94,
2026-01-11,17-D,wholesale,0,0,23,168.58,
2026-01-12,14-A,retail,1,0,14,233.8,1.376832
2026-01-12,14-B,retail,1,0,26,182.55,1.264686
2026-01-12,14-C,retail,0,0,19,147.33,1.275883
2026-01-12,14-D,retail,0,0,7,104.71,1.468209
2026-01-12,15-A,retail,0,0,15,309.28,1.376832
2026-01-12,15-B,retail,1,0,14,241.47,1.264686
2026-01-12,15-C,retail,2,0,13,194.89,1.275883
2026-01-12,15-D,retail,1,0,8,138.52,1.468209
2026-01-12,16P-A,retail,0,0,21,509.53,1.376832
2026-01-12,16P-B,retail,0,0,13,397.83,1.264686
2026-01-12,16P-C,retail,0,0,25,321.08,1.275883
2026-01-12,16P-D,retail,0,0,5,228.21,1.468209
2026-01-12,17-A,retail,0,1,0,557.14,1.376832
2026-01-12,17-B,retail,0,0,8,435.0,1.264686
2026-01-12,17-C,retail,1,0,13,351.08,1.275883
2026-01-12,17-D,retail,0,0,23,249.53,1.468209
2026-01-12,14-A,wholesale,0,0,13,168.34,
2026-01-12,14-B,wholesale,0,0,25,143.09,
2026-01-12,14-C,wholesale,2,0,19,114.47,
2026-01-12,14-D,wholesale,1,0,7,70.7,
2026-01-12,15-A,wholesale,0,0,15,222.69,
2026-01-12,15-B,wholesale,2,0,13,189.29,
2026-01-12,15-C,wholesale,4,0,11,151.43,
2026-01-12,15-D,wholesale,0,0,7,93.53,
2026-01-12,16P-A,wholesale,0,0,21,366.88,
2026-01-12,16P-B,wholesale,0,0,13,311.85,
2026-01-12,16P-C,wholesale,0,0,25,249.48,
2026-01-12,16P-D,wholesale,1,0,5,154.09,
2026-01-12,17-A,wholesale,0,0,0,401.15,
2026-01-12,17-B,wholesale,0,0,8,340.98,
2026-01-12,17-C,wholesale,0,0,12,272.79,
2026-01-12,17-D,wholesale,0,0,23,168.48,
2026-01-13,14-A,retail,1,0,23,215.29,1.2685
2026-01-13,14-B,retail,0,0,25,177.09,1.22756
2026-01-13,14-C,retail,0,0,17,150.05,1.300147
2026-01-13,14-D,retail,0,0,6,95.37,1.337938
2026-01-13,15-A,retail,0,0,15,284.79,1.2685
2026-01-13,15-B,retail,3,0,11,234.26,1.22756
2026-01-13,15-C,retail,1,0,7,198.49,1.300147
2026-01-13,15-D,retail,0,0,7,126.16,1.337938
2026-01-13,16P-A,retail,2,0,21,469.18,1.2685
2026-01-13,16P-B,retail,0,0,13,385.93,1.22756
2026-01-13,16P-C,retail,2,0,25,327.0,1.300147
2026-01-13,16P-D,retail,1,0,4,207.84,1.337938
2026-01-13,17-A,retail,0,0,0,513.02,1.2685
2026-01-13,17-B,retail,1,0,8,421.99,1.22756
2026-01-13,17-C,retail,0,0,13,357.55,1.300147
2026-01-13,17-D,retail,0,0,23,227.26,1.337938
2026-01-13,14-A,wholesale,0,0,22,168.25,
2026-01-13,14-B,wholesale,1,0,25,143.01,
2026-01-13,14-C,wholesale,0,0,17,114.41,
2026-01-13,14-D,wholesale,1,0,6,70.67,
2026-01-13,15-A,wholesale,0,0,15,222.56,
2026-01-13,15-B,wholesale,0,0,8,189.18,
2026-01-13,15-C,wholesale,0,0,6,151.34,
2026-01-13,15-D,wholesale,2,0,7,93.48,
2026-01-13,16P-A,wholesale,0,0,19,366.67,
2026-01-13,16P-B,wholesale,0,0,13,311.67,
2026-01-13,16P-C,wholesale,0,0,23,249.34,
2026-01-13,16P-D,wholesale,0,0,3,154.0,
2026-01-13,17-A,wholesale,0,0,0,400.93,
2026-01-13,17-B,wholesale,0,0,7,340.79,
2026-01-13,17-C,wholesale,0,0,13,272.63,
2026-01-13,17-D,wholesale,1,0,23,168.39,
2026-01-14,14-A,retail,1,0,22,223.88,1.319891
2026-01-14,14-B,retail,3,0,24,176.08,1.221237
2026-01-14,14-C,retail,1,0,17,165.85,1.437895
2026-01-14,14-D,retail,0,0,15,85.48,1.199899
2026-01-14,15-A,retail,1,0,15,296.16,1.319891
2026-01-14,15-B,retail,0,0,18,232.92,1.221237
2026-01-14,15-C,retail,0,0,7,219.39,1.437895
2026-01-14,15-D,retail,0,0,5,113.08,1.199899
2026-01-14,16P-A,retail,0,0,19,487.91,1.319891
2026-01-14,16P-B,retail,0,0,13,383.73,1.221237
2026-01-14,16P-C,retail,0,0,23,361.44,1.437895
2026-01-14,16P-D,retail,2,0,3,186.29,1.199899
2026-01-14,17-A,retail,0,1,0,533.5,1.319891
2026-01-14,17-B,retail,1,0,7,419.58,1.221237
2026-01-14,17-C,retail,0,0,13,395.22,1.437895
2026-01-14,17-D,retail,0,0,22,203.7,1.199899
2026-01-14,14-A,wholesale,0,0,21,168.16,
2026-01-14,14-B,wholesale,0,0,21,142.93,
2026-01-14,14-C,wholesale,0,0,16,114.35,
2026-01-14,14-D,wholesale,0,0,15,70.63,
2026-01-14,15-A,wholesale,0,0,14,222.44,
2026-01-14,15-B,wholesale,0,0,18,189.07,
2026-01-14,15-C,wholesale,0,0,7,151.26,
2026-01-14,15-D,wholesale,4,0,5,93.42,
2026-01-14,16P-A,wholesale,0,0,19,366.47,
2026-01-14,16P-B,wholesale,0,0,13,311.5,
2026-01-14,16P-C,wholesale,1,0,23,249.2,
2026-01-14,16P-D,wholesale,1,0,1,153.92,
2026-01-14,17-A,wholesale,0,0,0,400.71,
2026-01-14,17-B,wholesale,0,0,6,340.6,
2026-01-14,17-C,wholesale,0,0,13,272.48,
2026-01-14,17-D,wholesale,0,0,22,168.3,
2026-01-15,14-A,retail,0,0,21,214.8,1.267067
2026-01-15,14-B,retail,1,0,21,183.44,1.273026
2026-01-15,14-C,retail,0,0,16,147.63,1.280623
2026-01-15,14-D,retail,0,0,15,95.05,1.334922
2026-01-15,15-A,retail,0,0,14,284.15,1.267067
2026-01-15,15-B,retail,0,0,18,242.66,1.273026
2026-01-15,15-C,retail,1,0,7,195.29,1.280623
2026-01-15,15-D,retail,0,0,1,125.73,1.334922
2026-01-15,16P-A,retail,1,0,19,468.13,1.267067
2026-01-15,16P-B,retail,1,0,23,399.78,1.273026
2026-01-15,16P-C,retail,0,0,22,321.73,1.280623
2026-01-15,16P-D,retail,0,0,0,207.14,1.334922
2026-01-15,17-A,retail,0,1,0,511.86,1.267067
2026-01-15,17-B,retail,0,0,6,437.13,1.273026
2026-01-15,17-C,retail,0,0,13,351.79,1.280623
2026-01-15,17-D,retail,0,0,22,226.5,1.334922
2026-01-15,14-A,wholesale,0,0,21,168.06,
2026-01-15,14-B,wholesale,0,0,20,142.85,
2026-01-15,14-C,wholesale,1,0,16,114.28,
2026-01-15,14-D,wholesale,1,0,15,70.59,
2026-01-15,15-A,wholesale,1,0,14,222.32,
2026-01-15,15-B,wholesale,0,0,18,188.97,
2026-01-15,15-C,wholesale,0,0,6,151.18,
2026-01-15,15-D,wholesale,0,0,1,93.37,
2026-01-15,16P-A,wholesale,0,0,18,366.26,
2026-01-15,16P-B,wholesale,0,0,22,311.32,
2026-01-15,16P-C,wholesale,1,0,22,249.06,
2026-01-15,16P-D,wholesale,0,0,0,153.83,
2026-01-15,17-A,wholesale,0,0,0,400.48,
2026-01-15,17-B,wholesale,0,0,6,340.41,
2026-01-15,17-C,wholesale,0,0,13,272.33,
2026-01-15,17-D,wholesale,0,0,22,168.2,
2026-01-16,14-A,retail,1,0,21,222.73,1.314572
2026-01-16,14-B,retail,1,0,20,167.32,1.161795
2026-01-16,14-C,retail,1,0,15,186.11,1.615337
2026-01-16,14-D,retail,0,0,14,100.24,1.408558
2026-01-16,15-A,retail,1,0,13,294.63,1.314572
2026-01-16,15-B,retail,1,0,18,221.33,1.161795
2026-01-16,15-C,retail,1,0,6,246.19,1.615337
2026-01-16,15-D,retail,1,0,1,132.59,1.408558
2026-01-16,16P-A,retail,0,0,18,485.41,1.314572
2026-01-16,16P-B,retail,1,0,22,364.64,1.161795
2026-01-16,16P-C,retail,0,0,21,405.6,1.615337
2026-01-16,16P-D,retail,0,0,0,218.45,1.408558
2026-01-16,17-A,retail,0,0,0,530.76,1.314572
2026-01-16,17-B,retail,0,0,6,398.71,1.161795
2026-01-16,17-C,retail,0,0,13,443.49,1.615337
2026-01-16,17-D,retail,0,0,22,238.86,1.408558
2026-01-16,14-A,wholesale,0,0,20,167.97,
2026-01-16,14-B,wholesale,0,0,19,142.77,
2026-01-16,14-C,wholesale,2,0,14,114.22,
2026-01-16,14-D,wholesale,0,0,14,70.55,
2026-01-16,15-A,wholesale,0,0,12,222.19,
2026-01-16,15-B,wholesale,0,0,17,188.86,
2026-01-16,15-C,wholesale,2,0,5,151.09,
2026-01-16,15-D,wholesale,0,1,0,93.32,
2026-01-16,16P-A,wholesale,0,0,18,366.06,
2026-01-16,16P-B,wholesale,0,0,21,311.15,
2026-01-16,16P-C,wholesale,0,0,21,248.92,
2026-01-16,16P-D,wholesale,0,1,0,153.74,
2026-01-16,17-A,wholesale,0,0,0,400.26,
2026-01-16,17-B,wholesale,0,0,6,340.22,
2026-01-16,17-C,wholesale,0,0,13,272.18,
2026-01-16,17-D,wholesale,0,0,22,168.11,
2026-01-17,14-A,retail,1,0,20,235.07,1.388168
2026-01-17,14-B,retail,1,0,19,164.11,1.140142
2026-01-17,14-C,retail,0,0,12,166.34,1.444566
2026-01-17,14-D,retail,0,0,14,97.01,1.364032
2026-01-17,15-A,retail,2,0,12,310.96,1.388168
2026-01-17,15-B,retail,0,0,17,217.09,1.140142
2026-01-17,15-C,retail,2,0,3,220.04,1.444566
2026-01-17,15-D,retail,0,0,0,128.33,1.364032
2026-01-17,16P-A,retail,2,0,18,512.3,1.388168
2026-01-17,16P-B,retail,2,0,21,357.65,1.140142
2026-01-17,16P-C,retail,1,0,21,362.51,1.444566
2026-01-17,16P-D,retail,0,0,10,211.42,1.364032
2026-01-17,17-A,retail,0,0,0,560.16,1.388168
2026-01-17,17-B,retail,1,0,6,391.06,1.140142
2026-01-17,17-C,retail,0,0,13,396.38,1.444566
2026-01-17,17-D,retail,0,0,22,231.18,1.364032
2026-01-17,14-A,wholesale,0,0,19,167.87,
2026-01-17,14-B,wholesale,1,0,18,142.69,
2026-01-17,14-C,wholesale,0,0,12,114.15,
2026-01-17,14-D,wholesale,0,0,14,70.51,
2026-01-17,15-A,wholesale,0,0,10,222.07,
2026-01-17,15-B,wholesale,0,0,17,188.76,
2026-01-17,15-C,wholesale,0,0,1,151.01,
2026-01-17,15-D,wholesale,0,0,0,93.27,
2026-01-17,16P-A,wholesale,0,0,16,365.85,
2026-01-17,16P-B,wholesale,0,0,19,310.98,
2026-01-17,16P-C,wholesale,1,0,20,248.78,
2026-01-17,16P-D,wholesale,2,0,10,153.66,
2026-01-17,17-A,wholesale,0,1,0,400.04,
2026-01-17,17-B,wholesale,1,0,5,340.03,
2026-01-17,17-C,wholesale,0,0,13,272.02,
2026-01-17,17-D,wholesale,0,0,22,168.02,
2026-01-18,14-A,retail,0,0,19,245.47,1.450389
2026-01-18,14-B,retail,0,0,17,224.02,1.557227
2026-01-18,14-C,retail,0,0,12,139.21,1.209616
2026-01-18,14-D,retail,0,0,14,96.02,1.350775
2026-01-18,15-A,retail,0,0,20,324.71,1.450389
2026-01-18,15-B,retail,0,0,17,296.34,1.557227
2026-01-18,15-C,retail,0,0,11,184.15,1.209616
2026-01-18,15-D,retail,0,1,0,127.01,1.350775
2026-01-18,16P-A,retail,0,0,16,534.96,1.450389
2026-01-18,16P-B,retail,0,0,19,488.21,1.557227
2026-01-18,16P-C,retail,0,0,19,303.38,1.209616
2026-01-18,16P-D,retail,0,0,18,209.25,1.350775
2026-01-18,17-A,retail,0,0,0,584.94,1.450389
2026-01-18,17-B,retail,0,0,4,533.82,1.557227
2026-01-18,17-C,retail,1,0,13,331.73,1.209616
2026-01-18,17-D,retail,0,0,22,228.8,1.350775
2026-01-18,14-A,wholesale,0,0,19,167.78,
2026-01-18,14-B,wholesale,0,0,17,142.61,
2026-01-18,14-C,wholesale,2,0,12,114.09,
2026-01-18,14-D,wholesale,0,0,14,70.47,
2026-01-18,15-A,wholesale,2,0,20,221.94,
2026-01-18,15-B,wholesale,0,0,17,188.65,
2026-01-18,15-C,wholesale,0,0,11,150.92,
2026-01-18,15-D,wholesale,0,0,0,93.22,
2026-01-18,16P-A,wholesale,0,0,16,365.65,
2026-01-18,16P-B,wholesale,1,0,19,310.8,
2026-01-18,16P-C,wholesale,2,0,19,248.64,
2026-01-18,16P-D,wholesale,0,0,18,153.57,
2026-01-18,17-A,wholesale,0,1,0,399.81,
2026-01-18,17-B,wholesale,0,0,4,339.84,
2026-01-18,17-C,wholesale,0,0,12,271.87,
2026-01-18,17-D,wholesale,0,0,22,167.92,
2026-01-19,14-A,retail,0,0,19,230.23,1.361079
2026-01-19,14-B,retail,0,0,17,191.12,1.329305
2026-01-19,14-C,retail,0,0,10,158.8,1.380564
2026-01-19,14-D,retail,0,0,14,99.07,1.3945
2026-01-19,15-A,retail,2,0,18,304.55,1.361079
2026-01-19,15-B,retail,2,0,17,252.82,1.329305
2026-01-19,15-C,retail,0,0,11,210.06,1.380564
2026-01-19,15-D,retail,0,0,10,131.05,1.3945
2026-01-19,16P-A,retail,0,0,16,501.74,1.361079
2026-01-19,16P-B,retail,0,0,18,416.52,1.329305
2026-01-19,16P-C,retail,0,0,17,346.07,1.380564
2026-01-19,16P-D,retail,0,0,18,215.9,1.3945
2026-01-19,17-A,retail,0,1,0,548.62,1.361079
2026-01-19,17-B,retail,1,0,14,455.44,1.329305
2026-01-19,17-C,retail,0,0,22,378.4,1.380564
2026-01-19,17-D,retail,0,0,22,236.08,1.3945
2026-01-19,14-A,wholesale,0,0,19,167.69,
2026-01-19,14-B,wholesale,0,0,17,142.53,
2026-01-19,14-C,wholesale,0,0,10,114.03,
2026-01-19,14-D,wholesale,0,0,14,70.43,
2026-01-19,15-A,wholesale,3,0,16,221.82,
2026-01-19,15-B,wholesale,0,0,15,188.55,
2026-01-19,15-C,wholesale,2,0,11,150.84,
2026-01-19,15-D,wholesale,1,0,10,93.16,
2026-01-19,16P-A,wholesale,0,0,16,365.45,
2026-01-19,16P-B,wholesale,1,0,18,310.63,
2026-01-19,16P-C,wholesale,2,0,17,248.5,
2026-01-19,16P-D,wholesale,2,0,18,153.49,
2026-01-19,17-A,wholesale,0,0,0,399.59,
2026-01-19,17-B,wholesale,0,0,13,339.65,
2026-01-19,17-C,wholesale,0,0,22,271.72,
2026-01-19,17-D,wholesale,0,0,22,167.83,
2026-01-20,14-A,retail,1,0,19,187.37,1.10832
2026-01-20,14-B,retail,2,0,17,161.05,1.120738
2026-01-20,14-C,retail,1,0,10,144.5,1.256994
2026-01-20,14-D,retail,0,0,14,107.43,1.512961
2026-01-20,15-A,retail,0,0,13,247.85,1.10832
2026-01-20,15-B,retail,0,0,15,213.04,1.120738
2026-01-20,15-C,retail,1,0,9,191.15,1.256994
2026-01-20,15-D,retail,0,0,9,142.1,1.512961
2026-01-20,16P-A,retail,2,0,16,408.33,1.10832
2026-01-20,16P-B,retail,0,0,17,350.97,1.120738
2026-01-20,16P-C,retail,0,0,15,314.91,1.256994
2026-01-20,16P-D,retail,0,0,16,234.11,1.512961
2026-01-20,17-A,retail,0,1,0,446.49,1.10832
2026-01-20,17-B,retail,0,0,13,383.77,1.120738
2026-01-20,17-C,retail,1,0,22,344.34,1.256994
2026-01-20,17-D,retail,0,0,22,255.99,1.512961
2026-01-20,14-A,wholesale,0,0,18,167.59,
2026-01-20,14-B,wholesale,0,0,15,142.45,
2026-01-20,14-C,wholesale,0,0,9,113.96,
2026-01-20,14-D,wholesale,0,0,14,70.39,
2026-01-20,15-A,wholesale,1,0,13,221.7,
2026-01-20,15-B,wholesale,0,0,15,188.44,
2026-01-20,15-C,wholesale,1,0,8,150.75,
2026-01-20,15-D,wholesale,0,0,9,93.11,
2026-01-20,16P-A,wholesale,0,0,14,365.24,
2026-01-20,16P-B,wholesale,2,0,17,310.46,
2026-01-20,16P-C,wholesale,0,0,15,248.36,
2026-01-20,16P-D,wholesale,0,0,16,153.4,
2026-01-20,17-A,wholesale,0,0,0,399.37,
2026-01-20,17-B,wholesale,0,0,13,339.46,
2026-01-20,17-C,wholesale,0,0,21,271.57,
2026-01-20,17-D,wholesale,1,0,22,167.73,
2026-01-21,14-A,retail,0,0,18,213.3,1.26242
2026-01-21,14-B,retail,0,0,15,159.86,1.113104
2026-01-21,14-C,retail,0,0,9,144.04,1.253718
2026-01-21,14-D,retail,0,0,14,81.36,1.146533
2026-01-21,15-A,retail,0,0,12,282.16,1.26242
2026-01-21,15-B,retail,0,0,35,211.47,1.113104
2026-01-21,15-C,retail,0,0,7,190.54,1.253718
2026-01-21,15-D,retail,1,0,9,107.63,1.146533
2026-01-21,16P-A,retail,0,0,14,464.85,1.26242
2026-01-21,16P-B,retail,2,0,15,348.39,1.113104
2026-01-21,16P-C,retail,1,0,25,313.92,1.253718
2026-01-21,16P-D,retail,0,0,16,177.31,1.146533
2026-01-21,17-A,retail,0,0,0,508.28,1.26242
2026-01-21,17-B,retail,1,0,13,380.94,1.113104
2026-01-21,17-C,retail,0,0,21,343.25,1.253718
2026-01-21,17-D,retail,1,0,21,193.88,1.146533
2026-01-21,14-A,wholesale,0,0,18,167.5,
2026-01-21,14-B,wholesale,0,0,15,142.38,
2026-01-21,14-C,wholesale,0,0,9,113.9,
2026-01-21,14-D,wholesale,2,0,14,70.35,
2026-01-21,15-A,wholesale,0,0,12,221.57,
2026-01-21,15-B,wholesale,0,0,35,188.34,
2026-01-21,15-C,wholesale,0,0,7,150.67,
2026-01-21,15-D,wholesale,0,0,8,93.06,
2026-01-21,16P-A,wholesale,0,0,14,365.04,
2026-01-21,16P-B,wholesale,0,0,13,310.28,
2026-01-21,16P-C,wholesale,0,0,24,248.23,
2026-01-21,16P-D,wholesale,2,0,16,153.32,
2026-01-21,17-A,wholesale,0,0,0,399.14,
2026-01-21,17-B,wholesale,0,0,12,339.27,
2026-01-21,17-C,wholesale,2,0,21,271.42,
2026-01-21,17-D,wholesale,0,0,20,167.64,
2026-01-22,14-A,retail,1,0,18,195.78,1.159399
2026-01-22,14-B,retail,2,0,15,172.48,1.201637
2026-01-22,14-C,retail,0,0,9,151.95,1.323226
2026-01-22,14-D,retail,0,0,12,112.04,1.579762
2026-01-22,15-A,retail,1,0,12,258.99,1.159399
2026-01-22,15-B,retail,3,0,35,228.16,1.201637
2026-01-22,15-C,retail,0,0,8,201.0,1.323226
2026-01-22,15-D,retail,0,0,8,148.21,1.579762
2026-01-22,16P-A,retail,2,0,14,426.68,1.159399
2026-01-22,16P-B,retail,2,0,28,375.89,1.201637
2026-01-22,16P-C,retail,0,0,24,331.14,1.323226
2026-01-22,16P-D,retail,1,0,14,244.18,1.579762
2026-01-22,17-A,retail,0,0,0,466.54,1.159399
2026-01-22,17-B,retail,0,0,12,411.01,1.201637
2026-01-22,17-C,retail,0,0,19,362.08,1.323226
2026-01-22,17-D,retail,0,0,20,266.99,1.579762
2026-01-22,14-A,wholesale,0,0,17,167.41,
2026-01-22,14-B,wholesale,1,0,13,142.3,
2026-01-22,14-C,wholesale,0,0,9,113.84,
2026-01-22,14-D,wholesale,3,0,12,70.31,
2026-01-22,15-A,wholesale,1,0,11,221.45,
2026-01-22,15-B,wholesale,0,0,32,188.23,
2026-01-22,15-C,wholesale,1,0,8,150.59,
2026-01-22,15-D,wholesale,1,0,8,93.01,
2026-01-22,16P-A,wholesale,0,0,12,364.83,
2026-01-22,16P-B,wholesale,0,0,26,310.11,
2026-01-22,16P-C,wholesale,3,0,24,248.09,
2026-01-22,16P-D,wholesale,3,0,13,153.23,
2026-01-22,17-A,wholesale,0,0,0,398.92,
2026-01-22,17-B,wholesale,0,0,12,339.08,
2026-01-22,17-C,wholesale,1,0,19,271.27,
2026-01-22,17-D,wholesale,0,0,20,167.55,
2026-01-23,14-A,retail,1,0,17,221.21,1.310701
2026-01-23,14-B,retail,0,0,12,188.76,1.315787
2026-01-23,14-C,retail,0,0,9,152.3,1.327088
2026-01-23,14-D,retail,0,0,9,87.62,1.236059
2026-01-23,15-A,retail,0,0,10,292.62,1.310701
2026-01-23,15-B,retail,1,0,32,249.69,1.315787
2026-01-23,15-C,retail,0,0,7,201.47,1.327088
2026-01-23,15-D,retail,1,0,7,115.9,1.236059
2026-01-23,16P-A,retail,0,0,12,482.09,1.310701
2026-01-23,16P-B,retail,1,0,26,411.37,1.315787
2026-01-23,16P-C,retail,0,0,21,331.92,1.327088
2026-01-23,16P-D,retail,0,0,10,190.95,1.236059
2026-01-23,17-A,retail,0,0,15,527.13,1.310701
2026-01-23,17-B,retail,1,0,12,449.8,1.315787
2026-01-23,17-C,retail,0,0,18,362.93,1.327088
2026-01-23,17-D,retail,0,0,20,208.79,1.236059
2026-01-23,14-A,wholesale,0,0,16,167.31,
2026-01-23,14-B,wholesale,1,0,12,142.22,
2026-01-23,14-C,wholesale,1,0,9,113.77,
2026-01-23,14-D,wholesale,0,0,9,70.27,
2026-01-23,15-A,wholesale,0,0,10,221.33,
2026-01-23,15-B,wholesale,2,0,31,188.13,
2026-01-23,15-C,wholesale,1,0,7,150.5,
2026-01-23,15-D,wholesale,1,0,6,92.96,
2026-01-23,16P-A,wholesale,2,0,12,364.63,
2026-01-23,16P-B,wholesale,0,0,25,309.94,
2026-01-23,16P-C,wholesale,1,0,21,247.95,
2026-01-23,16P-D,wholesale,0,0,10,153.14,
2026-01-23,17-A,wholesale,0,0,15,398.7,
2026-01-23,17-B,wholesale,0,0,11,338.89,
2026-01-23,17-C,wholesale,0,0,18,271.11,
2026-01-23,17-D,wholesale,1,0,20,167.45,
2026-01-24,14-A,retail,0,0,16,194.2,1.151308
2026-01-24,14-B,retail,1,0,21,225.91,1.575675
2026-01-24,14-C,retail,1,0,8,147.35,1.284653
2026-01-24,14-D,retail,0,0,9,84.62,1.194496
2026-01-24,15-A,retail,2,0,10,256.89,1.151308
2026-01-24,15-B,retail,1,0,29,298.84,1.575675
2026-01-24,15-C,retail,1,0,6,194.92,1.284653
2026-01-24,15-D,retail,1,0,15,111.94,1.194496
2026-01-24,16P-A,retail,0,0,10,423.23,1.151308
2026-01-24,16P-B,retail,2,0,25,492.34,1.575675
2026-01-24,16P-C,retail,0,0,20,321.13,1.284653
2026-01-24,16P-D,retail,1,0,10,184.42,1.194496
2026-01-24,17-A,retail,3,0,15,462.77,1.151308
2026-01-24,17-B,retail,0,0,11,538.34,1.575675
2026-01-24,17-C,retail,1,0,18,351.13,1.284653
2026-01-24,17-D,retail,0,0,19,201.65,1.194496
2026-01-24,14-A,wholesale,1,0,16,167.22,
2026-01-24,14-B,wholesale,0,0,20,142.14,
2026-01-24,14-C,wholesale,0,0,7,113.71,
2026-01-24,14-D,wholesale,0,0,9,70.23,
2026-01-24,15-A,wholesale,0,0,8,221.2,
2026-01-24,15-B,wholesale,0,0,28,188.02,
2026-01-24,15-C,wholesale,4,0,5,150.42,
2026-01-24,15-D,wholesale,1,0,14,92.9,
2026-01-24,16P-A,wholesale,0,0,10,364.43,
2026-01-24,16P-B,wholesale,0,0,23,309.76,
2026-01-24,16P-C,wholesale,0,0,20,247.81,
2026-01-24,16P-D,wholesale,1,0,9,153.06,
2026-01-24,17-A,wholesale,2,0,12,398.48,
2026-01-24,17-B,wholesale,0,0,11,338.7,
2026-01-24,17-C,wholesale,0,0,17,270.96,
2026-01-24,17-D,wholesale,1,0,19,167.36,
2026-01-25,14-A,retail,0,0,15,227.63,1.350225
2026-01-25,14-B,retail,2,0,20,198.42,1.384686
2026-01-25,14-C,retail,1,0,17,124.98,1.090223
2026-01-25,14-D,retail,0,0,9,118.17,1.669008
2026-01-25,15-A,retail,0,0,8,301.11,1.350225
2026-01-25,15-B,retail,2,0,28,262.47,1.384686
2026-01-25,15-C,retail,0,0,16,165.33,1.090223
2026-01-25,15-D,retail,1,0,13,156.32,1.669008
2026-01-25,16P-A,retail,0,0,10,496.07,1.350225
2026-01-25,16P-B,retail,1,0,24,432.42,1.384686
2026-01-25,16P-C,retail,0,0,20,272.37,1.090223
2026-01-25,16P-D,retail,0,0,8,257.54,1.669008
2026-01-25,17-A,retail,0,0,10,542.42,1.350225
2026-01-25,17-B,retail,0,0,11,472.82,1.384686
2026-01-25,17-C,retail,1,0,17,297.82,1.090223
2026-01-25,17-D,retail,0,0,18,281.6,1.669008
2026-01-25,14-A,wholesale,0,0,15,167.13,
2026-01-25,14-B,wholesale,0,0,18,142.06,
2026-01-25,14-C,wholesale,0,0,16,113.65,
2026-01-25,14-D,wholesale,0,0,9,70.19,
2026-01-25,15-A,wholesale,1,0,8,221.08,
2026-01-25,15-B,wholesale,0,0,26,187.92,
2026-01-25,15-C,wholesale,0,0,16,150.33,
2026-01-25,15-D,wholesale,5,0,12,92.85,
2026-01-25,16P-A,wholesale,0,0,10,364.22,
2026-01-25,16P-B,wholesale,1,0,23,309.59,
2026-01-25,16P-C,wholesale,3,0,20,247.67,
2026-01-25,16P-D,wholesale,0,0,8,152.97,
2026-01-25,17-A,wholesale,0,0,10,398.25,
2026-01-25,17-B,wholesale,0,0,11,338.51,
2026-01-25,17-C,wholesale,1,0,16,270.81,
2026-01-25,17-D,wholesale,0,0,18,167.27,
2026-01-26,14-A,retail,0,0,26,274.98,1.632045
2026-01-26,14-B,retail,0,0,18,200.7,1.401389
2026-01-26,14-C,retail,0,0,16,150.67,1.315062
2026-01-26,14-D,retail,0,0,19,96.24,1.359933
2026-01-26,15-A,retail,0,0,7,363.75,1.632045
2026-01-26,15-B,retail,1,0,26,265.49,1.401389
2026-01-26,15-C,retail,1,0,17,199.31,1.315062
2026-01-26,15-D,retail,0,0,7,127.3,1.359933
2026-01-26,16P-A,retail,0,0,20,599.28,1.632045
2026-01-26,16P-B,retail,1,0,22,437.39,1.401389
2026-01-26,16P-C,retail,0,0,17,328.36,1.315062
2026-01-26,16P-D,retail,0,0,8,209.73,1.359933
2026-01-26,17-A,retail,0,0,20,655.27,1.632045
2026-01-26,17-B,retail,0,0,21,478.26,1.401389
2026-01-26,17-C,retail,0,0,15,359.04,1.315062
2026-01-26,17-D,retail,0,0,18,229.33,1.359933
2026-01-26,14-A,wholesale,0,0,26,167.03,
2026-01-26,14-B,wholesale,0,0,18,141.98,
2026-01-26,14-C,wholesale,0,0,16,113.58,
2026-01-26,14-D,wholesale,0,0,19,70.15,
2026-01-26,15-A,wholesale,0,0,7,220.95,
2026-01-26,15-B,wholesale,1,0,25,187.81,
2026-01-26,15-C,wholesale,3,0,16,150.25,
2026-01-26,15-D,wholesale,0,0,7,92.8,
2026-01-26,16P-A,wholesale,0,0,20,364.02,
2026-01-26,16P-B,wholesale,2,0,21,309.42,
2026-01-26,16P-C,wholesale,0,0,17,247.53,
2026-01-26,16P-D,wholesale,1,0,8,152.89,
2026-01-26,17-A,wholesale,1,0,20,398.03,
2026-01-26,17-B,wholesale,0,0,21,338.33,
2026-01-26,17-C,wholesale,0,0,15,270.66,
2026-01-26,17-D,wholesale,0,0,18,167.17,
2026-01-27,14-A,retail,1,0,26,245.04,1.455124
2026-01-27,14-B,retail,1,0,18,161.16,1.125922
2026-01-27,14-C,retail,0,0,26,150.53,1.314539
2026-01-27,14-D,retail,0,0,19,106.45,1.505089
2026-01-27,15-A,retail,0,0,18,324.14,1.455124
2026-01-27,15-B,retail,1,0,24,213.19,1.125922
2026-01-27,15-C,retail,1,0,14,199.12,1.314539
2026-01-27,15-D,retail,0,0,7,140.81,1.505089
2026-01-27,16P-A,retail,0,0,20,534.01,1.455124
2026-01-27,16P-B,retail,1,0,19,351.22,1.125922
2026-01-27,16P-C,retail,0,0,17,328.05,1.314539
2026-01-27,16P-D,retail,0,0,7,231.99,1.505089
2026-01-27,17-A,retail,1,0,19,583.91,1.455124
2026-01-27,17-B,retail,1,0,21,384.04,1.125922
2026-01-27,17-C,retail,1,0,15,358.7,1.314539
2026-01-27,17-D,retail,0,0,18,253.66,1.505089
2026-01-27,14-A,wholesale,0,0,25,166.94,
2026-01-27,14-B,wholesale,0,0,17,141.9,
2026-01-27,14-C,wholesale,1,0,26,113.52,
2026-01-27,14-D,wholesale,0,0,19,70.11,
2026-01-27,15-A,wholesale,0,0,18,220.83,
2026-01-27,15-B,wholesale,0,0,23,187.71,
2026-01-27,15-C,wholesale,0,0,13,150.17,
2026-01-27,15-D,wholesale,2,0,7,92.75,
2026-01-27,16P-A,wholesale,0,0,20,363.82,
2026-01-27,16P-B,wholesale,1,0,18,309.24,
2026-01-27,16P-C,wholesale,0,0,17,247.39,
2026-01-27,16P-D,wholesale,0,0,7,152.8,
2026-01-27,17-A,wholesale,0,0,18,397.81,
2026-01-27,17-B,wholesale,1,0,20,338.14,
2026-01-27,17-C,wholesale,1,0,14,270.51,
2026-01-27,17-D,wholesale,0,0,18,167.08,
2026-01-28,14-A,retail,1,0,25,226.27,1.344428
2026-01-28,14-B,retail,1,0,17,159.24,1.11312
2026-01-28,14-C,retail,0,0,25,137.21,1.198885
2026-01-28,14-D,retail,0,0,19,93.52,1.322988
2026-01-28,15-A,retail,1,0,18,299.31,1.344428
2026-01-28,15-B,retail,2,0,23,210.64,1.11312
2026-01-28,15-C,retail,2,0,13,181.5,1.198885
2026-01-28,15-D,retail,0,0,5,123.71,1.322988
2026-01-28,16P-A,retail,1,0,20,493.11,1.344428
2026-01-28,16P-B,retail,1,0,17,347.03,1.11312
2026-01-28,16P-C,retail,1,0,17,299.02,1.198885
2026-01-28,16P-D,retail,0,0,7,203.81,1.322988
2026-01-28,17-A,retail,0,0,18,539.19,1.344428
2026-01-28,17-B,retail,0,0,19,379.46,1.11312
2026-01-28,17-C,retail,0,0,13,326.96,1.198885
2026-01-28,17-D,retail,0,0,18,222.85,1.322988
2026-01-28,14-A,wholesale,3,0,24,166.85,
2026-01-28,14-B,wholesale,0,0,16,141.82,
2026-01-28,14-C,wholesale,0,0,25,113.46,
2026-01-28,14-D,wholesale,1,0,19,70.08,
2026-01-28,15-A,wholesale,3,0,17,220.71,
2026-01-28,15-B,wholesale,0,0,21,187.6,
2026-01-28,15-C,wholesale,1,0,11,150.08,
2026-01-28,15-D,wholesale,1,0,5,92.7,
2026-01-28,16P-A,wholesale,0,0,19,363.61,
2026-01-28,16P-B,wholesale,1,0,16,309.07,
2026-01-28,16P-C,wholesale,1,0,16,247.26,
2026-01-28,16P-D,wholesale,0,0,7,152.72,
2026-01-28,17-A,wholesale,0,0,18,397.59,
2026-01-28,17-B,wholesale,0,0,19,337.95,
2026-01-28,17-C,wholesale,0,0,13,270.36,
2026-01-28,17-D,wholesale,1,0,18,166.99,
2026-01-29,14-A,retail,1,0,21,219.73,1.306293
2026-01-29,14-B,retail,0,0,26,189.72,1.326936
2026-01-29,14-C,retail,2,0,25,136.83,1.196248
2026-01-29,14-D,retail,0,0,18,84.95,1.202463
2026-01-29,15-A,retail,3,0,14,290.66,1.306293
2026-01-29,15-B,retail,3,0,21,250.97,1.326936
2026-01-29,15-C,retail,0,0,10,181.0,1.196248
2026-01-29,15-D,retail,0,0,4,112.37,1.202463
2026-01-29,16P-A,retail,1,0,19,478.86,1.306293
2026-01-29,16P-B,retail,0,0,15,413.46,1.326936
2026-01-29,16P-C,retail,0,0,15,298.19,1.196248
2026-01-29,16P-D,retail,1,0,7,185.14,1.202463
2026-01-29,17-A,retail,1,0,18,523.6,1.306293
2026-01-29,17-B,retail,1,0,19,452.09,1.326936
2026-01-29,17-C,retail,0,0,13,326.05,1.196248
2026-01-29,17-D,retail,0,0,17,202.43,1.202463
2026-01-29,14-A,wholesale,0,0,20,166.75,
2026-01-29,14-B,wholesale,0,0,26,141.74,
2026-01-29,14-C,wholesale,0,0,23,113.39,
2026-01-29,14-D,wholesale,2,0,18,70.04,
2026-01-29,15-A,wholesale,0,0,11,220.58,
2026-01-29,15-B,wholesale,1,0,18,187.5,
2026-01-29,15-C,wholesale,1,0,10,150.0,
2026-01-29,15-D,wholesale,0,0,4,92.65,
2026-01-29,16P-A,wholesale,0,0,18,363.41,
2026-01-29,16P-B,wholesale,2,0,15,308.9,
2026-01-29,16P-C,wholesale,0,0,15,247.12,
2026-01-29,16P-D,wholesale,0,0,6,152.63,
2026-01-29,17-A,wholesale,0,0,17,397.36,
2026-01-29,17-B,wholesale,1,0,18,337.76,
2026-01-29,17-C,wholesale,0,0,13,270.21,
2026-01-29,17-D,wholesale,0,0,17,166.89,
2026-01-30,14-A,retail,1,0,20,181.33,1.078591
2026-01-30,14-B,retail,3,0,26,177.18,1.23994
2026-01-30,14-C,retail,1,0,23,134.8,1.179141
2026-01-30,14-D,retail,0,0,16,86.7,1.227894
2026-01-30,15-A,retail,2,0,11,239.86,1.078591
2026-01-30,15-B,retail,0,0,17,234.38,1.23994
2026-01-30,15-C,retail,0,0,20,178.31,1.179141
2026-01-30,15-D,retail,0,0,4,114.69,1.227894
2026-01-30,16P-A,retail,0,0,18,395.17,1.078591
2026-01-30,16P-B,retail,3,0,13,386.14,1.23994
2026-01-30,16P-C,retail,3,0,15,293.77,1.179141
2026-01-30,16P-D,retail,0,0,6,188.95,1.227894
2026-01-30,17-A,retail,4,0,17,432.09,1.078591
2026-01-30,17-B,retail,1,0,17,422.22,1.23994
2026-01-30,17-C,retail,0,0,13,321.21,1.179141
2026-01-30,17-D,retail,0,0,17,206.6,1.227894
2026-01-30,14-A,wholesale,0,0,19,166.66,
2026-01-30,14-B,wholesale,0,0,23,141.66,
2026-01-30,14-C,wholesale,0,0,22,113.33,
2026-01-30,14-D,wholesale,1,0,16,70.0,
2026-01-30,15-A,wholesale,0,0,9,220.46,
2026-01-30,15-B,wholesale,0,0,17,187.39,
2026-01-30,15-C,wholesale,0,0,20,149.91,
2026-01-30,15-D,wholesale,1,0,4,92.59,
2026-01-30,16P-A,wholesale,0,0,18,363.21,
2026-01-30,16P-B,wholesale,0,0,10,308.73,
2026-01-30,16P-C,wholesale,0,0,12,246.98,
2026-01-30,16P-D,wholesale,2,0,6,152.55,
2026-01-30,17-A,wholesale,0,0,13,397.14,
2026-01-30,17-B,wholesale,1,0,16,337.57,
2026-01-30,17-C,wholesale,0,0,13,270.06,
2026-01-30,17-D,wholesale,0,0,17,166.8,
2026-01-31,14-A,retail,0,0,19,271.15,1.613817
2026-01-31,14-B,retail,0,0,23,178.82,1.252069
2026-01-31,14-C,retail,0,0,22,156.59,1.370512
2026-01-31,14-D,retail,0,0,15,76.84,1.08894
2026-01-31,15-A,retail,1,0,9,358.69,1.613817
2026-01-31,15-B,retail,3,0,17,236.54,1.252069
2026-01-31,15-C,retail,0,0,20,207.13,1.370512
2026-01-31,15-D,retail,1,0,14,101.65,1.08894
2026-01-31,16P-A,retail,0,0,18,590.93,1.613817
2026-01-31,16P-B,retail,2,0,20,389.7,1.252069
2026-01-31,16P-C,retail,0,0,12,341.25,1.370512
2026-01-31,16P-D,retail,0,0,14,167.47,1.08894
2026-01-31,17-A,retail,0,0,13,646.14,1.613817
2026-01-31,17-B,retail,0,0,15,426.11,1.252069
2026-01-31,17-C,retail,1,0,13,373.14,1.370512
2026-01-31,17-D,retail,0,0,18,183.12,1.08894
2026-01-31,14-A,wholesale,0,0,19,166.57,
2026-01-31,14-B,wholesale,0,0,23,141.58,
2026-01-31,14-C,wholesale,2,0,22,113.27,
2026-01-31,14-D,wholesale,0,0,15,69.96,
2026-01-31,15-A,wholesale,0,0,8,220.34,
2026-01-31,15-B,wholesale,1,0,14,187.29,
2026-01-31,15-C,wholesale,0,0,20,149.83,
2026-01-31,15-D,wholesale,0,0,13,92.54,
2026-01-31,16P-A,wholesale,0,0,18,363.0,
2026-01-31,16P-B,wholesale,0,0,18,308.55,
2026-01-31,16P-C,wholesale,0,0,12,246.84,
2026-01-31,16P-D,wholesale,0,0,14,152.46,
2026-01-31,17-A,wholesale,0,0,13,396.92,
2026-01-31,17-B,wholesale,1,0,15,337.38,
2026-01-31,17-C,wholesale,0,0,12,269.91,
2026-01-31,17-D,wholesale,1,0,18,166.71,
2026-02-01,14-A,retail,0,0,19,274.56,1.63503
2026-02-01,14-B,retail,0,0,23,166.87,1.169091
2026-02-01,14-C,retail,0,0,20,142.01,1.243626
2026-02-01,14-D,retail,0,0,15,75.95,1.076896
2026-02-01,15-A,retail,0,0,8,363.2,1.63503
2026-02-01,15-B,retail,1,0,23,220.74,1.169091
2026-02-01,15-C,retail,0,0,20,187.85,1.243626
2026-02-01,15-D,retail,1,0,13,100.47,1.076896
2026-02-01,16P-A,retail,1,0,18,598.36,1.63503
2026-02-01,16P-B,retail,1,0,18,363.67,1.169091
2026-02-01,16P-C,retail,0,0,12,309.48,1.243626
2026-02-01,16P-D,retail,0,0,14,165.52,1.076896
2026-02-01,17-A,retail,1,0,13,654.27,1.63503
2026-02-01,17-B,retail,0,0,14,397.65,1.169091
2026-02-01,17-C,retail,0,0,12,338.4,1.243626
2026-02-01,17-D,retail,0,0,17,180.99,1.076896
2026-02-01,14-A,wholesale,0,0,19,166.47,
2026-02-01,14-B,wholesale,1,0,23,141.5,
2026-02-01,14-C,wholesale,1,0,20,113.2,
2026-02-01,14-D,wholesale,3,0,15,69.92,
2026-02-01,15-A,wholesale,0,0,8,220.22,
2026-02-01,15-B,wholesale,0,0,22,187.18,
2026-02-01,15-C,wholesale,0,0,20,149.75,
2026-02-01,15-D,wholesale,0,0,12,92.49,
2026-02-01,16P-A,wholesale,0,0,17,362.8,
2026-02-01,16P-B,wholesale,0,0,17,308.38,
2026-02-01,16P-C,wholesale,1,0,12,246.71,
2026-02-01,16P-D,wholesale,1,0,14,152.38,
2026-02-01,17-A,wholesale,0,0,12,396.7,
2026-02-01,17-B,wholesale,0,0,14,337.19,
2026-02-01,17-C,wholesale,0,0,12,269.76,
2026-02-01,17-D,wholesale,0,0,17,166.61,
2026-02-02,14-A,retail,0,0,19,250.84,1.494592
2026-02-02,14-B,retail,1,0,22,176.05,1.234064
2026-02-02,14-C,retail,0,0,19,161.01,1.410838
2026-02-02,14-D,retail,0,0,12,90.37,1.282029
2026-02-02,15-A,retail,0,0,18,331.82,1.494592
2026-02-02,15-B,retail,1,0,22,232.88,1.234064
2026-02-02,15-C,retail,1,0,20,212.99,1.410838
2026-02-02,15-D,retail,1,0,13,119.54,1.282029
2026-02-02,16P-A,retail,0,0,17,546.66,1.494592
2026-02-02,16P-B,retail,1,0,17,383.67,1.234064
2026-02-02,16P-C,retail,0,0,11,350.9,1.410838
2026-02-02,16P-D,retail,0,0,13,196.94,1.282029
2026-02-02,17-A,retail,2,0,12,597.74,1.494592
2026-02-02,17-B,retail,0,0,14,419.51,1.234064
2026-02-02,17-C,retail,0,0,12,383.69,1.410838
2026-02-02,17-D,retail,0,0,17,215.35,1.282029
2026-02-02,14-A,wholesale,0,0,19,166.38,
2026-02-02,14-B,wholesale,0,0,21,141.42,
2026-02-02,14-C,wholesale,0,0,19,113.14,
2026-02-02,14-D,wholesale,0,0,12,69.88,
2026-02-02,15-A,wholesale,0,0,18,220.09,
2026-02-02,15-B,wholesale,0,0,21,187.08,
2026-02-02,15-C,wholesale,0,0,19,149.66,
2026-02-02,15-D,wholesale,4,0,12,92.44,
2026-02-02,16P-A,wholesale,1,0,17,362.6,
2026-02-02,16P-B,wholesale,3,0,16,308.21,
2026-02-02,16P-C,wholesale,0,0,11,246.57,
2026-02-02,16P-D,wholesale,2,0,13,152.29,
2026-02-02,17-A,wholesale,0,0,10,396.48,
2026-02-02,17-B,wholesale,0,0,14,337.01,
2026-02-02,17-C,wholesale,0,0,12,269.6,
2026-02-02,17-D,wholesale,0,0,17,166.52,
2026-02-03,14-A,retail,1,0,19,218.39,1.301963
2026-02-03,14-B,retail,0,0,31,184.05,1.290869
2026-02-03,14-C,retail,1,0,19,131.93,1.156619
2026-02-03,14-D,retail,0,0,12,97.36,1.381949
2026-02-03,15-A,retail,3,0,18,288.89,1.301963
2026-02-03,15-B,retail,0,0,21,243.46,1.290869
2026-02-03,15-C,retail,0,0,29,174.52,1.156619
2026-02-03,15-D,retail,1,0,8,128.79,1.381949
2026-02-03,16P-A,retail,0,0,16,475.94,1.301963
2026-02-03,16P-B,retail,1,0,13,401.1,1.290869
2026-02-03,16P-C,retail,1,0,11,287.51,1.156619
2026-02-03,16P-D,retail,0,0,11,212.18,1.381949
2026-02-03,17-A,retail,0,0,10,520.41,1.301963
2026-02-03,17-B,retail,2,0,14,438.58,1.290869
2026-02-03,17-C,retail,0,0,12,314.37,1.156619
2026-02-03,17-D,retail,0,0,17,232.0,1.381949
2026-02-03,14-A,wholesale,0,0,18,166.29,
2026-02-03,14-B,wholesale,0,0,31,141.35,
2026-02-03,14-C,wholesale,0,0,18,113.08,
2026-02-03,14-D,wholesale,0,0,12,69.84,
2026-02-03,15-A,wholesale,0,0,15,219.97,
2026-02-03,15-B,wholesale,0,0,21,186.97,
2026-02-03,15-C,wholesale,1,0,29,149.58,
2026-02-03,15-D,wholesale,0,0,7,92.39,
2026-02-03,16P-A,wholesale,0,0,16,362.4,
2026-02-03,16P-B,wholesale,1,0,12,308.04,
2026-02-03,16P-C,wholesale,1,0,10,246.43,
2026-02-03,16P-D,wholesale,1,0,11,152.21,
2026-02-03,17-A,wholesale,0,0,10,396.26,
2026-02-03,17-B,wholesale,0,0,12,336.82,
2026-02-03,17-C,wholesale,1,0,12,269.45,
2026-02-03,17-D,wholesale,0,0,17,166.43,
2026-02-04,14-A,retail,0,0,18,230.58,1.375387
2026-02-04,14-B,retail,0,0,31,209.93,1.47321
2026-02-04,14-C,retail,2,0,18,144.31,1.265873
2026-02-04,14-D,retail,0,0,12,95.99,1.363237
2026-02-04,15-A,retail,0,0,15,305.01,1.375387
2026-02-04,15-B,retail,0,0,21,277.7,1.47321
2026-02-04,15-C,retail,1,0,28,190.89,1.265873
2026-02-04,15-D,retail,0,0,7,126.97,1.363237
2026-02-04,16P-A,retail,2,0,16,502.5,1.375387
2026-02-04,16P-B,retail,1,0,11,457.51,1.47321
2026-02-04,16P-C,retail,0,0,19,314.49,1.265873
2026-02-04,16P-D,retail,0,0,20,209.19,1.363237
2026-02-04,17-A,retail,0,0,10,549.45,1.375387
2026-02-04,17-B,retail,0,0,22,500.25,1.47321
2026-02-04,17-C,retail,0,0,12,343.88,1.265873
2026-02-04,17-D,retail,0,0,17,228.73,1.363237
2026-02-04,14-A,wholesale,1,0,18,166.2,
2026-02-04,14-B,wholesale,0,0,31,141.27,
2026-02-04,14-C,wholesale,1,0,16,113.01,
2026-02-04,14-D,wholesale,0,0,12,69.8,
2026-02-04,15-A,wholesale,0,0,15,219.85,
2026-02-04,15-B,wholesale,0,0,21,186.87,
2026-02-04,15-C,wholesale,0,0,27,149.5,
2026-02-04,15-D,wholesale,0,0,7,92.34,
2026-02-04,16P-A,wholesale,0,0,14,362.19,
2026-02-04,16P-B,wholesale,0,0,10,307.87,
2026-02-04,16P-C,wholesale,0,0,19,246.29,
2026-02-04,16P-D,wholesale,1,0,20,152.12,
2026-02-04,17-A,wholesale,0,0,10,396.03,
2026-02-04,17-B,wholesale,0,0,22,336.63,
2026-02-04,17-C,wholesale,0,0,12,269.3,
2026-02-04,17-D,wholesale,1,0,17,166.33,
2026-02-05,14-A,retail,1,0,17,292.77,1.747344
2026-02-05,14-B,retail,2,0,31,207.14,1.454449
2026-02-05,14-C,retail,2,0,15,143.53,1.259791
2026-02-05,14-D,retail,0,0,22,86.43,1.22816
2026-02-05,15-A,retail,0,0,15,387.28,1.747344
2026-02-05,15-B,retail,1,0,31,274.01,1.454449
2026-02-05,15-C,retail,1,0,27,189.87,1.259791
2026-02-05,15-D,retail,0,0,7,114.33,1.22816
2026-02-05,16P-A,retail,0,0,14,638.04,1.747344
2026-02-05,16P-B,retail,1,0,10,451.43,1.454449
2026-02-05,16P-C,retail,0,0,19,312.81,1.259791
2026-02-05,16P-D,retail,1,0,19,188.35,1.22816
2026-02-05,17-A,retail,2,0,10,697.65,1.747344
2026-02-05,17-B,retail,0,0,22,493.6,1.454449
2026-02-05,17-C,retail,0,0,12,342.03,1.259791
2026-02-05,17-D,retail,0,0,16,205.95,1.22816
2026-02-05,14-A,wholesale,0,0,16,166.1,
2026-02-05,14-B,wholesale,0,0,29,141.19,
2026-02-05,14-C,wholesale,1,0,13,112.95,
2026-02-05,14-D,wholesale,0,0,22,69.76,
2026-02-05,15-A,wholesale,0,0,15,219.72,
2026-02-05,15-B,wholesale,0,0,30,186.77,
2026-02-05,15-C,wholesale,0,0,26,149.41,
2026-02-05,15-D,wholesale,0,0,7,92.28,
2026-02-05,16P-A,wholesale,0,0,14,361.99,
2026-02-05,16P-B,wholesale,0,0,9,307.69,
2026-02-05,16P-C,wholesale,2,0,19,246.15,
2026-02-05,16P-D,wholesale,3,0,18,152.04,
2026-02-05,17-A,wholesale,0,0,8,395.81,
2026-02-05,17-B,wholesale,0,0,22,336.44,
2026-02-05,17-C,wholesale,0,0,12,269.15,
2026-02-05,17-D,wholesale,1,0,16,166.24,
2026-02-06,14-A,retail,1,0,16,219.84,1.312822
2026-02-06,14-B,retail,0,0,29,191.66,1.346501
2026-02-06,14-C,retail,0,0,12,164.9,1.448093
2026-02-06,14-D,retail,0,0,22,101.49,1.442972
2026-02-06,15-A,retail,0,0,15,290.81,1.312822
2026-02-06,15-B,retail,2,0,30,253.53,1.346501
2026-02-06,15-C,retail,0,0,26,218.13,1.448093
2026-02-06,15-D,retail,0,0,7,134.25,1.442972
2026-02-06,16P-A,retail,2,0,14,479.11,1.312822
2026-02-06,16P-B,retail,0,0,9,417.69,1.346501
2026-02-06,16P-C,retail,1,0,17,359.36,1.448093
2026-02-06,16P-D,retail,0,0,15,221.17,1.442972
2026-02-06,17-A,retail,0,0,8,523.87,1.312822
2026-02-06,17-B,retail,0,0,22,456.71,1.346501
2026-02-06,17-C,retail,0,0,12,392.94,1.448093
2026-02-06,17-D,retail,0,0,15,241.84,1.442972
2026-02-06,14-A,wholesale,1,0,15,166.01,
2026-02-06,14-B,wholesale,0,0,29,141.11,
2026-02-06,14-C,wholesale,1,0,12,112.89,
2026-02-06,14-D,wholesale,0,0,22,69.72,
2026-02-06,15-A,wholesale,0,0,15,219.6,
2026-02-06,15-B,wholesale,0,0,28,186.66,
2026-02-06,15-C,wholesale,0,0,26,149.33,
2026-02-06,15-D,wholesale,1,0,7,92.23,
2026-02-06,16P-A,wholesale,0,0,12,361.79,
2026-02-06,16P-B,wholesale,0,0,9,307.52,
2026-02-06,16P-C,wholesale,1,0,16,246.02,
2026-02-06,16P-D,wholesale,2,0,15,151.95,
2026-02-06,17-A,wholesale,1,0,8,395.59,
2026-02-06,17-B,wholesale,0,0,22,336.25,
2026-02-06,17-C,wholesale,0,0,12,269.0,
2026-02-06,17-D,wholesale,0,0,15,166.15,
2026-02-07,14-A,retail,1,0,14,219.4,1.310902
2026-02-07,14-B,retail,1,0,30,180.88,1.2715
2026-02-07,14-C,retail,0,0,11,144.47,1.269431
2026-02-07,14-D,retail,0,0,22,101.76,1.447685
2026-02-07,15-A,retail,5,0,15,290.22,1.310902
2026-02-07,15-B,retail,1,0,28,239.28,1.2715
2026-02-07,15-C,retail,1,0,27,191.11,1.269431
2026-02-07,15-D,retail,0,0,16,134.61,1.447685
2026-02-07,16P-A,retail,4,0,12,478.14,1.310902
2026-02-07,16P-B,retail,1,0,19,394.2,1.2715
2026-02-07,16P-C,retail,1,0,15,314.85,1.269431
2026-02-07,16P-D,retail,0,0,13,221.77,1.447685
2026-02-07,17-A,retail,0,0,7,522.81,1.310902
2026-02-07,17-B,retail,0,0,22,431.03,1.2715
2026-02-07,17-C,retail,0,0,22,344.27,1.269431
2026-02-07,17-D,retail,0,0,15,242.49,1.447685
2026-02-07,14-A,wholesale,0,0,13,165.92,
2026-02-07,14-B,wholesale,1,0,29,141.03,
2026-02-07,14-C,wholesale,0,0,11,112.82,
2026-02-07,14-D,wholesale,0,0,22,69.69,
2026-02-07,15-A,wholesale,0,0,10,219.48,
2026-02-07,15-B,wholesale,0,0,27,186.56,
2026-02-07,15-C,wholesale,2,0,26,149.25,
2026-02-07,15-D,wholesale,0,0,16,92.18,
2026-02-07,16P-A,wholesale,1,0,8,361.59,
2026-02-07,16P-B,wholesale,1,0,18,307.35,
2026-02-07,16P-C,wholesale,2,0,14,245.88,
2026-02-07,16P-D,wholesale,0,0,13,151.87,
2026-02-07,17-A,wholesale,1,0,7,395.37,
2026-02-07,17-B,wholesale,0,0,22,336.07,
2026-02-07,17-C,wholesale,0,0,22,268.85,
2026-02-07,17-D,wholesale,2,0,15,166.06,
2026-02-08,14-A,retail,0,0,13,219.1,1.309869
2026-02-08,14-B,retail,1,0,28,184.56,1.298051
2026-02-08,14-C,retail,1,0,11,159.61,1.403204
2026-02-08,14-D,retail,0,0,22,94.48,1.344775
2026-02-08,15-A,retail,3,0,10,289.83,1.309869
2026-02-08,15-B,retail,1,0,27,244.14,1.298051
2026-02-08,15-C,retail,1,0,24,211.13,1.403204
2026-02-08,15-D,retail,0,0,26,124.97,1.344775
2026-02-08,16P-A,retail,2,0,7,477.5,1.309869
2026-02-08,16P-B,retail,0,0,17,402.21,1.298051
2026-02-08,16P-C,retail,0,0,12,347.83,1.403204
2026-02-08,16P-D,retail,0,0,23,205.89,1.344775
2026-02-08,17-A,retail,0,0,6,522.11,1.309869
2026-02-08,17-B,retail,1,0,22,439.79,1.298051
2026-02-08,17-C,retail,1,0,22,380.33,1.403204
2026-02-08,17-D,retail,0,0,13,225.13,1.344775
2026-02-08,14-A,wholesale,0,0,13,165.82,
2026-02-08,14-B,wholesale,0,0,27,140.95,
2026-02-08,14-C,wholesale,0,0,10,112.76,
2026-02-08,14-D,wholesale,2,0,22,69.65,
2026-02-08,15-A,wholesale,2,0,7,219.36,
2026-02-08,15-B,wholesale,1,0,26,186.45,
2026-02-08,15-C,wholesale,4,0,23,149.16,
2026-02-08,15-D,wholesale,2,0,26,92.13,
2026-02-08,16P-A,wholesale,0,0,5,361.39,
2026-02-08,16P-B,wholesale,0,0,17,307.18,
2026-02-08,16P-C,wholesale,1,0,12,245.74,
2026-02-08,16P-D,wholesale,0,0,23,151.78,
2026-02-08,17-A,wholesale,0,0,6,395.15,
2026-02-08,17-B,wholesale,0,0,21,335.88,
2026-02-08,17-C,wholesale,1,0,21,268.7,
2026-02-08,17-D,wholesale,0,0,13,165.96,
2026-02-09,14-A,retail,0,0,13,255.81,1.530184
2026-02-09,14-B,retail,0,0,27,144.01,1.013437
2026-02-09,14-C,retail,0,0,10,149.06,1.311248
2026-02-09,14-D,retail,0,0,20,90.08,1.282955
2026-02-09,15-A,retail,1,0,5,338.39,1.530184
2026-02-09,15-B,retail,1,0,25,190.5,1.013437
2026-02-09,15-C,retail,0,0,19,197.18,1.311248
2026-02-09,15-D,retail,0,0,24,119.16,1.282955
2026-02-09,16P-A,retail,1,0,5,557.5,1.530184
2026-02-09,16P-B,retail,0,0,17,313.85,1.013437
2026-02-09,16P-C,retail,0,0,11,324.86,1.311248
2026-02-09,16P-D,retail,0,0,23,196.32,1.282955
2026-02-09,17-A,retail,2,0,6,609.59,1.530184
2026-02-09,17-B,retail,4,0,22,343.17,1.013437
2026-02-09,17-C,retail,0,0,20,355.21,1.311248
2026-02-09,17-D,retail,0,0,13,214.66,1.282955
2026-02-09,14-A,wholesale,0,0,13,165.73,
2026-02-09,14-B,wholesale,0,0,27,140.87,
2026-02-09,14-C,wholesale,1,0,10,112.7,
2026-02-09,14-D,wholesale,0,0,20,69.61,
2026-02-09,15-A,wholesale,2,0,4,219.23,
2026-02-09,15-B,wholesale,0,0,24,186.35,
2026-02-09,15-C,wholesale,1,0,19,149.08,
2026-02-09,15-D,wholesale,1,0,24,92.08,
2026-02-09,16P-A,wholesale,1,0,4,361.18,
2026-02-09,16P-B,wholesale,0,0,17,307.01,
2026-02-09,16P-C,wholesale,3,0,11,245.61,
2026-02-09,16P-D,wholesale,3,0,23,151.7,
2026-02-09,17-A,wholesale,0,0,4,394.93,
2026-02-09,17-B,wholesale,0,0,18,335.69,
2026-02-09,17-C,wholesale,1,0,20,268.55,
2026-02-09,17-D,wholesale,3,0,13,165.87,
2026-02-10,14-A,retail,1,0,13,208.52,1.248016
2026-02-10,14-B,retail,0,0,27,213.41,1.502641
2026-02-10,14-C,retail,0,0,9,155.54,1.368966
2026-02-10,14-D,retail,0,0,20,113.2,1.613166
2026-02-10,15-A,retail,1,0,2,275.84,1.248016
2026-02-10,15-B,retail,0,0,24,282.3,1.502641
2026-02-10,15-C,retail,1,0,18,205.75,1.368966
2026-02-10,15-D,retail,0,0,23,149.75,1.613166
2026-02-10,16P-A,retail,1,0,3,454.44,1.248016
2026-02-10,16P-B,retail,1,0,17,465.08,1.502641
2026-02-10,16P-C,retail,0,0,8,338.97,1.368966
2026-02-10,16P-D,retail,0,0,20,246.71,1.613166
2026-02-10,17-A,retail,0,0,4,496.9,1.248016
2026-02-10,17-B,retail,1,0,18,508.54,1.502641
2026-02-10,17-C,retail,0,0,19,370.64,1.368966
2026-02-10,17-D,retail,0,0,10,269.76,1.613166
2026-02-10,14-A,wholesale,0,0,12,165.64,
2026-02-10,14-B,wholesale,1,0,27,140.79,
2026-02-10,14-C,wholesale,1,0,9,112.64,
2026-02-10,14-D,wholesale,1,0,20,69.57,
2026-02-10,15-A,wholesale,0,0,1,219.11,
2026-02-10,15-B,wholesale,0,0,24,186.24,
2026-02-10,15-C,wholesale,0,0,17,149.0,
2026-02-10,15-D,wholesale,0,0,23,92.03,
2026-02-10,16P-A,wholesale,0,0,2,360.98,
2026-02-10,16P-B,wholesale,1,0,16,306.84,
2026-02-10,16P-C,wholesale,1,0,8,245.47,
2026-02-10,16P-D,wholesale,1,0,20,151.61,
2026-02-10,17-A,wholesale,0,0,4,394.71,
2026-02-10,17-B,wholesale,0,0,17,335.5,
2026-02-10,17-C,wholesale,0,0,19,268.4,
2026-02-10,17-D,wholesale,0,0,10,165.78,
2026-02-11,14-A,retail,0,0,12,198.96,1.19143
2026-02-11,14-B,retail,0,0,36,180.6,1.272372
2026-02-11,14-C,retail,2,0,8,116.31,1.024259
2026-02-11,14-D,retail,0,0,19,85.5,1.219125
2026-02-11,15-A,retail,0,0,11,263.19,1.19143
2026-02-11,15-B,retail,1,0,24,238.91,1.272372
2026-02-11,15-C,retail,0,0,17,153.86,1.024259
2026-02-11,15-D,retail,0,0,23,113.11,1.219125
2026-02-11,16P-A,retail,0,0,2,433.59,1.19143
2026-02-11,16P-B,retail,2,0,15,393.59,1.272372
2026-02-11,16P-C,retail,0,0,7,253.47,1.024259
2026-02-11,16P-D,retail,0,0,19,186.34,1.219125
2026-02-11,17-A,retail,2,0,4,474.11,1.19143
2026-02-11,17-B,retail,0,0,17,430.37,1.272372
2026-02-11,17-C,retail,0,0,19,277.16,1.024259
2026-02-11,17-D,retail,0,0,10,203.75,1.219125
2026-02-11,14-A,wholesale,0,0,12,165.55,
2026-02-11,14-B,wholesale,0,0,36,140.72,
2026-02-11,14-C,wholesale,0,0,6,112.57,
2026-02-11,14-D,wholesale,5,0,19,69.53,
2026-02-11,15-A,wholesale,0,0,11,218.99,
2026-02-11,15-B,wholesale,0,0,23,186.14,
2026-02-11,15-C,wholesale,0,0,17,148.91,
2026-02-11,15-D,wholesale,1,0,23,91.98,
2026-02-11,16P-A,wholesale,0,0,2,360.78,
2026-02-11,16P-B,wholesale,1,0,13,306.66,
2026-02-11,16P-C,wholesale,2,0,7,245.33,
2026-02-11,16P-D,wholesale,2,0,19,151.53,
2026-02-11,17-A,wholesale,0,0,2,394.49,
2026-02-11,17-B,wholesale,0,0,17,335.32,
2026-02-11,17-C,wholesale,1,0,19,268.25,
2026-02-11,17-D,wholesale,1,0,10,165.69,
2026-02-12,14-A,retail,0,0,12,247.88,1.485236
2026-02-12,14-B,retail,0,0,36,202.13,1.424818
2026-02-12,14-C,retail,1,0,6,167.0,1.47152
2026-02-12,14-D,retail,0,0,14,86.03,1.227276
2026-02-12,15-A,retail,0,0,11,327.9,1.485236
2026-02-12,15-B,retail,0,0,23,267.38,1.424818
2026-02-12,15-C,retail,1,0,17,220.92,1.47152
2026-02-12,15-D,retail,0,0,22,113.8,1.227276
2026-02-12,16P-A,retail,0,0,12,540.22,1.485236
2026-02-12,16P-B,retail,1,0,13,440.5,1.424818
2026-02-12,16P-C,retail,0,0,5,363.95,1.47152
2026-02-12,16P-D,retail,0,0,17,187.48,1.227276
2026-02-12,17-A,retail,0,0,2,590.69,1.485236
2026-02-12,17-B,retail,1,0,17,481.66,1.424818
2026-02-12,17-C,retail,0,0,18,397.96,1.47152
2026-02-12,17-D,retail,0,0,9,205.0,1.227276
2026-02-12,14-A,wholesale,0,0,12,165.45,
2026-02-12,14-B,wholesale,2,0,36,140.64,
2026-02-12,14-C,wholesale,0,0,5,112.51,
2026-02-12,14-D,wholesale,0,0,14,69.49,
2026-02-12,15-A,wholesale,0,0,11,218.87,
2026-02-12,15-B,wholesale,1,0,23,186.04,
2026-02-12,15-C,wholesale,0,0,16,148.83,
2026-02-12,15-D,wholesale,3,0,22,91.92,
2026-02-12,16P-A,wholesale,0,0,12,360.58,
2026-02-12,16P-B,wholesale,0,0,12,306.49,
2026-02-12,16P-C,wholesale,0,0,5,245.19,
2026-02-12,16P-D,wholesale,1,0,17,151.44,
2026-02-12,17-A,wholesale,0,0,2,394.27,
2026-02-12,17-B,wholesale,0,0,16,335.13,
2026-02-12,17-C,wholesale,0,0,18,268.1,
2026-02-12,17-D,wholesale,0,0,9,165.59,
2026-02-13,14-A,retail,0,0,12,208.4,1.249343
2026-02-13,14-B,retail,2,0,34,165.31,1.165923
2026-02-13,14-C,retail,0,0,5,143.34,1.263694
2026-02-13,14-D,retail,0,0,14,93.62,1.336268
2026-02-13,15-A,retail,0,0,11,275.67,1.249343
2026-02-13,15-B,retail,5,0,22,218.67,1.165923
2026-02-13,15-C,retail,2,0,16,189.61,1.263694
2026-02-13,15-D,retail,0,0,19,123.84,1.336268
2026-02-13,16P-A,retail,0,0,12,454.16,1.249343
2026-02-13,16P-B,retail,2,0,12,360.26,1.165923
2026-02-13,16P-C,retail,0,0,5,312.38,1.263694
2026-02-13,16P-D,retail,0,0,16,204.02,1.336268
2026-02-13,17-A,retail,0,0,2,496.6,1.249343
2026-02-13,17-B,retail,0,0,16,393.92,1.165923
2026-02-13,17-C,retail,1,0,18,341.56,1.263694
2026-02-13,17-D,retail,0,0,9,223.08,1.336268
2026-02-13,14-A,wholesale,0,0,12,165.36,
2026-02-13,14-B,wholesale,0,0,32,140.56,
2026-02-13,14-C,wholesale,0,0,5,112.45,
2026-02-13,14-D,wholesale,2,0,14,69.45,
2026-02-13,15-A,wholesale,0,0,11,218.74,
2026-02-13,15-B,wholesale,0,0,17,185.93,
2026-02-13,15-C,wholesale,2,0,14,148.75,
2026-02-13,15-D,wholesale,3,0,19,91.87,
2026-02-13,16P-A,wholesale,0,0,12,360.38,
2026-02-13,16P-B,wholesale,1,0,10,306.32,
2026-02-13,16P-C,wholesale,5,0,5,245.06,
2026-02-13,16P-D,wholesale,0,0,16,151.36,
2026-02-13,17-A,wholesale,0,0,2,394.05,
2026-02-13,17-B,wholesale,0,0,16,334.94,
2026-02-13,17-C,wholesale,0,0,17,267.95,
2026-02-13,17-D,wholesale,1,0,9,165.5,
2026-02-14,14-A,retail,2,0,12,211.15,1.266586
2026-02-14,14-B,retail,0,0,32,186.98,1.319536
2026-02-14,14-C,retail,1,0,5,129.49,1.142296
2026-02-14,14-D,retail,0,0,12,93.74,1.338784
2026-02-14,15-A,retail,0,0,11,279.32,1.266586
2026-02-14,15-B,retail,1,0,27,247.35,1.319536
2026-02-14,15-C,retail,0,0,12,171.3,1.142296
2026-02-14,15-D,retail,0,0,16,124.0,1.338784
2026-02-14,16P-A,retail,0,0,12,460.17,1.266586
2026-02-14,16P-B,retail,2,0,24,407.5,1.319536
2026-02-14,16P-C,retail,0,1,0,282.21,1.142296
2026-02-14,16P-D,retail,0,0,16,204.29,1.338784
2026-02-14,17-A,retail,0,0,2,503.17,1.266586
2026-02-14,17-B,retail,0,0,16,445.57,1.319536
2026-02-14,17-C,retail,2,0,17,308.58,1.142296
2026-02-14,17-D,retail,0,0,8,223.38,1.338784
2026-02-14,14-A,wholesale,0,0,10,165.27,
2026-02-14,14-B,wholesale,0,0,32,140.48,
2026-02-14,14-C,wholesale,1,0,4,112.38,
2026-02-14,14-D,wholesale,0,0,12,69.41,
2026-02-14,15-A,wholesale,0,0,11,218.62,
2026-02-14,15-B,wholesale,1,0,26,185.83,
2026-02-14,15-C,wholesale,2,0,12,148.66,
2026-02-14,15-D,wholesale,0,0,16,91.82,
2026-02-14,16P-A,wholesale,0,0,12,360.18,
2026-02-14,16P-B,wholesale,1,0,22,306.15,
2026-02-14,16P-C,wholesale,0,1,0,244.92,
2026-02-14,16P-D,wholesale,2,0,16,151.27,
2026-02-14,17-A,wholesale,0,0,2,393.83,
2026-02-14,17-B,wholesale,0,0,16,334.75,
2026-02-14,17-C,wholesale,0,0,15,267.8,
2026-02-14,17-D,wholesale,1,0,8,165.41,
2026-02-15,14-A,retail,1,0,10,199.14,1.195169
2026-02-15,14-B,retail,2,0,32,185.93,1.312823
2026-02-15,14-C,retail,1,0,3,137.13,1.21034
2026-02-15,14-D,retail,0,0,12,86.14,1.230943
2026-02-15,15-A,retail,1,0,11,263.42,1.195169
2026-02-15,15-B,retail,5,0,25,245.95,1.312823
2026-02-15,15-C,retail,3,0,10,181.4,1.21034
2026-02-15,15-D,retail,0,0,16,113.95,1.230943
2026-02-15,16P-A,retail,0,0,12,433.98,1.195169
2026-02-15,16P-B,retail,1,0,21,405.2,1.312823
2026-02-15,16P-C,retail,0,0,10,298.86,1.21034
2026-02-15,16P-D,retail,0,0,14,187.73,1.230943
2026-02-15,17-A,retail,0,0,12,474.53,1.195169
2026-02-15,17-B,retail,1,0,16,443.06,1.312823
2026-02-15,17-C,retail,0,0,15,326.78,1.21034
2026-02-15,17-D,retail,0,0,17,205.27,1.230943
2026-02-15,14-A,wholesale,0,0,9,165.18,
2026-02-15,14-B,wholesale,0,0,30,140.4,
2026-02-15,14-C,wholesale,0,0,2,112.32,
2026-02-15,14-D,wholesale,0,0,12,69.37,
2026-02-15,15-A,wholesale,1,0,10,218.5,
2026-02-15,15-B,wholesale,0,0,20,185.73,
2026-02-15,15-C,wholesale,0,0,7,148.58,
2026-02-15,15-D,wholesale,0,0,16,91.77,
2026-02-15,16P-A,wholesale,0,0,12,359.98,
2026-02-15,16P-B,wholesale,0,0,20,305.98,
2026-02-15,16P-C,wholesale,0,0,10,244.78,
2026-02-15,16P-D,wholesale,1,0,14,151.19,
2026-02-15,17-A,wholesale,0,0,12,393.61,
2026-02-15,17-B,wholesale,0,0,15,334.57,
2026-02-15,17-C,wholesale,1,0,15,267.65,
2026-02-15,17-D,wholesale,0,0,17,165.32,
2026-02-16,14-A,retail,0,0,19,199.03,1.195193
2026-02-16,14-B,retail,1,0,30,198.19,1.400195
2026-02-16,14-C,retail,0,0,2,172.73,1.52539
2026-02-16,14-D,retail,0,0,12,99.72,1.42579
2026-02-16,15-A,retail,0,0,9,263.28,1.195193
2026-02-16,15-B,retail,1,0,20,262.17,1.400195
2026-02-16,15-C,retail,0,0,7,228.49,1.52539
2026-02-16,15-D,retail,0,0,16,131.91,1.42579
2026-02-16,16P-A,retail,0,0,22,433.75,1.195193
2026-02-16,16P-B,retail,0,0,20,431.93,1.400195
2026-02-16,16P-C,retail,0,0,11,376.44,1.52539
2026-02-16,16P-D,retail,0,0,13,217.32,1.42579
2026-02-16,17-A,retail,1,0,12,474.28,1.195193
2026-02-16,17-B,retail,0,0,15,472.28,1.400195
2026-02-16,17-C,retail,0,0,14,411.61,1.52539
2026-02-16,17-D,retail,0,0,17,237.63,1.42579
2026-02-16,14-A,wholesale,0,0,19,165.09,
2026-02-16,14-B,wholesale,0,0,29,140.32,
2026-02-16,14-C,wholesale,1,0,2,112.26,
2026-02-16,14-D,wholesale,2,0,12,69.34,
2026-02-16,15-A,wholesale,0,0,9,218.38,
2026-02-16,15-B,wholesale,1,0,19,185.62,
2026-02-16,15-C,wholesale,1,0,7,148.5,
2026-02-16,15-D,wholesale,2,0,16,91.72,
2026-02-16,16P-A,wholesale,0,0,22,359.78,
2026-02-16,16P-B,wholesale,1,0,20,305.81,
2026-02-16,16P-C,wholesale,1,0,11,244.65,
2026-02-16,16P-D,wholesale,1,0,13,151.11,
2026-02-16,17-A,wholesale,0,0,11,393.39,
2026-02-16,17-B,wholesale,1,0,15,334.38,
2026-02-16,17-C,wholesale,0,0,14,267.5,
2026-02-16,17-D,wholesale,1,0,17,165.22,
2026-02-17,14-A,retail,2,0,19,230.75,1.386443
2026-02-17,14-B,retail,0,0,29,169.85,1.20061
2026-02-17,14-C,retail,0,0,11,140.57,1.242042
2026-02-17,14-D,retail,0,0,10,91.76,1.312739
2026-02-17,15-A,retail,0,0,9,305.24,1.386443
2026-02-17,15-B,retail,0,0,18,224.68,1.20061
2026-02-17,15-C,retail,0,0,6,185.94,1.242042
2026-02-17,15-D,retail,1,0,14,121.39,1.312739
2026-02-17,16P-A,retail,1,0,23,502.88,1.386443
2026-02-17,16P-B,retail,0,0,19,370.15,1.20061
2026-02-17,16P-C,retail,0,0,10,306.34,1.242042
2026-02-17,16P-D,retail,2,0,12,199.98,1.312739
2026-02-17,17-A,retail,1,0,11,549.86,1.386443
2026-02-17,17-B,retail,1,0,14,404.74,1.20061
2026-02-17,17-C,retail,0,0,14,334.96,1.242042
2026-02-17,17-D,retail,0,0,16,218.66,1.312739
2026-02-17,14-A,wholesale,0,0,17,164.99,
2026-02-17,14-B,wholesale,0,0,29,140.24,
2026-02-17,14-C,wholesale,0,0,11,112.2,
2026-02-17,14-D,wholesale,0,0,10,69.3,
2026-02-17,15-A,wholesale,1,0,9,218.26,
2026-02-17,15-B,wholesale,1,0,18,185.52,
2026-02-17,15-C,wholesale,2,0,6,148.41,
2026-02-17,15-D,wholesale,0,0,13,91.67,
2026-02-17,16P-A,wholesale,0,0,22,359.57,
2026-02-17,16P-B,wholesale,0,0,19,305.64,
2026-02-17,16P-C,wholesale,0,0,10,244.51,
2026-02-17,16P-D,wholesale,0,0,10,151.02,
2026-02-17,17-A,wholesale,0,0,10,393.17,
2026-02-17,17-B,wholesale,0,0,13,334.19,
2026-02-17,17-C,wholesale,0,0,14,267.36,
2026-02-17,17-D,wholesale,0,0,16,165.13,
2026-02-18,14-A,retail,1,0,17,223.15,1.341529
2026-02-18,14-B,retail,0,0,29,188.27,1.33157
2026-02-18,14-C,retail,0,0,11,150.85,1.333677
2026-02-18,14-D,retail,0,0,10,76.76,1.098735
2026-02-18,15-A,retail,1,0,23,295.19,1.341529
2026-02-18,15-B,retail,2,0,17,249.05,1.33157
2026-02-18,15-C,retail,0,0,4,199.55,1.333677
2026-02-18,15-D,retail,0,0,13,101.54,1.098735
2026-02-18,16P-A,retail,2,0,22,486.31,1.341529
2026-02-18,16P-B,retail,1,0,19,410.3,1.33157
2026-02-18,16P-C,retail,0,0,21,328.76,1.333677
2026-02-18,16P-D,retail,0,0,10,167.29,1.098735
2026-02-18,17-A,retail,0,0,10,531.75,1.341529
2026-02-18,17-B,retail,0,0,13,448.63,1.33157
2026-02-18,17-C,retail,0,0,14,359.47,1.333677
2026-02-18,17-D,retail,0,0,16,182.92,1.098735
2026-02-18,14-A,wholesale,0,0,16,164.9,
2026-02-18,14-B,wholesale,0,0,29,140.17,
2026-02-18,14-C,wholesale,1,0,11,112.13,
2026-02-18,14-D,wholesale,0,0,10,69.26,
2026-02-18,15-A,wholesale,0,0,22,218.13,
2026-02-18,15-B,wholesale,0,0,15,185.41,
2026-02-18,15-C,wholesale,3,0,4,148.33,
2026-02-18,15-D,wholesale,2,0,13,91.62,
2026-02-18,16P-A,wholesale,1,0,20,359.37,
2026-02-18,16P-B,wholesale,0,0,18,305.47,
2026-02-18,16P-C,wholesale,1,0,21,244.37,
2026-02-18,16P-D,wholesale,0,0,10,150.94,
2026-02-18,17-A,wholesale,0,0,10,392.95,
2026-02-18,17-B,wholesale,2,0,13,334.01,
2026-02-18,17-C,wholesale,0,0,14,267.21,
2026-02-18,17-D,wholesale,0,0,16,165.04,
2026-02-19,14-A,retail,0,0,16,202.92,1.220596
2026-02-19,14-B,retail,3,0,29,183.07,1.295531
2026-02-19,14-C,retail,0,0,10,117.13,1.036096
2026-02-19,14-D,retail,0,0,10,94.57,1.354412
2026-02-19,15-A,retail,1,0,22,268.43,1.220596
2026-02-19,15-B,retail,1,0,15,242.17,1.295531
2026-02-19,15-C,retail,0,0,11,154.94,1.036096
2026-02-19,15-D,retail,0,0,11,125.1,1.354412
2026-02-19,16P-A,retail,1,0,19,442.23,1.220596
2026-02-19,16P-B,retail,1,0,18,398.97,1.295531
2026-02-19,16P-C,retail,2,0,20,255.26,1.036096
2026-02-19,16P-D,retail,0,0,10,206.1,1.354412
2026-02-19,17-A,retail,2,0,10,483.55,1.220596
2026-02-19,17-B,retail,1,0,21,436.25,1.295531
2026-02-19,17-C,retail,0,0,14,279.11,1.036096
2026-02-19,17-D,retail,0,0,16,225.35,1.354412
2026-02-19,14-A,wholesale,0,0,16,164.81,
2026-02-19,14-B,wholesale,1,0,26,140.09,
2026-02-19,14-C,wholesale,1,0,10,112.07,
2026-02-19,14-D,wholesale,1,0,10,69.22,
2026-02-19,15-A,wholesale,0,0,21,218.01,
2026-02-19,15-B,wholesale,1,0,14,185.31,
2026-02-19,15-C,wholesale,1,0,11,148.25,
2026-02-19,15-D,wholesale,1,0,11,91.57,
2026-02-19,16P-A,wholesale,0,0,18,359.17,
2026-02-19,16P-B,wholesale,0,0,17,305.3,
2026-02-19,16P-C,wholesale,1,0,18,244.24,
2026-02-19,16P-D,wholesale,1,0,10,150.85,
2026-02-19,17-A,wholesale,0,0,8,392.73,
2026-02-19,17-B,wholesale,0,0,20,333.82,
2026-02-19,17-C,wholesale,0,0,14,267.06,
2026-02-19,17-D,wholesale,1,0,16,164.95,
2026-02-20,14-A,retail,1,0,16,209.04,1.258105
2026-02-20,14-B,retail,0,0,25,183.98,1.302681
2026-02-20,14-C,retail,2,0,9,169.51,1.500309
2026-02-20,14-D,retail,0,0,9,76.88,1.101625
2026-02-20,15-A,retail,0,0,21,276.52,1.258105
2026-02-20,15-B,retail,0,0,23,243.37,1.302681
2026-02-20,15-C,retail,0,0,10,224.23,1.500309
2026-02-20,15-D,retail,0,0,20,101.69,1.101625
2026-02-20,16P-A,retail,0,0,18,455.56,1.258105
2026-02-20,16P-B,retail,5,0,17,400.95,1.302681
2026-02-20,16P-C,retail,0,0,17,369.42,1.500309
2026-02-20,16P-D,retail,0,0,9,167.54,1.101625
2026-02-20,17-A,retail,1,0,8,498.13,1.258105
2026-02-20,17-B,retail,1,0,20,438.41,1.302681
2026-02-20,17-C,retail,1,0,14,403.94,1.500309
2026-02-20,17-D,retail,0,0,15,183.19,1.101625
2026-02-20,14-A,wholesale,0,0,15,164.72,
2026-02-20,14-B,wholesale,1,0,25,140.01,
2026-02-20,14-C,wholesale,1,0,7,112.01,
2026-02-20,14-D,wholesale,1,0,9,69.18,
2026-02-20,15-A,wholesale,0,0,21,217.89,
2026-02-20,15-B,wholesale,1,0,23,185.21,
2026-02-20,15-C,wholesale,0,0,10,148.17,
2026-02-20,15-D,wholesale,3,0,20,91.51,
2026-02-20,16P-A,wholesale,1,0,18,358.97,
2026-02-20,16P-B,wholesale,1,0,12,305.13,
2026-02-20,16P-C,wholesale,3,0,17,244.1,
2026-02-20,16P-D,wholesale,0,0,9,150.77,
2026-02-20,17-A,wholesale,0,0,7,392.51,
2026-02-20,17-B,wholesale,0,0,19,333.63,
2026-02-20,17-C,wholesale,1,0,13,266.91,
2026-02-20,17-D,wholesale,0,0,15,164.85,
2026-02-21,14-A,retail,0,0,15,208.32,1.2545
2026-02-21,14-B,retail,0,0,24,171.06,1.211896
2026-02-21,14-C,retail,0,0,6,134.65,1.192439
2026-02-21,14-D,retail,0,0,8,100.73,1.444308
2026-02-21,15-A,retail,0,0,21,275.57,1.2545
2026-02-21,15-B,retail,4,0,23,226.28,1.211896
2026-02-21,15-C,retail,1,0,10,178.12,1.192439
2026-02-21,15-D,retail,0,0,17,133.25,1.444308
2026-02-21,16P-A,retail,1,0,17,454.0,1.2545
2026-02-21,16P-B,retail,1,0,21,372.8,1.211896
2026-02-21,16P-C,retail,0,0,14,293.45,1.192439
2026-02-21,16P-D,retail,0,0,9,219.53,1.444308
2026-02-21,17-A,retail,1,0,7,496.42,1.2545
2026-02-21,17-B,retail,3,0,19,407.63,1.211896
2026-02-21,17-C,retail,0,0,12,320.87,1.192439
2026-02-21,17-D,retail,1,0,15,240.04,1.444308
2026-02-21,14-A,wholesale,0,0,15,164.63,
2026-02-21,14-B,wholesale,0,0,24,139.93,
2026-02-21,14-C,wholesale,0,0,6,111.95,
2026-02-21,14-D,wholesale,0,0,8,69.14,
2026-02-21,15-A,wholesale,0,0,21,217.77,
2026-02-21,15-B,wholesale,0,0,19,185.1,
2026-02-21,15-C,wholesale,1,0,9,148.08,
2026-02-21,15-D,wholesale,3,0,17,91.46,
2026-02-21,16P-A,wholesale,1,0,16,358.77,
2026-02-21,16P-B,wholesale,0,0,20,304.96,
2026-02-21,16P-C,wholesale,0,0,14,243.96,
2026-02-21,16P-D,wholesale,1,0,9,150.68,
2026-02-21,17-A,wholesale,0,0,6,392.29,
2026-02-21,17-B,wholesale,0,0,16,333.45,
2026-02-21,17-C,wholesale,0,0,12,266.76,
2026-02-21,17-D,wholesale,0,0,14,164.76,
2026-02-22,14-A,retail,0,0,15,216.41,1.303941
2026-02-22,14-B,retail,1,0,24,223.07,1.581217
2026-02-22,14-C,retail,1,0,6,137.44,1.217813
2026-02-22,14-D,retail,0,0,8,83.66,1.200231
2026-02-22,15-A,retail,4,0,21,286.27,1.303941
2026-02-22,15-B,retail,0,0,19,295.08,1.581217
2026-02-22,15-C,retail,0,0,8,181.81,1.217813
2026-02-22,15-D,retail,0,0,14,110.67,1.200231
2026-02-22,16P-A,retail,0,0,15,471.63,1.303941
2026-02-22,16P-B,retail,0,0,20,486.14,1.581217
2026-02-22,16P-C,retail,1,0,14,299.53,1.217813
2026-02-22,16P-D,retail,0,0,18,182.33,1.200231
2026-02-22,17-A,retail,0,0,6,515.7,1.303941
2026-02-22,17-B,retail,2,0,16,531.56,1.581217
2026-02-22,17-C,retail,0,0,12,327.51,1.217813
2026-02-22,17-D,retail,1,0,14,199.37,1.200231
2026-02-22,14-A,wholesale,0,0,15,164.53,
2026-02-22,14-B,wholesale,0,0,23,139.85,
2026-02-22,14-C,wholesale,0,0,5,111.88,
2026-02-22,14-D,wholesale,1,0,8,69.1,
2026-02-22,15-A,wholesale,0,0,17,217.65,
2026-02-22,15-B,wholesale,0,0,19,185.0,
2026-02-22,15-C,wholesale,1,0,8,148.0,
2026-02-22,15-D,wholesale,0,0,14,91.41,
2026-02-22,16P-A,wholesale,0,0,15,358.57,
2026-02-22,16P-B,wholesale,0,0,20,304.79,
2026-02-22,16P-C,wholesale,0,0,13,243.83,
2026-02-22,16P-D,wholesale,0,0,18,150.6,
2026-02-22,17-A,wholesale,0,0,6,392.07,
2026-02-22,17-B,wholesale,2,0,14,333.26,
2026-02-22,17-C,wholesale,0,0,12,266.61,
2026-02-22,17-D,wholesale,1,0,13,164.67,
2026-02-23,14-A,retail,0,0,15,197.9,1.193035
2026-02-23,14-B,retail,1,0,23,167.53,1.18817
2026-02-23,14-C,retail,0,0,5,134.62,1.193458
2026-02-23,14-D,retail,0,0,7,87.72,1.259171
2026-02-23,15-A,retail,1,0,17,261.78,1.193035
2026-02-23,15-B,retail,0,0,19,221.61,1.18817
2026-02-23,15-C,retail,0,0,8,178.07,1.193458
2026-02-23,15-D,retail,0,0,14,116.04,1.259171
2026-02-23,16P-A,retail,1,0,15,431.28,1.193035
2026-02-23,16P-B,retail,2,0,20,365.09,1.18817
2026-02-23,16P-C,retail,2,0,13,293.37,1.193458
2026-02-23,16P-D,retail,0,0,18,191.18,1.259171
2026-02-23,17-A,retail,0,0,6,471.57,1.193035
2026-02-23,17-B,retail,1,0,12,399.2,1.18817
2026-02-23,17-C,retail,0,0,12,320.78,1.193458
2026-02-23,17-D,retail,0,0,12,209.04,1.259171
2026-02-23,14-A,wholesale,0,0,15,164.44,
2026-02-23,14-B,wholesale,1,0,22,139.78,
2026-02-23,14-C,wholesale,0,0,5,111.82,
2026-02-23,14-D,wholesale,0,0,7,69.07,
2026-02-23,15-A,wholesale,0,0,16,217.53,
2026-02-23,15-B,wholesale,1,0,19,184.9,
2026-02-23,15-C,wholesale,2,0,8,147.92,
2026-02-23,15-D,wholesale,2,0,14,91.36,
2026-02-23,16P-A,wholesale,1,0,14,358.37,
2026-02-23,16P-B,wholesale,0,0,18,304.62,
2026-02-23,16P-C,wholesale,1,0,11,243.69,
2026-02-23,16P-D,wholesale,1,0,18,150.52,
2026-02-23,17-A,wholesale,0,0,6,391.85,
2026-02-23,17-B,wholesale,2,0,11,333.08,
2026-02-23,17-C,wholesale,0,0,12,266.46,
2026-02-23,17-D,wholesale,1,0,12,164.58,
2026-02-24,14-A,retail,1,0,15,189.88,1.145377
2026-02-24,14-B,retail,3,0,21,166.61,1.182326
2026-02-24,14-C,retail,3,0,5,130.77,1.159988
2026-02-24,14-D,retail,0,0,7,101.06,1.451406
2026-02-24,15-A,retail,0,0,16,251.18,1.145377
2026-02-24,15-B,retail,7,0,18,220.39,1.182326
2026-02-24,15-C,retail,0,0,21,172.98,1.159988
2026-02-24,15-D,retail,1,0,12,133.68,1.451406
2026-02-24,16P-A,retail,5,0,13,413.82,1.145377
2026-02-24,16P-B,retail,0,0,18,363.09,1.182326
2026-02-24,16P-C,retail,0,0,10,284.99,1.159988
2026-02-24,16P-D,retail,1,0,17,220.24,1.451406
2026-02-24,17-A,retail,0,0,6,452.48,1.145377
2026-02-24,17-B,retail,2,0,9,397.02,1.182326
2026-02-24,17-C,retail,2,0,12,311.61,1.159988
2026-02-24,17-D,retail,0,0,11,240.82,1.451406
2026-02-24,14-A,wholesale,1,0,14,164.35,
2026-02-24,14-B,wholesale,0,0,18,139.7,
2026-02-24,14-C,wholesale,0,0,2,111.76,
2026-02-24,14-D,wholesale,1,0,7,69.03,
2026-02-24,15-A,wholesale,1,0,16,217.4,
2026-02-24,15-B,wholesale,0,0,11,184.79,
2026-02-24,15-C,wholesale,1,0,21,147.84,
2026-02-24,15-D,wholesale,2,0,11,91.31,
2026-02-24,16P-A,wholesale,0,0,8,358.17,
2026-02-24,16P-B,wholesale,0,0,18,304.45,
2026-02-24,16P-C,wholesale,0,0,10,243.56,
2026-02-24,16P-D,wholesale,0,0,16,150.43,
2026-02-24,17-A,wholesale,0,0,6,391.64,
2026-02-24,17-B,wholesale,2,0,7,332.89,
2026-02-24,17-C,wholesale,0,0,10,266.31,
2026-02-24,17-D,wholesale,1,0,11,164.49,
2026-02-25,14-A,retail,0,0,23,255.52,1.542132
2026-02-25,14-B,retail,2,0,18,165.45,1.174789
2026-02-25,14-C,retail,0,0,2,141.14,1.252679
2026-02-25,14-D,retail,0,0,16,94.85,1.362988
2026-02-25,15-A,retail,1,0,15,338.0,1.542132
2026-02-25,15-B,retail,1,0,12,218.87,1.174789
2026-02-25,15-C,retail,0,0,20,186.7,1.252679
2026-02-25,15-D,retail,1,0,9,125.47,1.362988
2026-02-25,16P-A,retail,1,0,8,556.85,1.542132
2026-02-25,16P-B,retail,2,0,18,360.58,1.174789
2026-02-25,16P-C,retail,0,0,20,307.59,1.252679
2026-02-25,16P-D,retail,0,0,16,206.71,1.362988
2026-02-25,17-A,retail,1,0,6,608.88,1.542132
2026-02-25,17-B,retail,0,0,5,394.27,1.174789
2026-02-25,17-C,retail,0,0,10,336.33,1.252679
2026-02-25,17-D,retail,0,0,10,226.02,1.362988
2026-02-25,14-A,wholesale,0,0,23,164.26,
2026-02-25,14-B,wholesale,0,0,16,139.62,
2026-02-25,14-C,wholesale,0,0,2,111.7,
2026-02-25,14-D,wholesale,0,0,16,68.99,
2026-02-25,15-A,wholesale,0,0,14,217.28,
2026-02-25,15-B,wholesale,1,0,11,184.69,
2026-02-25,15-C,wholesale,0,0,20,147.75,
2026-02-25,15-D,wholesale,2,0,8,91.26,
2026-02-25,16P-A,wholesale,0,0,7,357.97,
2026-02-25,16P-B,wholesale,0,0,16,304.28,
2026-02-25,16P-C,wholesale,0,0,20,243.42,
2026-02-25,16P-D,wholesale,1,0,16,150.35,
2026-02-25,17-A,wholesale,0,0,5,391.42,
2026-02-25,17-B,wholesale,0,0,5,332.7,
2026-02-25,17-C,wholesale,0,0,10,266.16,
2026-02-25,17-D,wholesale,0,0,10,164.4,
2026-02-26,14-A,retail,1,0,23,240.16,1.450242
2026-02-26,14-B,retail,1,0,16,190.13,1.35079
2026-02-26,14-C,retail,1,0,12,139.58,1.239506
2026-02-26,14-D,retail,0,0,16,108.76,1.563754
2026-02-26,15-A,retail,0,0,14,317.68,1.450242
2026-02-26,15-B,retail,1,0,10,251.51,1.35079
2026-02-26,15-C,retail,0,0,20,184.63,1.239506
2026-02-26,15-D,retail,0,0,6,143.87,1.563754
2026-02-26,16P-A,retail,0,0,17,523.38,1.450242
2026-02-26,16P-B,retail,0,0,16,414.37,1.35079
2026-02-26,16P-C,retail,1,0,20,304.18,1.239506
2026-02-26,16P-D,retail,0,0,15,237.03,1.563754
2026-02-26,17-A,retail,0,0,5,572.28,1.450242
2026-02-26,17-B,retail,2,0,5,453.08,1.35079
2026-02-26,17-C,retail,1,0,10,332.6,1.239506
2026-02-26,17-D,retail,0,0,10,259.17,1.563754
2026-02-26,14-A,wholesale,1,0,22,164.17,
2026-02-26,14-B,wholesale,1,0,15,139.54,
2026-02-26,14-C,wholesale,0,0,11,111.63,
2026-02-26,14-D,wholesale,2,0,16,68.95,
2026-02-26,15-A,wholesale,2,0,14,217.16,
2026-02-26,15-B,wholesale,0,0,9,184.59,
2026-02-26,15-C,wholesale,0,0,20,147.67,
2026-02-26,15-D,wholesale,0,0,6,91.21,
2026-02-26,16P-A,wholesale,0,0,17,357.77,
2026-02-26,16P-B,wholesale,1,0,16,304.11,
2026-02-26,16P-C,wholesale,3,0,19,243.28,
2026-02-26,16P-D,wholesale,1,0,15,150.26,
2026-02-26,17-A,wholesale,0,0,5,391.2,
2026-02-26,17-B,wholesale,0,0,3,332.52,
2026-02-26,17-C,wholesale,0,0,9,266.02,
2026-02-26,17-D,wholesale,0,0,10,164.3,
2026-02-27,14-A,retail,1,0,21,232.47,1.404632
2026-02-27,14-B,retail,0,0,14,193.28,1.373892
2026-02-27,14-C,retail,0,0,11,158.97,1.412541
2026-02-27,14-D,retail,1,0,14,83.93,1.207457
2026-02-27,15-A,retail,0,0,12,307.52,1.404632
2026-02-27,15-B,retail,0,0,19,255.67,1.373892
2026-02-27,15-C,retail,0,0,20,210.29,1.412541
2026-02-27,15-D,retail,0,0,16,111.03,1.207457
2026-02-27,16P-A,retail,1,0,17,506.64,1.404632
2026-02-27,16P-B,retail,0,0,25,421.22,1.373892
2026-02-27,16P-C,retail,0,0,16,346.45,1.412541
2026-02-27,16P-D,retail,0,0,14,182.92,1.207457
2026-02-27,17-A,retail,0,0,5,553.97,1.404632
2026-02-27,17-B,retail,1,0,3,460.57,1.373892
2026-02-27,17-C,retail,0,0,9,378.82,1.412541
2026-02-27,17-D,retail,0,0,10,200.01,1.207457
2026-02-27,14-A,wholesale,0,0,20,164.07,
2026-02-27,14-B,wholesale,3,0,14,139.46,
2026-02-27,14-C,wholesale,0,0,11,111.57,
2026-02-27,14-D,wholesale,0,0,13,68.91,
2026-02-27,15-A,wholesale,0,0,12,217.04,
2026-02-27,15-B,wholesale,1,0,19,184.48,
2026-02-27,15-C,wholesale,0,0,20,147.59,
2026-02-27,15-D,wholesale,3,0,16,91.16,
2026-02-27,16P-A,wholesale,0,0,16,357.57,
2026-02-27,16P-B,wholesale,2,0,25,303.94,
2026-02-27,16P-C,wholesale,1,0,16,243.15,
2026-02-27,16P-D,wholesale,1,0,14,150.18,
2026-02-27,17-A,wholesale,0,0,5,390.98,
2026-02-27,17-B,wholesale,1,0,2,332.33,
2026-02-27,17-C,wholesale,1,0,9,265.87,
2026-02-27,17-D,wholesale,0,0,10,164.21,
2026-02-28,14-A,retail,1,0,20,198.67,1.201028
2026-02-28,14-B,retail,1,0,11,196.25,1.395788
2026-02-28,14-C,retail,0,0,11,132.96,1.182068
2026-02-28,14-D,retail,0,0,13,90.28,1.299453
2026-02-28,15-A,retail,0,0,12,262.8,1.201028
2026-02-28,15-B,retail,1,0,18,259.6,1.395788
2026-02-28,15-C,retail,2,0,20,175.88,1.182068
2026-02-28,15-D,retail,1,0,13,119.42,1.299453
2026-02-28,16P-A,retail,0,0,16,432.96,1.201028
2026-02-28,16P-B,retail,0,0,23,427.69,1.395788
2026-02-28,16P-C,retail,0,0,15,289.76,1.182068
2026-02-28,16P-D,retail,0,0,13,196.74,1.299453
2026-02-28,17-A,retail,0,0,5,473.41,1.201028
2026-02-28,17-B,retail,1,0,16,467.65,1.395788
2026-02-28,17-C,retail,2,0,8,316.84,1.182068
2026-02-28,17-D,retail,0,0,11,215.13,1.299453
2026-02-28,14-A,wholesale,0,0,19,163.98,
2026-02-28,14-B,wholesale,0,0,10,139.39,
2026-02-28,14-C,wholesale,0,0,11,111.51,
2026-02-28,14-D,wholesale,0,0,13,68.87,
2026-02-28,15-A,wholesale,0,0,12,216.92,
2026-02-28,15-B,wholesale,1,0,17,184.38,
2026-02-28,15-C,wholesale,8,0,18,147.51,
2026-02-28,15-D,wholesale,2,0,12,91.11,
2026-02-28,16P-A,wholesale,0,0,16,357.37,
2026-02-28,16P-B,wholesale,0,0,23,303.77,
2026-02-28,16P-C,wholesale,0,0,15,243.01,
2026-02-28,16P-D,wholesale,1,0,13,150.1,
2026-02-28,17-A,wholesale,0,0,5,390.76,
2026-02-28,17-B,wholesale,0,0,15,332.15,
2026-02-28,17-C,wholesale,0,0,6,265.72,
2026-02-28,17-D,wholesale,0,0,11,164.12,
2026-03-01,14-A,retail,0,0,19,229.95,1.390954
2026-03-01,14-B,retail,1,0,10,193.99,1.380463
2026-03-01,14-C,retail,0,0,11,150.93,1.342581
2026-03-01,14-D,retail,0,0,13,99.97,1.439729
2026-03-01,15-A,retail,3,0,12,304.19,1.390954
2026-03-01,15-B,retail,0,0,16,256.61,1.380463
2026-03-01,15-C,retail,0,0,10,199.65,1.342581
2026-03-01,15-D,retail,1,0,10,132.24,1.439729
2026-03-01,16P-A,retail,1,0,16,501.14,1.390954
2026-03-01,16P-B,retail,0,0,23,422.76,1.380463
2026-03-01,16P-C,retail,0,0,15,328.93,1.342581
2026-03-01,16P-D,retail,0,0,12,217.86,1.439729
2026-03-01,17-A,retail,0,0,15,547.97,1.390954
2026-03-01,17-B,retail,0,0,15,462.26,1.380463
2026-03-01,17-C,retail,1,0,6,359.66,1.342581
2026-03-01,17-D,retail,0,0,11,238.22,1.439729
2026-03-01,14-A,wholesale,0,0,19,163.89,
2026-03-01,14-B,wholesale,0,0,9,139.31,
2026-03-01,14-C,wholesale,0,0,11,111.45,
2026-03-01,14-D,wholesale,0,0,13,68.83,
2026-03-01,15-A,wholesale,0,0,9,216.8,
2026-03-01,15-B,wholesale,0,0,16,184.28,
2026-03-01,15-C,wholesale,2,0,10,147.42,
2026-03-01,15-D,wholesale,3,0,9,91.06,
2026-03-01,16P-A,wholesale,0,0,15,357.17,
2026-03-01,16P-B,wholesale,2,0,23,303.6,
2026-03-01,16P-C,wholesale,0,0,15,242.88,
2026-03-01,16P-D,wholesale,1,0,12,150.01,
2026-03-01,17-A,wholesale,0,0,15,390.54,
2026-03-01,17-B,wholesale,0,0,15,331.96,
2026-03-01,17-C,wholesale,0,0,5,265.57,
2026-03-01,17-D,wholesale,0,0,11,164.03,
2026-03-02,14-A,retail,0,0,19,234.83,1.421266
2026-03-02,14-B,retail,1,0,9,178.24,1.269152
2026-03-02,14-C,retail,0,0,11,168.84,1.502776
2026-03-02,14-D,retail,0,0,13,96.13,1.385172
2026-03-02,15-A,retail,1,0,9,310.64,1.421266
2026-03-02,15-B,retail,1,0,16,235.79,1.269152
2026-03-02,15-C,retail,0,0,8,223.35,1.502776
2026-03-02,15-D,retail,0,0,6,127.16,1.385172
2026-03-02,16P-A,retail,1,0,15,511.78,1.421266
2026-03-02,16P-B,retail,1,0,21,388.45,1.269152
2026-03-02,16P-C,retail,1,0,15,367.97,1.502776
2026-03-02,16P-D,retail,0,0,11,209.49,1.385172
2026-03-02,17-A,retail,0,0,15,559.59,1.421266
2026-03-02,17-B,retail,0,0,15,424.75,1.269152
2026-03-02,17-C,retail,0,0,5,402.35,1.502776
2026-03-02,17-D,retail,0,0,11,229.06,1.385172
2026-03-02,14-A,wholesale,1,0,19,163.8,
2026-03-02,14-B,wholesale,0,0,8,139.23,
2026-03-02,14-C,wholesale,0,0,11,111.38,
2026-03-02,14-D,wholesale,0,0,13,68.8,
2026-03-02,15-A,wholesale,1,0,8,216.68,
2026-03-02,15-B,wholesale,0,0,15,184.18,
2026-03-02,15-C,wholesale,0,0,8,147.34,
2026-03-02,15-D,wholesale,1,0,6,91.0,
2026-03-02,16P-A,wholesale,0,0,14,356.97,
2026-03-02,16P-B,wholesale,0,0,20,303.43,
2026-03-02,16P-C,wholesale,0,0,14,242.74,
2026-03-02,16P-D,wholesale,1,0,11,149.93,
2026-03-02,17-A,wholesale,0,0,15,390.33,
2026-03-02,17-B,wholesale,0,0,15,331.78,
2026-03-02,17-C,wholesale,0,0,5,265.42,
2026-03-02,17-D,wholesale,1,0,11,163.94,
2026-03-03,14-A,retail,0,0,18,205.73,1.245836
2026-03-03,14-B,retail,2,0,8,205.64,1.465059
2026-03-03,14-C,retail,0,0,11,139.27,1.240206
2026-03-03,14-D,retail,0,0,13,92.65,1.33586
2026-03-03,15-A,retail,0,0,7,272.15,1.245836
2026-03-03,15-B,retail,1,0,15,272.03,1.465059
2026-03-03,15-C,retail,0,0,9,184.22,1.240206
2026-03-03,15-D,retail,0,0,5,122.56,1.33586
2026-03-03,16P-A,retail,1,0,14,448.36,1.245836
2026-03-03,16P-B,retail,2,0,20,448.17,1.465059
2026-03-03,16P-C,retail,0,0,14,303.51,1.240206
2026-03-03,16P-D,retail,0,0,10,201.92,1.33586
2026-03-03,17-A,retail,0,0,15,490.25,1.245836
2026-03-03,17-B,retail,0,0,15,490.04,1.465059
2026-03-03,17-C,retail,0,0,5,331.86,1.240206
2026-03-03,17-D,retail,0,0,10,220.78,1.33586
2026-03-03,14-A,wholesale,0,0,18,163.71,
2026-03-03,14-B,wholesale,1,0,6,139.15,
2026-03-03,14-C,wholesale,1,0,11,111.32,
2026-03-03,14-D,wholesale,0,0,13,68.76,
2026-03-03,15-A,wholesale,0,0,7,216.56,
2026-03-03,15-B,wholesale,0,0,14,184.07,
2026-03-03,15-C,wholesale,1,0,9,147.26,
2026-03-03,15-D,wholesale,1,0,5,90.95,
2026-03-03,16P-A,wholesale,0,0,13,356.77,
2026-03-03,16P-B,wholesale,0,0,18,303.26,
2026-03-03,16P-C,wholesale,0,0,14,242.61,
2026-03-03,16P-D,wholesale,0,0,10,149.84,
2026-03-03,17-A,wholesale,0,0,15,390.11,
2026-03-03,17-B,wholesale,0,0,15,331.59,
2026-03-03,17-C,wholesale,0,0,5,265.27,
2026-03-03,17-D,wholesale,0,0,10,163.85,
2026-03-04,14-A,retail,1,0,18,200.67,1.215871
2026-03-04,14-B,retail,2,0,15,142.98,1.01918
2026-03-04,14-C,retail,0,0,20,168.56,1.50191
2026-03-04,14-D,retail,1,0,13,77.58,1.11914
2026-03-04,15-A,retail,0,0,17,265.45,1.215871
2026-03-04,15-B,retail,7,0,24,189.13,1.01918
2026-03-04,15-C,retail,0,0,8,222.97,1.50191
2026-03-04,15-D,retail,0,0,4,102.62,1.11914
2026-03-04,16P-A,retail,0,0,13,437.33,1.215871
2026-03-04,16P-B,retail,0,0,18,311.6,1.01918
2026-03-04,16P-C,retail,0,0,14,367.35,1.50191
2026-03-04,16P-D,retail,1,0,10,169.07,1.11914
2026-03-04,17-A,retail,0,0,25,478.19,1.215871
2026-03-04,17-B,retail,1,0,15,340.71,1.01918
2026-03-04,17-C,retail,0,0,5,401.67,1.50191
2026-03-04,17-D,retail,0,0,21,184.86,1.11914
2026-03-04,14-A,wholesale,0,0,17,163.62,
2026-03-04,14-B,wholesale,2,0,13,139.07,
2026-03-04,14-C,wholesale,0,0,20,111.26,
2026-03-04,14-D,wholesale,0,0,12,68.72,
2026-03-04,15-A,wholesale,1,0,17,216.44,
2026-03-04,15-B,wholesale,1,0,17,183.97,
2026-03-04,15-C,wholesale,1,0,8,147.18,
2026-03-04,15-D,wholesale,0,0,4,90.9,
2026-03-04,16P-A,wholesale,0,0,13,356.57,
2026-03-04,16P-B,wholesale,0,0,18,303.09,
2026-03-04,16P-C,wholesale,1,0,14,242.47,
2026-03-04,16P-D,wholesale,1,0,9,149.76,
2026-03-04,17-A,wholesale,0,0,25,389.89,
2026-03-04,17-B,wholesale,0,0,14,331.41,
2026-03-04,17-C,wholesale,0,0,5,265.13,
2026-03-04,17-D,wholesale,5,0,21,163.75,
2026-03-05,14-A,retail,2,0,17,248.29,1.505229
2026-03-05,14-B,retail,1,0,11,178.4,1.27239
2026-03-05,14-C,retail,0,0,20,138.05,1.230748
2026-03-05,14-D,retail,0,0,22,90.96,1.312986
2026-03-05,15-A,retail,2,0,17,328.44,1.505229
2026-03-05,15-B,retail,1,0,16,235.99,1.27239
2026-03-05,15-C,retail,0,0,7,182.61,1.230748
2026-03-05,15-D,retail,1,0,14,120.33,1.312986
2026-03-05,16P-A,retail,1,0,13,541.11,1.505229
2026-03-05,16P-B,retail,1,0,18,388.79,1.27239
2026-03-05,16P-C,retail,1,0,13,300.85,1.230748
2026-03-05,16P-D,retail,2,0,8,198.24,1.312986
2026-03-05,17-A,retail,0,0,25,591.66,1.505229
2026-03-05,17-B,retail,5,0,14,425.12,1.27239
2026-03-05,17-C,retail,1,0,5,328.96,1.230748
2026-03-05,17-D,retail,0,0,16,216.76,1.312986
2026-03-05,14-A,wholesale,0,0,15,163.53,
2026-03-05,14-B,wholesale,0,0,10,139.0,
2026-03-05,14-C,wholesale,1,0,20,111.2,
2026-03-05,14-D,wholesale,1,0,22,68.68,
2026-03-05,15-A,wholesale,0,0,15,216.31,
2026-03-05,15-B,wholesale,0,0,15,183.87,
2026-03-05,15-C,wholesale,1,0,7,147.09,
2026-03-05,15-D,wholesale,1,0,13,90.85,
2026-03-05,16P-A,wholesale,0,0,12,356.38,
2026-03-05,16P-B,wholesale,0,0,17,302.92,
2026-03-05,16P-C,wholesale,1,0,12,242.34,
2026-03-05,16P-D,wholesale,0,0,6,149.68,
2026-03-05,17-A,wholesale,0,0,25,389.67,
2026-03-05,17-B,wholesale,0,0,9,331.22,
2026-03-05,17-C,wholesale,0,0,4,264.98,
2026-03-05,17-D,wholesale,0,0,16,163.66,
2026-03-06,14-A,retail,1,0,15,235.63,1.429272
2026-03-06,14-B,retail,0,0,10,190.73,1.361053
2026-03-06,14-C,retail,1,0,19,129.16,1.152146
2026-03-06,14-D,retail,0,0,21,92.02,1.329037
2026-03-06,15-A,retail,1,0,15,311.7,1.429272
2026-03-06,15-B,retail,0,0,15,252.3,1.361053
2026-03-06,15-C,retail,0,0,16,170.86,1.152146
2026-03-06,15-D,retail,0,0,12,121.73,1.329037
2026-03-06,16P-A,retail,1,0,12,513.51,1.429272
2026-03-06,16P-B,retail,2,0,27,415.65,1.361053
2026-03-06,16P-C,retail,0,0,21,281.48,1.152146
2026-03-06,16P-D,retail,0,0,7,200.55,1.329037
2026-03-06,17-A,retail,0,0,25,561.49,1.429272
2026-03-06,17-B,retail,3,0,9,454.49,1.361053
2026-03-06,17-C,retail,0,0,14,307.78,1.152146
2026-03-06,17-D,retail,0,0,16,219.29,1.329037
2026-03-06,14-A,wholesale,1,0,14,163.43,
2026-03-06,14-B,wholesale,1,0,10,138.92,
2026-03-06,14-C,wholesale,1,0,18,111.14,
2026-03-06,14-D,wholesale,0,0,21,68.64,
2026-03-06,15-A,wholesale,2,0,14,216.19,
2026-03-06,15-B,wholesale,0,0,15,183.77,
2026-03-06,15-C,wholesale,0,0,16,147.01,
2026-03-06,15-D,wholesale,1,0,12,90.8,
2026-03-06,16P-A,wholesale,0,0,11,356.18,
2026-03-06,16P-B,wholesale,0,0,25,302.75,
2026-03-06,16P-C,wholesale,1,0,21,242.2,
2026-03-06,16P-D,wholesale,0,0,7,149.59,
2026-03-06,17-A,wholesale,0,0,25,389.45,
2026-03-06,17-B,wholesale,0,0,6,331.04,
2026-03-06,17-C,wholesale,2,0,14,264.83,
2026-03-06,17-D,wholesale,1,0,16,163.57,
2026-03-07,14-A,retail,0,0,13,212.98,1.292612
2026-03-07,14-B,retail,0,0,9,195.21,1.393857
2026-03-07,14-C,retail,0,0,17,164.74,1.470361
2026-03-07,14-D,retail,0,0,21,84.19,1.216527
2026-03-07,15-A,retail,2,0,12,281.73,1.292612
2026-03-07,15-B,retail,1,0,15,258.23,1.393857
2026-03-07,15-C,retail,1,0,16,217.92,1.470361
2026-03-07,15-D,retail,0,0,11,111.36,1.216527
2026-03-07,16P-A,retail,3,0,11,464.15,1.292612
2026-03-07,16P-B,retail,1,0,25,425.43,1.393857
2026-03-07,16P-C,retail,0,0,20,359.03,1.470361
2026-03-07,16P-D,retail,0,0,7,183.47,1.216527
2026-03-07,17-A,retail,0,0,25,507.52,1.292612
2026-03-07,17-B,retail,3,0,6,465.18,1.393857
2026-03-07,17-C,retail,0,0,12,392.57,1.470361
2026-03-07,17-D,retail,0,0,15,200.61,1.216527
2026-03-07,14-A,wholesale,0,0,13,163.34,
2026-03-07,14-B,wholesale,0,0,9,138.84,
2026-03-07,14-C,wholesale,1,0,17,111.07,
2026-03-07,14-D,wholesale,0,0,21,68.6,
2026-03-07,15-A,wholesale,0,0,10,216.07,
2026-03-07,15-B,wholesale,0,0,14,183.66,
2026-03-07,15-C,wholesale,0,0,15,146.93,
2026-03-07,15-D,wholesale,2,0,11,90.75,
2026-03-07,16P-A,wholesale,1,0,8,355.98,
2026-03-07,16P-B,wholesale,2,0,24,302.58,
2026-03-07,16P-C,wholesale,1,0,20,242.06,
2026-03-07,16P-D,wholesale,1,0,7,149.51,
2026-03-07,17-A,wholesale,0,0,25,389.24,
2026-03-07,17-B,wholesale,0,0,3,330.85,
2026-03-07,17-C,wholesale,1,0,12,264.68,
2026-03-07,17-D,wholesale,0,0,15,163.48,
2026-03-08,14-A,retail,1,0,13,211.89,1.286688
2026-03-08,14-B,retail,2,0,9,178.3,1.273785
2026-03-08,14-C,retail,1,0,16,153.25,1.368587
2026-03-08,14-D,retail,0,0,21,83.7,1.210167
2026-03-08,15-A,retail,1,0,10,280.29,1.286688
2026-03-08,15-B,retail,1,0,15,235.85,1.273785
2026-03-08,15-C,retail,1,0,15,202.73,1.368587
2026-03-08,15-D,retail,0,0,9,110.72,1.210167
2026-03-08,16P-A,retail,1,0,7,461.77,1.286688
2026-03-08,16P-B,retail,2,0,22,388.57,1.273785
2026-03-08,16P-C,retail,1,0,19,333.99,1.368587
2026-03-08,16P-D,retail,0,0,6,182.41,1.210167
2026-03-08,17-A,retail,0,0,25,504.91,1.286688
2026-03-08,17-B,retail,0,0,4,424.87,1.273785
2026-03-08,17-C,retail,1,0,11,365.19,1.368587
2026-03-08,17-D,retail,0,0,15,199.45,1.210167
2026-03-08,14-A,wholesale,0,0,12,163.25,
2026-03-08,14-B,wholesale,1,0,7,138.76,
2026-03-08,14-C,wholesale,1,0,15,111.01,
2026-03-08,14-D,wholesale,3,0,21,68.57,
2026-03-08,15-A,wholesale,1,0,9,215.95,
2026-03-08,15-B,wholesale,0,0,14,183.56,
2026-03-08,15-C,wholesale,7,0,14,146.85,
2026-03-08,15-D,wholesale,0,0,9,90.7,
2026-03-08,16P-A,wholesale,0,0,6,355.78,
2026-03-08,16P-B,wholesale,0,0,20,302.41,
2026-03-08,16P-C,wholesale,0,0,18,241.93,
2026-03-08,16P-D,wholesale,0,0,6,149.43,
2026-03-08,17-A,wholesale,1,0,25,389.02,
2026-03-08,17-B,wholesale,1,0,4,330.67,
2026-03-08,17-C,wholesale,1,0,10,264.53,
2026-03-08,17-D,wholesale,1,0,15,163.39,
2026-03-09,14-A,retail,1,0,22,206.51,1.254748
2026-03-09,14-B,retail,1,0,6,164.72,1.177447
2026-03-09,14-C,retail,2,0,14,149.57,1.336455
2026-03-09,14-D,retail,0,0,18,104.08,1.505738
2026-03-09,15-A,retail,1,0,8,273.18,1.254748
2026-03-09,15-B,retail,0,0,14,217.9,1.177447
2026-03-09,15-C,retail,0,0,7,197.86,1.336455
2026-03-09,15-D,retail,0,0,9,137.68,1.505738
2026-03-09,16P-A,retail,2,0,6,450.05,1.254748
2026-03-09,16P-B,retail,1,0,20,358.98,1.177447
2026-03-09,16P-C,retail,1,0,18,325.97,1.336455
2026-03-09,16P-D,retail,0,0,6,226.83,1.505738
2026-03-09,17-A,retail,2,0,24,492.1,1.254748
2026-03-09,17-B,retail,0,0,3,392.52,1.177447
2026-03-09,17-C,retail,0,0,9,356.42,1.336455
2026-03-09,17-D,retail,0,0,14,248.03,1.505738
2026-03-09,14-A,wholesale,0,0,21,163.16,
2026-03-09,14-B,wholesale,0,0,5,138.69,
2026-03-09,14-C,wholesale,0,0,12,110.95,
2026-03-09,14-D,wholesale,4,0,18,68.53,
2026-03-09,15-A,wholesale,0,0,7,215.83,
2026-03-09,15-B,wholesale,0,0,14,183.46,
2026-03-09,15-C,wholesale,0,0,7,146.77,
2026-03-09,15-D,wholesale,0,0,9,90.65,
2026-03-09,16P-A,wholesale,1,0,4,355.58,
2026-03-09,16P-B,wholesale,0,0,19,302.24,
2026-03-09,16P-C,wholesale,0,0,17,241.79,
2026-03-09,16P-D,wholesale,1,0,6,149.34,
2026-03-09,17-A,wholesale,0,0,22,388.8,
2026-03-09,17-B,wholesale,0,0,3,330.48,
2026-03-09,17-C,wholesale,0,0,9,264.39,
2026-03-09,17-D,wholesale,0,0,14,163.3,
2026-03-10,14-A,retail,1,0,21,187.8,1.141693
2026-03-10,14-B,retail,0,0,5,165.77,1.185622
2026-03-10,14-C,retail,0,0,12,163.82,1.464598
2026-03-10,14-D,retail,0,0,14,83.79,1.212887
2026-03-10,15-A,retail,0,0,7,248.42,1.141693
2026-03-10,15-B,retail,0,0,14,219.29,1.185622
2026-03-10,15-C,retail,0,0,7,216.71,1.464598
2026-03-10,15-D,retail,0,0,9,110.84,1.212887
2026-03-10,16P-A,retail,2,0,13,409.28,1.141693
2026-03-10,16P-B,retail,0,0,29,361.27,1.185622
2026-03-10,16P-C,retail,0,0,27,357.02,1.464598
2026-03-10,16P-D,retail,1,0,15,182.61,1.212887
2026-03-10,17-A,retail,1,0,22,447.51,1.141693
2026-03-10,17-B,retail,3,1,3,395.02,1.185622
2026-03-10,17-C,retail,0,0,9,390.38,1.464598
2026-03-10,17-D,retail,0,0,14,199.68,1.212887
2026-03-10,14-A,wholesale,0,0,20,163.07,
2026-03-10,14-B,wholesale,0,0,5,138.61,
2026-03-10,14-C,wholesale,0,0,12,110.89,
2026-03-10,14-D,wholesale,1,0,14,68.49,
2026-03-10,15-A,wholesale,0,0,7,215.71,
2026-03-10,15-B,wholesale,0,0,14,183.35,
2026-03-10,15-C,wholesale,1,0,7,146.68,
2026-03-10,15-D,wholesale,2,0,9,90.6,
2026-03-10,16P-A,wholesale,0,0,11,355.38,
2026-03-10,16P-B,wholesale,0,0,29,302.07,
2026-03-10,16P-C,wholesale,0,0,27,241.66,
2026-03-10,16P-D,wholesale,1,0,14,149.26,
2026-03-10,17-A,wholesale,0,0,21,388.59,
2026-03-10,17-B,wholesale,0,0,0,330.3,
2026-03-10,17-C,wholesale,0,0,9,264.24,
2026-03-10,17-D,wholesale,0,0,14,163.21,
2026-03-11,14-A,retail,1,0,20,202.71,1.233019
2026-03-11,14-B,retail,0,0,5,184.84,1.322717
2026-03-11,14-C,retail,0,0,12,142.55,1.27514
2026-03-11,14-D,retail,1,0,13,80.2,1.161444
2026-03-11,15-A,retail,0,0,7,268.15,1.233019
2026-03-11,15-B,retail,1,0,14,244.51,1.322717
2026-03-11,15-C,retail,0,0,21,188.57,1.27514
2026-03-11,15-D,retail,0,0,7,106.08,1.161444
2026-03-11,16P-A,retail,0,0,11,441.77,1.233019
2026-03-11,16P-B,retail,0,0,29,402.82,1.322717
2026-03-11,16P-C,retail,1,0,27,310.66,1.27514
2026-03-11,16P-D,retail,0,0,13,174.77,1.161444
2026-03-11,17-A,retail,2,0,21,483.04,1.233019
2026-03-11,17-B,retail,0,0,0,440.45,1.322717
2026-03-11,17-C,retail,0,0,9,339.69,1.27514
2026-03-11,17-D,retail,0,0,14,191.1,1.161444
2026-03-11,14-A,wholesale,0,0,19,162.98,
2026-03-11,14-B,wholesale,0,0,5,138.53,
2026-03-11,14-C,wholesale,0,0,12,110.83,
2026-03-11,14-D,wholesale,0,0,12,68.45,
2026-03-11,15-A,wholesale,0,0,7,215.59,
2026-03-11,15-B,wholesale,1,0,13,183.25,
2026-03-11,15-C,wholesale,0,0,21,146.6,
2026-03-11,15-D,wholesale,0,0,7,90.55,
2026-03-11,16P-A,wholesale,1,0,11,355.18,
2026-03-11,16P-B,wholesale,2,0,29,301.91,
2026-03-11,16P-C,wholesale,0,0,26,241.52,
2026-03-11,16P-D,wholesale,0,0,13,149.18,
2026-03-11,17-A,wholesale,0,0,19,388.37,
2026-03-11,17-B,wholesale,0,0,0,330.11,
2026-03-11,17-C,wholesale,0,0,9,264.09,
2026-03-11,17-D,wholesale,0,0,14,163.11,
2026-03-12,14-A,retail,0,0,19,238.11,1.449149
2026-03-12,14-B,retail,3,0,5,143.57,1.028003
2026-03-12,14-C,retail,0,0,12,132.35,1.184555
2026-03-12,14-D,retail,0,0,12,100.58,1.457418
2026-03-12,15-A,retail,0,0,7,314.97,1.449149
2026-03-12,15-B,retail,0,0,12,189.92,1.028003
2026-03-12,15-C,retail,0,0,21,175.07,1.184555
2026-03-12,15-D,retail,0,0,7,133.04,1.457418
2026-03-12,16P-A,retail,1,0,10,518.91,1.449149
2026-03-12,16P-B,retail,3,0,27,312.89,1.028003
2026-03-12,16P-C,retail,1,0,27,288.43,1.184555
2026-03-12,16P-D,retail,1,0,13,219.19,1.457418
2026-03-12,17-A,retail,1,0,19,567.4,1.449149
2026-03-12,17-B,retail,0,0,0,342.13,1.028003
2026-03-12,17-C,retail,1,0,9,315.38,1.184555
2026-03-12,17-D,retail,0,0,14,239.67,1.457418
2026-03-12,14-A,wholesale,0,0,19,162.89,
2026-03-12,14-B,wholesale,1,0,2,138.45,
2026-03-12,14-C,wholesale,1,0,12,110.76,
2026-03-12,14-D,wholesale,2,0,12,68.41,
2026-03-12,15-A,wholesale,0,0,7,215.47,
2026-03-12,15-B,wholesale,0,0,12,183.15,
2026-03-12,15-C,wholesale,1,0,21,146.52,
2026-03-12,15-D,wholesale,0,0,7,90.5,
2026-03-12,16P-A,wholesale,1,0,9,354.99,
2026-03-12,16P-B,wholesale,0,0,24,301.74,
2026-03-12,16P-C,wholesale,0,0,26,241.39,
2026-03-12,16P-D,wholesale,1,0,12,149.09,
2026-03-12,17-A,wholesale,0,0,18,388.15,
2026-03-12,17-B,wholesale,0,0,0,329.93,
2026-03-12,17-C,wholesale,0,0,8,263.94,
2026-03-12,17-D,wholesale,0,0,14,163.02,
2026-03-13,14-A,retail,1,0,19,210.39,1.281156
2026-03-13,14-B,retail,0,0,1,195.47,1.400382
2026-03-13,14-C,retail,0,0,21,150.77,1.350143
2026-03-13,14-D,retail,0,0,10,81.86,1.186896
2026-03-13,15-A,retail,2,0,7,278.3,1.281156
2026-03-13,15-B,retail,1,0,12,258.57,1.400382
2026-03-13,15-C,retail,0,0,21,199.44,1.350143
2026-03-13,15-D,retail,0,0,17,108.29,1.186896
2026-03-13,16P-A,retail,1,0,8,458.5,1.281156
2026-03-13,16P-B,retail,0,0,24,425.99,1.400382
2026-03-13,16P-C,retail,1,0,26,328.57,1.350143
2026-03-13,16P-D,retail,0,0,11,178.4,1.186896
2026-03-13,17-A,retail,0,0,18,501.34,1.281156
2026-03-13,17-B,retail,0,0,10,465.8,1.400382
2026-03-13,17-C,retail,0,0,8,359.27,1.350143
2026-03-13,17-D,retail,0,0,14,195.07,1.186896
2026-03-13,14-A,wholesale,0,0,18,162.8,
2026-03-13,14-B,wholesale,0,0,1,138.38,
2026-03-13,14-C,wholesale,0,0,21,110.7,
2026-03-13,14-D,wholesale,0,0,10,68.37,
2026-03-13,15-A,wholesale,0,0,5,215.35,
2026-03-13,15-B,wholesale,3,0,11,183.05,
2026-03-13,15-C,wholesale,0,0,21,146.44,
2026-03-13,15-D,wholesale,0,0,17,90.45,
2026-03-13,16P-A,wholesale,0,0,7,354.79,
2026-03-13,16P-B,wholesale,0,0,24,301.57,
2026-03-13,16P-C,wholesale,0,0,25,241.26,
2026-03-13,16P-D,wholesale,0,0,11,149.01,
2026-03-13,17-A,wholesale,0,0,18,387.94,
2026-03-13,17-B,wholesale,1,0,10,329.74,
2026-03-13,17-C,wholesale,0,0,8,263.8,
2026-03-13,17-D,wholesale,1,0,14,162.93,
2026-03-14,14-A,retail,3,0,18,222.03,1.352841
2026-03-14,14-B,retail,0,0,1,204.4,1.465183
2026-03-14,14-C,retail,1,0,21,162.3,1.454261
2026-03-14,14-D,retail,0,0,10,87.46,1.2688
2026-03-14,15-A,retail,0,0,5,293.71,1.352841
2026-03-14,15-B,retail,1,0,8,270.39,1.465183
2026-03-14,15-C,retail,0,0,21,214.7,1.454261
2026-03-14,15-D,retail,0,0,17,115.7,1.2688
2026-03-14,16P-A,retail,0,0,7,483.89,1.352841
2026-03-14,16P-B,retail,0,0,24,445.46,1.465183
2026-03-14,16P-C,retail,0,0,25,353.71,1.454261
2026-03-14,16P-D,retail,1,0,11,190.61,1.2688
2026-03-14,17-A,retail,0,0,18,529.1,1.352841
2026-03-14,17-B,retail,0,0,9,487.08,1.465183
2026-03-14,17-C,retail,2,0,18,386.76,1.454261
2026-03-14,17-D,retail,0,0,13,208.42,1.2688
2026-03-14,14-A,wholesale,0,0,15,162.71,
2026-03-14,14-B,wholesale,0,0,1,138.3,
2026-03-14,14-C,wholesale,3,0,20,110.64,
2026-03-14,14-D,wholesale,0,0,10,68.34,
2026-03-14,15-A,wholesale,2,0,5,215.23,
2026-03-14,15-B,wholesale,0,0,7,182.95,
2026-03-14,15-C,wholesale,0,0,21,146.36,
2026-03-14,15-D,wholesale,0,0,17,90.4,
2026-03-14,16P-A,wholesale,0,0,7,354.59,
2026-03-14,16P-B,wholesale,0,0,24,301.4,
2026-03-14,16P-C,wholesale,2,0,25,241.12,
2026-03-14,16P-D,wholesale,0,0,10,148.93,
2026-03-14,17-A,wholesale,0,0,18,387.72,
2026-03-14,17-B,wholesale,0,0,9,329.56,
2026-03-14,17-C,wholesale,0,0,16,263.65,
2026-03-14,17-D,wholesale,0,0,13,162.84,
2026-03-15,14-A,retail,2,0,15,161.16,0.982514
2026-03-15,14-B,retail,1,1,1,164.49,1.179734
2026-03-15,14-C,retail,0,0,17,160.15,1.435767
2026-03-15,14-D,retail,0,0,10,89.38,1.297288
2026-03-15,15-A,retail,1,0,3,213.19,0.982514
2026-03-15,15-B,retail,0,0,7,217.59,1.179734
2026-03-15,15-C,retail,0,0,21,211.85,1.435767
2026-03-15,15-D,retail,0,0,17,118.23,1.297288
2026-03-15,16P-A,retail,3,0,7,351.23,0.982514
2026-03-15,16P-B,retail,2,0,24,358.47,1.179734
2026-03-15,16P-C,retail,1,0,23,349.02,1.435767
2026-03-15,16P-D,retail,0,0,10,194.78,1.297288
2026-03-15,17-A,retail,2,0,18,384.05,0.982514
2026-03-15,17-B,retail,0,0,9,391.97,1.179734
2026-03-15,17-C,retail,0,0,17,381.63,1.435767
2026-03-15,17-D,retail,0,0,13,212.98,1.297288
2026-03-15,14-A,wholesale,0,0,13,162.61,
2026-03-15,14-B,wholesale,0,1,0,138.22,
2026-03-15,14-C,wholesale,0,0,17,110.58,
2026-03-15,14-D,wholesale,1,0,10,68.3,
2026-03-15,15-A,wholesale,1,0,2,215.11,
2026-03-15,15-B,wholesale,0,0,7,182.84,
2026-03-15,15-C,wholesale,2,0,21,146.27,
2026-03-15,15-D,wholesale,0,0,17,90.35,
2026-03-15,16P-A,wholesale,0,0,4,354.39,
2026-03-15,16P-B,wholesale,0,0,22,301.23,
2026-03-15,16P-C,wholesale,1,0,22,240.99,
2026-03-15,16P-D,wholesale,2,0,10,148.84,
2026-03-15,17-A,wholesale,0,0,16,387.5,
2026-03-15,17-B,wholesale,0,0,9,329.38,
2026-03-15,17-C,wholesale,0,0,17,263.5,
2026-03-15,17-D,wholesale,0,0,13,162.75,
2026-03-16,14-A,retail,0,0,13,253.33,1.545217
2026-03-16,14-B,retail,2,0,15,162.98,1.169538
2026-03-16,14-C,retail,0,0,17,143.21,1.284607
2026-03-16,14-D,retail,0,0,9,93.26,1.354392
2026-03-16,15-A,retail,0,0,1,335.1,1.545217
2026-03-16,15-B,retail,0,0,7,215.59,1.169538
2026-03-16,15-C,retail,1,0,19,189.44,1.284607
2026-03-16,15-D,retail,0,0,27,123.36,1.354392
2026-03-16,16P-A,retail,0,0,14,552.08,1.545217
2026-03-16,16P-B,retail,2,0,23,355.18,1.169538
2026-03-16,16P-C,retail,0,0,21,312.1,1.284607
2026-03-16,16P-D,retail,0,0,8,203.24,1.354392
2026-03-16,17-A,retail,0,0,16,603.66,1.545217
2026-03-16,17-B,retail,1,0,9,388.36,1.169538
2026-03-16,17-C,retail,0,0,17,341.26,1.284607
2026-03-16,17-D,retail,0,0,13,222.23,1.354392
2026-03-16,14-A,wholesale,0,0,13,162.52,
2026-03-16,14-B,wholesale,1,0,13,138.15,
2026-03-16,14-C,wholesale,1,0,17,110.52,
2026-03-16,14-D,wholesale,1,0,9,68.26,
2026-03-16,15-A,wholesale,0,0,1,214.99,
2026-03-16,15-B,wholesale,0,0,7,182.74,
2026-03-16,15-C,wholesale,0,0,18,146.19,
2026-03-16,15-D,wholesale,1,0,27,90.3,
2026-03-16,16P-A,wholesale,0,0,14,354.19,
2026-03-16,16P-B,wholesale,2,0,21,301.06,
2026-03-16,16P-C,wholesale,0,0,21,240.85,
2026-03-16,16P-D,wholesale,2,0,8,148.76,
2026-03-16,17-A,wholesale,0,0,16,387.29,
2026-03-16,17-B,wholesale,0,0,8,329.19,
2026-03-16,17-C,wholesale,0,0,17,263.35,
2026-03-16,17-D,wholesale,0,0,13,162.66,
2026-03-17,14-A,retail,2,0,13,198.54,1.21174
2026-03-17,14-B,retail,0,0,12,207.67,1.491074
2026-03-17,14-C,retail,0,0,16,145.3,1.304103
2026-03-17,14-D,retail,0,0,8,95.91,1.393756
2026-03-17,15-A,retail,1,0,11,262.64,1.21174
2026-03-17,15-B,retail,1,0,7,274.7,1.491074
2026-03-17,15-C,retail,0,0,18,192.21,1.304103
2026-03-17,15-D,retail,0,0,26,126.88,1.393756
2026-03-17,16P-A,retail,2,0,14,432.69,1.21174
2026-03-17,16P-B,retail,0,0,19,452.57,1.491074
2026-03-17,16P-C,retail,2,0,21,316.66,1.304103
2026-03-17,16P-D,retail,0,0,6,209.03,1.393756
2026-03-17,17-A,retail,1,0,16,473.12,1.21174
2026-03-17,17-B,retail,1,0,8,494.86,1.491074
2026-03-17,17-C,retail,0,0,17,346.24,1.304103
2026-03-17,17-D,retail,1,0,13,228.56,1.393756
2026-03-17,14-A,wholesale,0,0,11,162.43,
2026-03-17,14-B,wholesale,1,0,12,138.07,
2026-03-17,14-C,wholesale,0,0,16,110.45,
2026-03-17,14-D,wholesale,0,0,8,68.22,
2026-03-17,15-A,wholesale,0,0,10,214.87,
2026-03-17,15-B,wholesale,1,0,6,182.64,
2026-03-17,15-C,wholesale,0,0,18,146.11,
2026-03-17,15-D,wholesale,5,0,26,90.25,
2026-03-17,16P-A,wholesale,1,0,12,354.0,
2026-03-17,16P-B,wholesale,0,0,19,300.9,
2026-03-17,16P-C,wholesale,0,0,19,240.72,
2026-03-17,16P-D,wholesale,0,0,6,148.68,
2026-03-17,17-A,wholesale,0,0,15,387.07,
2026-03-17,17-B,wholesale,0,0,7,329.01,
2026-03-17,17-C,wholesale,0,0,17,263.21,
2026-03-17,17-D,wholesale,1,0,12,162.57,
2026-03-18,14-A,retail,2,0,11,193.83,1.183616
2026-03-18,14-B,retail,1,0,11,205.23,1.474421
2026-03-18,14-C,retail,0,0,16,163.98,1.472582
2026-03-18,14-D,retail,0,0,8,91.08,1.324196
2026-03-18,15-A,retail,0,0,10,256.4,1.183616
2026-03-18,15-B,retail,1,0,5,271.48,1.474421
2026-03-18,15-C,retail,0,0,18,216.92,1.472582
2026-03-18,15-D,retail,0,0,21,120.48,1.324196
2026-03-18,16P-A,retail,1,0,11,422.41,1.183616
2026-03-18,16P-B,retail,0,0,19,447.27,1.474421
2026-03-18,16P-C,retail,0,0,19,357.37,1.472582
2026-03-18,16P-D,retail,0,0,6,198.48,1.324196
2026-03-18,17-A,retail,2,0,15,461.88,1.183616
2026-03-18,17-B,retail,0,0,7,489.06,1.474421
2026-03-18,17-C,retail,0,0,17,390.76,1.472582
2026-03-18,17-D,retail,0,0,11,217.03,1.324196
2026-03-18,14-A,wholesale,0,0,9,162.34,
2026-03-18,14-B,wholesale,1,0,10,137.99,
2026-03-18,14-C,wholesale,1,0,16,110.39,
2026-03-18,14-D,wholesale,3,0,8,68.18,
2026-03-18,15-A,wholesale,0,0,10,214.75,
2026-03-18,15-B,wholesale,1,0,4,182.54,
2026-03-18,15-C,wholesale,0,0,18,146.03,
2026-03-18,15-D,wholesale,3,0,21,90.2,
2026-03-18,16P-A,wholesale,0,0,10,353.8,
2026-03-18,16P-B,wholesale,0,0,19,300.73,
2026-03-18,16P-C,wholesale,1,0,19,240.58,
2026-03-18,16P-D,wholesale,3,0,6,148.59,
2026-03-18,17-A,wholesale,0,0,13,386.85,
2026-03-18,17-B,wholesale,0,0,7,328.83,
2026-03-18,17-C,wholesale,0,0,17,263.06,
2026-03-18,17-D,wholesale,0,0,11,162.48,
2026-03-19,14-A,retail,1,0,9,197.02,1.203809
2026-03-19,14-B,retail,3,0,9,179.01,1.286755
2026-03-19,14-C,retail,0,0,15,169.84,1.52605
2026-03-19,14-D,retail,0,0,15,99.41,1.44622
2026-03-19,15-A,retail,0,0,10,260.63,1.203809
2026-03-19,15-B,retail,1,0,28,236.8,1.286755
2026-03-19,15-C,retail,0,0,18,224.67,1.52605
2026-03-19,15-D,retail,0,0,18,131.51,1.44622
2026-03-19,16P-A,retail,0,0,10,429.38,1.203809
2026-03-19,16P-B,retail,1,0,19,390.12,1.286755
2026-03-19,16P-C,retail,0,0,18,370.14,1.52605
2026-03-19,16P-D,retail,0,0,13,216.65,1.44622
2026-03-19,17-A,retail,0,0,14,469.5,1.203809
2026-03-19,17-B,retail,0,0,7,426.57,1.286755
2026-03-19,17-C,retail,0,0,17,404.72,1.52605
2026-03-19,17-D,retail,0,0,11,236.9,1.44622
2026-03-19,14-A,wholesale,0,0,8,162.25,
2026-03-19,14-B,wholesale,0,0,6,137.91,
2026-03-19,14-C,wholesale,0,0,15,110.33,
2026-03-19,14-D,wholesale,2,0,15,68.15,
2026-03-19,15-A,wholesale,0,0,10,214.63,
2026-03-19,15-B,wholesale,0,0,27,182.44,
2026-03-19,15-C,wholesale,1,0,18,145.95,
2026-03-19,15-D,wholesale,1,0,18,90.14,
2026-03-19,16P-A,wholesale,1,0,10,353.6,
2026-03-19,16P-B,wholesale,1,0,18,300.56,
2026-03-19,16P-C,wholesale,1,0,18,240.45,
2026-03-19,16P-D,wholesale,0,0,13,148.51,
2026-03-19,17-A,wholesale,0,0,14,386.64,
2026-03-19,17-B,wholesale,0,0,7,328.64,
2026-03-19,17-C,wholesale,0,0,17,262.91,
2026-03-19,17-D,wholesale,1,0,11,162.39,
2026-03-20,14-A,retail,1,0,8,236.56,1.446163
2026-03-20,14-B,retail,3,0,6,203.4,1.462864
2026-03-20,14-C,retail,1,0,15,140.97,1.267364
2026-03-20,14-D,retail,0,0,13,93.54,1.361486
2026-03-20,15-A,retail,2,0,20,312.92,1.446163
2026-03-20,15-B,retail,2,0,27,269.06,1.462864
2026-03-20,15-C,retail,0,0,27,186.48,1.267364
2026-03-20,15-D,retail,0,0,17,123.73,1.361486
2026-03-20,16P-A,retail,0,0,9,515.53,1.446163
2026-03-20,16P-B,retail,1,0,17,443.27,1.462864
2026-03-20,16P-C,retail,2,0,17,307.22,1.267364
2026-03-20,16P-D,retail,0,0,13,203.85,1.361486
2026-03-20,17-A,retail,1,0,15,563.7,1.446163
2026-03-20,17-B,retail,0,0,8,484.68,1.462864
2026-03-20,17-C,retail,0,0,17,335.93,1.267364
2026-03-20,17-D,retail,0,0,10,222.89,1.361486
2026-03-20,14-A,wholesale,0,0,7,162.16,
2026-03-20,14-B,wholesale,0,0,3,137.84,
2026-03-20,14-C,wholesale,0,0,14,110.27,
2026-03-20,14-D,wholesale,0,0,13,68.11,
2026-03-20,15-A,wholesale,0,0,18,214.51,
2026-03-20,15-B,wholesale,1,0,25,182.33,
2026-03-20,15-C,wholesale,2,0,27,145.87,
2026-03-20,15-D,wholesale,1,0,17,90.09,
2026-03-20,16P-A,wholesale,0,0,9,353.4,
2026-03-20,16P-B,wholesale,0,0,16,300.39,
2026-03-20,16P-C,wholesale,0,0,15,240.31,
2026-03-20,16P-D,wholesale,3,0,13,148.43,
2026-03-20,17-A,wholesale,0,0,14,386.42,
2026-03-20,17-B,wholesale,0,0,8,328.46,
2026-03-20,17-C,wholesale,1,0,17,262.77,
2026-03-20,17-D,wholesale,2,0,10,162.3,
2026-03-21,14-A,retail,0,0,7,189.8,1.160995
2026-03-21,14-B,retail,2,0,18,212.77,1.531127
2026-03-21,14-C,retail,1,0,14,143.79,1.293418
2026-03-21,14-D,retail,0,0,13,110.69,1.612074
2026-03-21,15-A,retail,1,0,18,251.08,1.160995
2026-03-21,15-B,retail,0,0,24,281.45,1.531127
2026-03-21,15-C,retail,0,0,25,190.21,1.293418
2026-03-21,15-D,retail,0,0,16,146.42,1.612074
2026-03-21,16P-A,retail,1,0,9,413.65,1.160995
2026-03-21,16P-B,retail,1,0,16,463.69,1.531127
2026-03-21,16P-C,retail,1,0,15,313.36,1.293418
2026-03-21,16P-D,retail,0,0,10,241.23,1.612074
2026-03-21,17-A,retail,1,0,15,452.29,1.160995
2026-03-21,17-B,retail,1,0,8,507.01,1.531127
2026-03-21,17-C,retail,1,0,16,342.64,1.293418
2026-03-21,17-D,retail,0,0,8,263.77,1.612074
2026-03-21,14-A,wholesale,0,0,7,162.07,
2026-03-21,14-B,wholesale,0,0,16,137.76,
2026-03-21,14-C,wholesale,1,0,13,110.21,
2026-03-21,14-D,wholesale,0,0,13,68.07,
2026-03-21,15-A,wholesale,0,0,17,214.39,
2026-03-21,15-B,wholesale,3,0,24,182.23,
2026-03-21,15-C,wholesale,0,0,25,145.79,
2026-03-21,15-D,wholesale,2,0,16,90.04,
2026-03-21,16P-A,wholesale,0,0,8,353.21,
2026-03-21,16P-B,wholesale,0,0,15,300.22,
2026-03-21,16P-C,wholesale,0,0,14,240.18,
2026-03-21,16P-D,wholesale,5,0,10,148.35,
2026-03-21,17-A,wholesale,0,0,14,386.21,
2026-03-21,17-B,wholesale,1,0,7,328.27,
2026-03-21,17-C,wholesale,0,0,15,262.62,
2026-03-21,17-D,wholesale,0,0,8,162.21,
2026-03-22,14-A,retail,1,0,7,209.56,1.282546
2026-03-22,14-B,retail,0,0,16,214.83,1.546821
2026-03-22,14-C,retail,0,0,12,158.79,1.429138
2026-03-22,14-D,retail,0,0,13,88.13,1.284246
2026-03-22,15-A,retail,1,0,17,277.21,1.282546
2026-03-22,15-B,retail,2,0,21,284.18,1.546821
2026-03-22,15-C,retail,1,0,25,210.05,1.429138
2026-03-22,15-D,retail,1,0,14,116.58,1.284246
2026-03-22,16P-A,retail,1,0,8,456.7,1.282546
2026-03-22,16P-B,retail,1,0,15,468.18,1.546821
2026-03-22,16P-C,retail,0,0,14,346.05,1.429138
2026-03-22,16P-D,retail,0,0,5,192.07,1.284246
2026-03-22,17-A,retail,2,0,14,499.37,1.282546
2026-03-22,17-B,retail,0,0,16,511.93,1.546821
2026-03-22,17-C,retail,0,0,15,378.38,1.429138
2026-03-22,17-D,retail,0,0,8,210.01,1.284246
2026-03-22,14-A,wholesale,0,0,6,161.98,
2026-03-22,14-B,wholesale,1,0,16,137.68,
2026-03-22,14-C,wholesale,0,0,12,110.15,
2026-03-22,14-D,wholesale,1,0,13,68.03,
2026-03-22,15-A,wholesale,1,0,16,214.27,
2026-03-22,15-B,wholesale,0,0,19,182.13,
2026-03-22,15-C,wholesale,0,0,24,145.7,
2026-03-22,15-D,wholesale,0,0,13,89.99,
2026-03-22,16P-A,wholesale,0,0,7,353.01,
2026-03-22,16P-B,wholesale,0,0,14,300.06,
2026-03-22,16P-C,wholesale,2,0,14,240.05,
2026-03-22,16P-D,wholesale,0,0,5,148.26,
2026-03-22,17-A,wholesale,0,0,12,385.99,
2026-03-22,17-B,wholesale,0,0,16,328.09,
2026-03-22,17-C,wholesale,1,0,15,262.47,
2026-03-22,17-D,wholesale,1,0,8,162.12,
2026-03-23,14-A,retail,0,0,6,217.1,1.329459
2026-03-23,14-B,retail,1,0,15,166.14,1.196893
2026-03-23,14-C,retail,1,0,12,142.92,1.287048
2026-03-23,14-D,retail,0,0,12,87.31,1.272967
2026-03-23,15-A,retail,0,0,15,287.19,1.329459
2026-03-23,15-B,retail,0,0,19,219.77,1.196893
2026-03-23,15-C,retail,1,0,24,189.06,1.287048
2026-03-23,15-D,retail,0,0,13,115.49,1.272967
2026-03-23,16P-A,retail,0,0,7,473.14,1.329459
2026-03-23,16P-B,retail,1,0,34,362.07,1.196893
2026-03-23,16P-C,retail,3,0,12,311.47,1.287048
2026-03-23,16P-D,retail,0,0,5,190.27,1.272967
2026-03-23,17-A,retail,1,0,12,517.34,1.329459
2026-03-23,17-B,retail,0,0,16,395.89,1.196893
2026-03-23,17-C,retail,0,0,14,340.57,1.287048
2026-03-23,17-D,retail,0,0,7,208.05,1.272967
2026-03-23,14-A,wholesale,1,0,6,161.89,
2026-03-23,14-B,wholesale,0,0,14,137.61,
2026-03-23,14-C,wholesale,0,0,11,110.09,
2026-03-23,14-D,wholesale,3,0,12,67.99,
2026-03-23,15-A,wholesale,0,0,15,214.15,
2026-03-23,15-B,wholesale,0,0,19,182.03,
2026-03-23,15-C,wholesale,1,0,23,145.62,
2026-03-23,15-D,wholesale,0,0,13,89.94,
2026-03-23,16P-A,wholesale,0,0,7,352.81,
2026-03-23,16P-B,wholesale,1,0,33,299.89,
2026-03-23,16P-C,wholesale,0,0,9,239.91,
2026-03-23,16P-D,wholesale,0,0,5,148.18,
2026-03-23,17-A,wholesale,0,0,11,385.77,
2026-03-23,17-B,wholesale,3,0,16,327.91,
2026-03-23,17-C,wholesale,0,0,14,262.33,
2026-03-23,17-D,wholesale,0,0,7,162.03,
2026-03-24,14-A,retail,0,0,6,208.08,1.274913
2026-03-24,14-B,retail,0,0,14,173.85,1.253168
2026-03-24,14-C,retail,0,0,11,160.69,1.447888
2026-03-24,14-D,retail,0,0,9,104.95,1.531085
2026-03-24,15-A,retail,2,0,15,275.25,1.274913
2026-03-24,15-B,retail,3,0,19,229.97,1.253168
2026-03-24,15-C,retail,2,0,22,212.57,1.447888
2026-03-24,15-D,retail,0,0,13,138.83,1.531085
2026-03-24,16P-A,retail,4,0,7,453.47,1.274913
2026-03-24,16P-B,retail,1,0,32,378.88,1.253168
2026-03-24,16P-C,retail,0,0,19,350.2,1.447888
2026-03-24,16P-D,retail,0,0,5,228.73,1.531085
2026-03-24,17-A,retail,1,0,11,495.84,1.274913
2026-03-24,17-B,retail,0,0,13,414.28,1.253168
2026-03-24,17-C,retail,0,0,15,382.92,1.447888
2026-03-24,17-D,retail,0,0,7,250.1,1.531085
2026-03-24,14-A,wholesale,1,0,6,161.8,
2026-03-24,14-B,wholesale,3,0,14,137.53,
2026-03-24,14-C,wholesale,0,0,11,110.02,
2026-03-24,14-D,wholesale,0,0,9,67.96,
2026-03-24,15-A,wholesale,0,0,13,214.03,
2026-03-24,15-B,wholesale,0,0,16,181.93,
2026-03-24,15-C,wholesale,0,0,20,145.54,
2026-03-24,15-D,wholesale,0,0,13,89.89,
2026-03-24,16P-A,wholesale,0,0,3,352.61,
2026-03-24,16P-B,wholesale,2,0,31,299.72,
2026-03-24,16P-C,wholesale,2,0,19,239.78,
2026-03-24,16P-D,wholesale,0,0,5,148.1,
2026-03-24,17-A,wholesale,0,0,10,385.56,
2026-03-24,17-B,wholesale,0,0,13,327.73,
2026-03-24,17-C,wholesale,0,0,15,262.18,
2026-03-24,17-D,wholesale,0,0,7,161.93,
2026-03-25,14-A,retail,1,0,5,182.97,1.121714
2026-03-25,14-B,retail,1,0,21,170.41,1.229028
2026-03-25,14-C,retail,1,0,11,151.11,1.362359
2026-03-25,14-D,retail,1,0,9,78.87,1.151178
2026-03-25,15-A,retail,1,0,23,242.04,1.121714
2026-03-25,15-B,retail,2,0,16,225.42,1.229028
2026-03-25,15-C,retail,0,0,20,199.9,1.362359
2026-03-25,15-D,retail,0,0,13,104.33,1.151178
2026-03-25,16P-A,retail,1,0,18,398.76,1.121714
2026-03-25,16P-B,retail,0,0,29,371.37,1.229028
2026-03-25,16P-C,retail,0,0,17,329.33,1.362359
2026-03-25,16P-D,retail,1,0,16,171.88,1.151178
2026-03-25,17-A,retail,0,0,20,436.02,1.121714
2026-03-25,17-B,retail,1,0,13,406.07,1.229028
2026-03-25,17-C,retail,0,0,15,360.1,1.362359
2026-03-25,17-D,retail,0,0,17,187.94,1.151178
2026-03-25,14-A,wholesale,1,0,4,161.71,
2026-03-25,14-B,wholesale,0,0,20,137.45,
2026-03-25,14-C,wholesale,1,0,10,109.96,
2026-03-25,14-D,wholesale,0,0,8,67.92,
2026-03-25,15-A,wholesale,0,0,22,213.91,
2026-03-25,15-B,wholesale,1,0,14,181.83,
2026-03-25,15-C,wholesale,1,0,20,145.46,
2026-03-25,15-D,wholesale,2,0,13,89.84,
2026-03-25,16P-A,wholesale,0,0,17,352.42,
2026-03-25,16P-B,wholesale,3,0,29,299.55,
2026-03-25,16P-C,wholesale,0,0,17,239.64,
2026-03-25,16P-D,wholesale,0,0,15,148.02,
2026-03-25,17-A,wholesale,1,0,20,385.34,
2026-03-25,17-B,wholesale,0,0,12,327.54,
2026-03-25,17-C,wholesale,3,0,15,262.03,
2026-03-25,17-D,wholesale,0,0,17,161.84,
2026-03-26,14-A,retail,0,0,3,204.55,1.25466
2026-03-26,14-B,retail,0,0,20,181.08,1.306759
2026-03-26,14-C,retail,0,0,9,164.58,1.484596
2026-03-26,14-D,retail,0,0,8,92.76,1.354689
2026-03-26,15-A,retail,1,0,22,270.58,1.25466
2026-03-26,15-B,retail,1,0,14,239.54,1.306759
2026-03-26,15-C,retail,0,0,19,217.71,1.484596
2026-03-26,15-D,retail,0,0,11,122.7,1.354689
2026-03-26,16P-A,retail,0,0,17,445.77,1.25466
2026-03-26,16P-B,retail,0,0,26,394.64,1.306759
2026-03-26,16P-C,retail,0,0,17,358.68,1.484596
2026-03-26,16P-D,retail,0,0,16,202.15,1.354689
2026-03-26,17-A,retail,1,0,19,487.42,1.25466
2026-03-26,17-B,retail,1,0,12,431.51,1.306759
2026-03-26,17-C,retail,0,0,12,392.19,1.484596
2026-03-26,17-D,retail,0,0,17,221.04,1.354689
2026-03-26,14-A,wholesale,0,0,3,161.62,
2026-03-26,14-B,wholesale,0,0,20,137.38,
2026-03-26,14-C,wholesale,0,0,9,109.9,
2026-03-26,14-D,wholesale,1,0,8,67.88,
2026-03-26,15-A,wholesale,0,0,21,213.79,
2026-03-26,15-B,wholesale,1,0,13,181.72,
2026-03-26,15-C,wholesale,0,0,19,145.38,
2026-03-26,15-D,wholesale,0,0,11,89.79,
2026-03-26,16P-A,wholesale,0,0,17,352.22,
2026-03-26,16P-B,wholesale,1,0,26,299.39,
2026-03-26,16P-C,wholesale,0,0,17,239.51,
2026-03-26,16P-D,wholesale,0,0,16,147.93,
2026-03-26,17-A,wholesale,0,0,18,385.13,
2026-03-26,17-B,wholesale,1,0,11,327.36,
2026-03-26,17-C,wholesale,0,0,12,261.89,
2026-03-26,17-D,wholesale,0,0,17,161.75,
2026-03-27,14-A,retail,1,0,14,201.49,1.236623
2026-03-27,14-B,retail,4,0,20,175.71,1.268712
2026-03-27,14-C,retail,0,0,9,152.27,1.374266
2026-03-27,14-D,retail,1,0,7,86.84,1.268949
2026-03-27,15-A,retail,1,0,21,266.54,1.236623
2026-03-27,15-B,retail,0,0,12,232.44,1.268712
2026-03-27,15-C,retail,1,0,19,201.42,1.374266
2026-03-27,15-D,retail,0,0,11,114.87,1.268949
2026-03-27,16P-A,retail,5,0,17,439.12,1.236623
2026-03-27,16P-B,retail,1,0,25,382.93,1.268712
2026-03-27,16P-C,retail,0,0,17,331.84,1.374266
2026-03-27,16P-D,retail,1,0,16,189.25,1.268949
2026-03-27,17-A,retail,3,0,18,480.14,1.236623
2026-03-27,17-B,retail,0,0,10,418.71,1.268712
2026-03-27,17-C,retail,0,0,12,362.84,1.374266
2026-03-27,17-D,retail,0,0,17,206.93,1.268949
2026-03-27,14-A,wholesale,0,0,13,161.53,
2026-03-27,14-B,wholesale,0,0,16,137.3,
2026-03-27,14-C,wholesale,1,0,9,109.84,
2026-03-27,14-D,wholesale,0,0,6,67.84,
2026-03-27,15-A,wholesale,2,0,20,213.67,
2026-03-27,15-B,wholesale,2,0,12,181.62,
2026-03-27,15-C,wholesale,1,0,18,145.3,
2026-03-27,15-D,wholesale,0,0,11,89.74,
2026-03-27,16P-A,wholesale,0,0,12,352.02,
2026-03-27,16P-B,wholesale,1,0,24,299.22,
2026-03-27,16P-C,wholesale,0,0,17,239.38,
2026-03-27,16P-D,wholesale,0,0,15,147.85,
2026-03-27,17-A,wholesale,0,0,15,384.91,
2026-03-27,17-B,wholesale,0,0,10,327.18,
2026-03-27,17-C,wholesale,0,0,12,261.74,
2026-03-27,17-D,wholesale,0,0,17,161.66,
2026-03-28,14-A,retail,0,0,13,196.0,1.203563
2026-03-28,14-B,retail,1,0,16,180.73,1.305673
2026-03-28,14-C,retail,0,0,8,132.02,1.192176
2026-03-28,14-D,retail,0,0,6,88.37,1.292026
2026-03-28,15-A,retail,1,0,18,259.27,1.203563
2026-03-28,15-B,retail,0,0,10,239.07,1.305673
2026-03-28,15-C,retail,1,0,17,174.63,1.192176
2026-03-28,15-D,retail,0,0,11,116.9,1.292026
2026-03-28,16P-A,retail,1,0,12,427.14,1.203563
2026-03-28,16P-B,retail,0,0,23,393.87,1.305673
2026-03-28,16P-C,retail,0,0,17,287.71,1.192176
2026-03-28,16P-D,retail,0,0,15,192.58,1.292026
2026-03-28,17-A,retail,2,0,15,467.05,1.203563
2026-03-28,17-B,retail,0,0,10,430.67,1.305673
2026-03-28,17-C,retail,1,0,12,314.59,1.192176
2026-03-28,17-D,retail,0,0,17,210.58,1.292026
2026-03-28,14-A,wholesale,1,0,13,161.44,
2026-03-28,14-B,wholesale,1,0,15,137.22,
2026-03-28,14-C,wholesale,0,0,8,109.78,
2026-03-28,14-D,wholesale,0,0,6,67.8,
2026-03-28,15-A,wholesale,0,0,17,213.55,
2026-03-28,15-B,wholesale,1,0,10,181.52,
2026-03-28,15-C,wholesale,3,0,16,145.22,
2026-03-28,15-D,wholesale,1,0,11,89.69,
2026-03-28,16P-A,wholesale,1,0,11,351.83,
2026-03-28,16P-B,wholesale,0,0,23,299.05,
2026-03-28,16P-C,wholesale,0,0,17,239.24,
2026-03-28,16P-D,wholesale,1,0,15,147.77,
2026-03-28,17-A,wholesale,0,0,13,384.7,
2026-03-28,17-B,wholesale,1,0,10,326.99,
2026-03-28,17-C,wholesale,1,0,11,261.6,
2026-03-28,17-D,wholesale,0,0,17,161.57,
2026-03-29,14-A,retail,5,0,12,196.67,1.208375
2026-03-29,14-B,retail,1,0,14,197.13,1.424918
2026-03-29,14-C,retail,1,0,8,133.0,1.201759
2026-03-29,14-D,retail,1,0,16,96.07,1.405343
2026-03-29,15-A,retail,0,0,17,260.16,1.208375
2026-03-29,15-B,retail,2,0,19,260.76,1.424918
2026-03-29,15-C,retail,0,0,13,175.94,1.201759
2026-03-29,15-D,retail,0,0,10,127.08,1.405343
2026-03-29,16P-A,retail,0,0,10,428.61,1.208375
2026-03-29,16P-B,retail,1,0,23,429.6,1.424918
2026-03-29,16P-C,retail,2,0,17,289.86,1.201759
2026-03-29,16P-D,retail,1,0,14,209.36,1.405343
2026-03-29,17-A,retail,2,0,13,468.65,1.208375
2026-03-29,17-B,retail,1,0,9,469.74,1.424918
2026-03-29,17-C,retail,0,0,10,316.94,1.201759
2026-03-29,17-D,retail,0,0,17,228.92,1.405343
2026-03-29,14-A,wholesale,0,0,7,161.35,
2026-03-29,14-B,wholesale,0,0,13,137.15,
2026-03-29,14-C,wholesale,0,0,7,109.72,
2026-03-29,14-D,wholesale,0,0,15,67.77,
2026-03-29,15-A,wholesale,0,0,17,213.43,
2026-03-29,15-B,wholesale,0,0,17,181.42,
2026-03-29,15-C,wholesale,1,0,13,145.14,
2026-03-29,15-D,wholesale,1,0,10,89.64,
2026-03-29,16P-A,wholesale,0,0,10,351.63,
2026-03-29,16P-B,wholesale,0,0,22,298.89,
2026-03-29,16P-C,wholesale,0,0,15,239.11,
2026-03-29,16P-D,wholesale,2,0,13,147.68,
2026-03-29,17-A,wholesale,0,0,11,384.48,
2026-03-29,17-B,wholesale,3,0,8,326.81,
2026-03-29,17-C,wholesale,1,0,10,261.45,
2026-03-29,17-D,wholesale,1,0,17,161.48,
2026-03-30,14-A,retail,2,0,7,275.69,1.694832
2026-03-30,14-B,retail,0,0,23,174.26,1.260319
2026-03-30,14-C,retail,0,0,27,153.79,1.390332
2026-03-30,14-D,retail,0,0,25,102.24,1.496522
2026-03-30,15-A,retail,0,0,17,364.69,1.694832
2026-03-30,15-B,retail,1,0,17,230.51,1.260319
2026-03-30,15-C,retail,0,0,22,203.43,1.390332
2026-03-30,15-D,retail,0,0,9,135.25,1.496522
2026-03-30,16P-A,retail,0,0,10,600.82,1.694832
2026-03-30,16P-B,retail,2,0,22,379.76,1.260319
2026-03-30,16P-C,retail,0,0,15,335.15,1.390332
2026-03-30,16P-D,retail,0,0,11,222.82,1.496522
2026-03-30,17-A,retail,0,0,12,656.95,1.694832
2026-03-30,17-B,retail,0,0,5,415.25,1.260319
2026-03-30,17-C,retail,0,0,9,366.47,1.390332
2026-03-30,17-D,retail,0,0,16,243.63,1.496522
2026-03-30,14-A,wholesale,1,0,5,161.26,
2026-03-30,14-B,wholesale,1,0,23,137.07,
2026-03-30,14-C,wholesale,0,0,27,109.66,
2026-03-30,14-D,wholesale,2,0,25,67.73,
2026-03-30,15-A,wholesale,0,0,17,213.32,
2026-03-30,15-B,wholesale,0,0,16,181.32,
2026-03-30,15-C,wholesale,1,0,22,145.05,
2026-03-30,15-D,wholesale,0,0,9,89.59,
2026-03-30,16P-A,wholesale,0,0,10,351.43,
2026-03-30,16P-B,wholesale,0,0,20,298.72,
2026-03-30,16P-C,wholesale,1,0,15,238.98,
2026-03-30,16P-D,wholesale,3,0,11,147.6,
2026-03-30,17-A,wholesale,0,0,12,384.27,
2026-03-30,17-B,wholesale,0,0,5,326.63,
2026-03-30,17-C,wholesale,0,0,9,261.3,
2026-03-30,17-D,wholesale,1,0,16,161.39,
2026-03-31,14-A,retail,0,0,4,222.5,1.368578
2026-03-31,14-B,retail,0,0,22,159.8,1.156382
2026-03-31,14-C,retail,0,0,27,153.29,1.386597
2026-03-31,14-D,retail,0,0,23,95.43,1.397625
2026-03-31,15-A,retail,0,0,17,294.32,1.368578
2026-03-31,15-B,retail,1,0,16,211.38,1.156382
2026-03-31,15-C,retail,0,0,21,202.77,1.386597
2026-03-31,15-D,retail,0,0,9,126.24,1.397625
2026-03-31,16P-A,retail,1,0,10,484.89,1.368578
2026-03-31,16P-B,retail,1,0,20,348.25,1.156382
2026-03-31,16P-C,retail,0,0,14,334.07,1.386597
2026-03-31,16P-D,retail,0,0,8,207.98,1.397625
2026-03-31,17-A,retail,1,0,12,530.19,1.368578
2026-03-31,17-B,retail,0,0,5,380.79,1.156382
2026-03-31,17-C,retail,0,0,19,365.28,1.386597
2026-03-31,17-D,retail,0,0,15,227.41,1.397625
2026-03-31,14-A,wholesale,0,0,4,161.17,
2026-03-31,14-B,wholesale,0,0,22,136.99,
2026-03-31,14-C,wholesale,0,0,27,109.59,
2026-03-31,14-D,wholesale,0,0,23,67.69,
2026-03-31,15-A,wholesale,0,0,17,213.2,
2026-03-31,15-B,wholesale,1,0,15,181.22,
2026-03-31,15-C,wholesale,1,0,21,144.97,
2026-03-31,15-D,wholesale,1,0,9,89.54,
2026-03-31,16P-A,wholesale,3,0,9,351.24,
2026-03-31,16P-B,wholesale,1,0,19,298.55,
2026-03-31,16P-C,wholesale,1,0,14,238.84,
2026-03-31,16P-D,wholesale,2,0,8,147.52,
2026-03-31,17-A,wholesale,1,0,11,384.06,
2026-03-31,17-B,wholesale,0,0,5,326.45,
2026-03-31,17-C,wholesale,0,0,19,261.16,
2026-03-31,17-D,wholesale,0,0,15,161.3,
2026-04-01,14-A,retail,2,0,4,239.13,1.471749
2026-04-01,14-B,retail,0,0,22,159.83,1.157296
2026-04-01,14-C,retail,0,0,27,145.89,1.32045
2026-04-01,14-D,retail,0,0,23,94.25,1.381044
2026-04-01,15-A,retail,0,0,17,316.33,1.471749
2026-04-01,15-B,retail,2,0,14,211.43,1.157296
2026-04-01,15-C,retail,0,0,20,192.99,1.32045
2026-04-01,15-D,retail,0,0,8,124.67,1.381044
2026-04-01,16P-A,retail,0,0,6,521.15,1.471749
2026-04-01,16P-B,retail,0,0,18,348.33,1.157296
2026-04-01,16P-C,retail,2,0,13,317.95,1.32045
2026-04-01,16P-D,retail,0,0,6,205.39,1.381044
2026-04-01,17-A,retail,0,0,10,569.84,1.471749
2026-04-01,17-B,retail,0,0,5,380.88,1.157296
2026-04-01,17-C,retail,0,0,19,347.66,1.32045
2026-04-01,17-D,retail,1,0,15,224.58,1.381044
2026-04-01,14-A,wholesale,0,0,2,161.08,
2026-04-01,14-B,wholesale,0,0,22,136.92,
2026-04-01,14-C,wholesale,0,0,27,109.53,
2026-04-01,14-D,wholesale,0,0,23,67.65,
2026-04-01,15-A,wholesale,0,0,17,213.08,
2026-04-01,15-B,wholesale,0,0,12,181.12,
2026-04-01,15-C,wholesale,0,0,20,144.89,
2026-04-01,15-D,wholesale,0,0,8,89.49,
2026-04-01,16P-A,wholesale,1,0,6,351.04,
2026-04-01,16P-B,wholesale,0,0,18,298.39,
2026-04-01,16P-C,wholesale,1,0,11,238.71,
2026-04-01,16P-D,wholesale,0,0,6,147.44,
2026-04-01,17-A,wholesale,1,0,10,383.84,
2026-04-01,17-B,wholesale,0,0,5,326.26,
2026-04-01,17-C,wholesale,0,0,19,261.01,
2026-04-01,17-D,wholesale,0,0,14,161.21,
2026-04-02,14-A,retail,1,0,2,187.18,1.152628
2026-04-02,14-B,retail,0,0,23,215.71,1.562711
2026-04-02,14-C,retail,0,0,27,126.4,1.144689
2026-04-02,14-D,retail,0,0,23,91.81,1.346096
2026-04-02,15-A,retail,1,0,17,247.6,1.152628
2026-04-02,15-B,retail,1,0,12,285.34,1.562711
2026-04-02,15-C,retail,0,0,20,167.21,1.144689
2026-04-02,15-D,retail,0,0,8,121.45,1.346096
2026-04-02,16P-A,retail,0,0,5,407.92,1.152628
2026-04-02,16P-B,retail,1,0,18,470.09,1.562711
2026-04-02,16P-C,retail,1,0,11,275.48,1.144689
2026-04-02,16P-D,retail,0,0,6,200.08,1.346096
2026-04-02,17-A,retail,0,0,9,446.03,1.152628
2026-04-02,17-B,retail,0,0,5,514.02,1.562711
2026-04-02,17-C,retail,1,0,19,301.21,1.144689
2026-04-02,17-D,retail,0,0,14,218.78,1.346096
2026-04-02,14-A,wholesale,0,0,1,160.99,
2026-04-02,14-B,wholesale,0,0,23,136.84,
2026-04-02,14-C,wholesale,0,0,27,109.47,
2026-04-02,14-D,wholesale,1,0,23,67.62,
2026-04-02,15-A,wholesale,0,0,16,212.96,
2026-04-02,15-B,wholesale,2,0,11,181.01,
2026-04-02,15-C,wholesale,0,0,20,144.81,
2026-04-02,15-D,wholesale,1,0,8,89.44,
2026-04-02,16P-A,wholesale,0,0,5,350.85,
2026-04-02,16P-B,wholesale,2,0,17,298.22,
2026-04-02,16P-C,wholesale,0,0,10,238.58,
2026-04-02,16P-D,wholesale,0,0,6,147.36,
2026-04-02,17-A,wholesale,0,0,9,383.63,
2026-04-02,17-B,wholesale,0,0,5,326.08,
2026-04-02,17-C,wholesale,0,0,18,260.87,
2026-04-02,17-D,wholesale,1,0,14,161.12,
2026-04-03,14-A,retail,1,0,1,205.46,1.265906
2026-04-03,14-B,retail,0,0,23,212.23,1.538363
2026-04-03,14-C,retail,0,0,27,150.26,1.361462
2026-04-03,14-D,retail,0,0,22,82.34,1.207858
2026-04-03,15-A,retail,0,0,16,271.78,1.265906
2026-04-03,15-B,retail,0,0,9,280.74,1.538363
2026-04-03,15-C,retail,1,0,20,198.76,1.361462
2026-04-03,15-D,retail,0,0,7,108.92,1.207858
2026-04-03,16P-A,retail,0,0,5,447.76,1.265906
2026-04-03,16P-B,retail,2,0,15,462.51,1.538363
2026-04-03,16P-C,retail,0,0,10,327.46,1.361462
2026-04-03,16P-D,retail,0,0,16,179.44,1.207858
2026-04-03,17-A,retail,2,0,9,489.6,1.265906
2026-04-03,17-B,retail,0,0,5,505.73,1.538363
2026-04-03,17-C,retail,1,0,18,358.06,1.361462
2026-04-03,17-D,retail,0,0,13,196.2,1.207858
2026-04-03,14-A,wholesale,0,0,0,160.9,
2026-04-03,14-B,wholesale,0,0,23,136.76,
2026-04-03,14-C,wholesale,1,0,27,109.41,
2026-04-03,14-D,wholesale,1,0,22,67.58,
2026-04-03,15-A,wholesale,0,0,16,212.84,
2026-04-03,15-B,wholesale,0,0,9,180.91,
2026-04-03,15-C,wholesale,0,0,19,144.73,
2026-04-03,15-D,wholesale,0,0,7,89.39,
2026-04-03,16P-A,wholesale,1,0,5,350.65,
2026-04-03,16P-B,wholesale,0,0,13,298.05,
2026-04-03,16P-C,wholesale,0,0,10,238.44,
2026-04-03,16P-D,wholesale,1,0,16,147.27,
2026-04-03,17-A,wholesale,1,0,7,383.41,
2026-04-03,17-B,wholesale,0,0,5,325.9,
2026-04-03,17-C,wholesale,0,0,17,260.72,
2026-04-03,17-D,wholesale,0,0,13,161.03,
2026-04-04,14-A,retail,0,0,11,196.49,1.211297
2026-04-04,14-B,retail,0,0,23,150.28,1.089955
2026-04-04,14-C,retail,1,0,26,144.96,1.314174
2026-04-04,14-D,retail,0,0,21,93.42,1.371224
2026-04-04,15-A,retail,1,0,16,259.92,1.211297
2026-04-04,15-B,retail,2,0,19,198.8,1.089955
2026-04-04,15-C,retail,1,0,19,191.75,1.314174
2026-04-04,15-D,retail,1,0,7,123.58,1.371224
2026-04-04,16P-A,retail,0,0,4,428.21,1.211297
2026-04-04,16P-B,retail,2,0,13,327.51,1.089955
2026-04-04,16P-C,retail,0,0,10,315.91,1.314174
2026-04-04,16P-D,retail,0,0,15,203.59,1.371224
2026-04-04,17-A,retail,2,0,6,468.21,1.211297
2026-04-04,17-B,retail,1,0,26,358.11,1.089955
2026-04-04,17-C,retail,1,0,17,345.43,1.314174
2026-04-04,17-D,retail,0,0,13,222.61,1.371224
2026-04-04,14-A,wholesale,0,0,11,160.81,
2026-04-04,14-B,wholesale,1,0,23,136.69,
2026-04-04,14-C,wholesale,0,0,25,109.35,
2026-04-04,14-D,wholesale,1,0,21,67.54,
2026-04-04,15-A,wholesale,0,0,15,212.72,
2026-04-04,15-B,wholesale,0,0,17,180.81,
2026-04-04,15-C,wholesale,1,0,18,144.65,
2026-04-04,15-D,wholesale,0,0,6,89.34,
2026-04-04,16P-A,wholesale,0,0,4,350.45,
2026-04-04,16P-B,wholesale,0,0,11,297.89,
2026-04-04,16P-C,wholesale,0,0,10,238.31,
2026-04-04,16P-D,wholesale,1,0,15,147.19,
2026-04-04,17-A,wholesale,0,0,4,383.2,
2026-04-04,17-B,wholesale,1,0,25,325.72,
2026-04-04,17-C,wholesale,0,0,16,260.57,
2026-04-04,17-D,wholesale,1,0,13,160.94,
2026-04-05,14-A,retail,0,0,11,231.71,1.429269
2026-04-05,14-B,retail,0,0,22,171.09,1.241531
2026-04-05,14-C,retail,0,0,25,145.52,1.319995
2026-04-05,14-D,retail,0,0,20,86.4,1.268861
2026-04-05,15-A,retail,1,0,25,306.52,1.429269
2026-04-05,15-B,retail,1,0,17,226.32,1.241531
2026-04-05,15-C,retail,0,0,17,192.5,1.319995
2026-04-05,15-D,retail,1,0,6,114.29,1.268861
2026-04-05,16P-A,retail,0,0,4,504.98,1.429269
2026-04-05,16P-B,retail,4,0,11,372.85,1.241531
2026-04-05,16P-C,retail,2,0,10,317.13,1.319995
2026-04-05,16P-D,retail,1,0,14,188.29,1.268861
2026-04-05,17-A,retail,1,0,4,552.16,1.429269
2026-04-05,17-B,retail,1,0,24,407.69,1.241531
2026-04-05,17-C,retail,0,0,16,346.76,1.319995
2026-04-05,17-D,retail,0,0,12,205.88,1.268861
2026-04-05,14-A,wholesale,0,0,11,160.72,
2026-04-05,14-B,wholesale,0,0,22,136.61,
2026-04-05,14-C,wholesale,0,0,25,109.29,
2026-04-05,14-D,wholesale,2,0,20,67.5,
2026-04-05,15-A,wholesale,1,0,24,212.6,
2026-04-05,15-B,wholesale,0,0,16,180.71,
2026-04-05,15-C,wholesale,1,0,17,144.57,
2026-04-05,15-D,wholesale,1,0,5,89.29,
2026-04-05,16P-A,wholesale,0,0,4,350.26,
2026-04-05,16P-B,wholesale,5,0,7,297.72,
2026-04-05,16P-C,wholesale,0,0,8,238.18,
2026-04-05,16P-D,wholesale,1,0,13,147.11,
2026-04-05,17-A,wholesale,0,0,3,382.98,
2026-04-05,17-B,wholesale,1,0,23,325.54,
2026-04-05,17-C,wholesale,1,0,16,260.43,
2026-04-05,17-D,wholesale,0,0,12,160.85,
2026-04-06,14-A,retail,1,0,11,168.1,1.037466
2026-04-06,14-B,retail,1,0,23,188.83,1.371025
2026-04-06,14-C,retail,1,0,25,152.62,1.385189
2026-04-06,14-D,retail,0,0,19,93.81,1.378476
2026-04-06,15-A,retail,1,0,23,222.37,1.037466
2026-04-06,15-B,retail,2,0,16,249.78,1.371025
2026-04-06,15-C,retail,0,0,16,201.89,1.385189
2026-04-06,15-D,retail,0,0,4,124.09,1.378476
2026-04-06,16P-A,retail,3,0,14,366.35,1.037466
2026-04-06,16P-B,retail,0,0,17,411.51,1.371025
2026-04-06,16P-C,retail,1,0,8,332.61,1.385189
2026-04-06,16P-D,retail,0,0,12,204.44,1.378476
2026-04-06,17-A,retail,1,0,3,400.57,1.037466
2026-04-06,17-B,retail,0,0,22,449.96,1.371025
2026-04-06,17-C,retail,0,0,15,363.69,1.385189
2026-04-06,17-D,retail,0,0,12,223.54,1.378476
2026-04-06,14-A,wholesale,0,0,10,160.63,
2026-04-06,14-B,wholesale,0,0,22,136.53,
2026-04-06,14-C,wholesale,0,0,24,109.23,
2026-04-06,14-D,wholesale,0,0,19,67.46,
2026-04-06,15-A,wholesale,0,0,22,212.48,
2026-04-06,15-B,wholesale,0,0,14,180.61,
2026-04-06,15-C,wholesale,3,0,16,144.49,
2026-04-06,15-D,wholesale,0,0,4,89.24,
2026-04-06,16P-A,wholesale,0,0,11,350.06,
2026-04-06,16P-B,wholesale,0,0,17,297.55,
2026-04-06,16P-C,wholesale,0,0,7,238.04,
2026-04-06,16P-D,wholesale,1,0,12,147.03,
2026-04-06,17-A,wholesale,0,0,2,382.77,
2026-04-06,17-B,wholesale,0,0,22,325.35,
2026-04-06,17-C,wholesale,0,0,15,260.28,
2026-04-06,17-D,wholesale,0,0,12,160.76,
2026-04-07,14-A,retail,0,0,10,264.32,1.632188
2026-04-07,14-B,retail,1,0,22,170.75,1.24048
2026-04-07,14-C,retail,0,0,24,165.53,1.503187
2026-04-07,14-D,retail,0,0,19,90.9,1.33645
2026-04-07,15-A,retail,1,0,22,349.64,1.632188
2026-04-07,15-B,retail,8,0,14,225.87,1.24048
2026-04-07,15-C,retail,0,0,13,218.97,1.503187
2026-04-07,15-D,retail,0,0,29,120.24,1.33645
2026-04-07,16P-A,retail,1,0,11,576.03,1.632188
2026-04-07,16P-B,retail,2,0,17,372.12,1.24048
2026-04-07,16P-C,retail,1,0,17,360.74,1.503187
2026-04-07,16P-D,retail,1,0,11,198.1,1.33645
2026-04-07,17-A,retail,0,0,2,629.85,1.632188
2026-04-07,17-B,retail,2,0,22,406.89,1.24048
2026-04-07,17-C,retail,0,0,15,394.45,1.503187
2026-04-07,17-D,retail,0,0,12,216.61,1.33645
2026-04-07,14-A,wholesale,0,0,10,160.54,
2026-04-07,14-B,wholesale,1,0,21,136.46,
2026-04-07,14-C,wholesale,1,0,24,109.17,
2026-04-07,14-D,wholesale,4,0,19,67.43,
2026-04-07,15-A,wholesale,1,0,21,212.36,
2026-04-07,15-B,wholesale,0,0,6,180.51,
2026-04-07,15-C,wholesale,0,0,13,144.41,
2026-04-07,15-D,wholesale,0,0,29,89.19,
2026-04-07,16P-A,wholesale,0,0,10,349.87,
2026-04-07,16P-B,wholesale,1,0,15,297.39,
2026-04-07,16P-C,wholesale,1,0,16,237.91,
2026-04-07,16P-D,wholesale,0,0,10,146.94,
2026-04-07,17-A,wholesale,0,0,2,382.56,
2026-04-07,17-B,wholesale,0,0,20,325.17,
2026-04-07,17-C,wholesale,1,0,15,260.14,
2026-04-07,17-D,wholesale,0,0,12,160.67,
2026-04-08,14-A,retail,1,0,10,200.81,1.240742
2026-04-08,14-B,retail,0,0,20,211.7,1.538802
2026-04-08,14-C,retail,2,0,23,139.9,1.271129
2026-04-08,14-D,retail,1,0,15,76.38,1.123665
2026-04-08,15-A,retail,0,0,20,265.64,1.240742
2026-04-08,15-B,retail,2,0,6,280.04,1.538802
2026-04-08,15-C,retail,1,0,13,185.06,1.271129
2026-04-08,15-D,retail,0,0,29,101.04,1.123665
2026-04-08,16P-A,retail,0,0,20,437.64,1.240742
2026-04-08,16P-B,retail,2,0,14,461.35,1.538802
2026-04-08,16P-C,retail,1,0,15,304.88,1.271129
2026-04-08,16P-D,retail,0,0,10,166.46,1.123665
2026-04-08,17-A,retail,0,0,2,478.53,1.240742
2026-04-08,17-B,retail,1,0,20,504.46,1.538802
2026-04-08,17-C,retail,0,0,14,333.37,1.271129
2026-04-08,17-D,retail,0,0,12,182.02,1.123665
2026-04-08,14-A,wholesale,0,0,9,160.45,
2026-04-08,14-B,wholesale,0,0,20,136.38,
2026-04-08,14-C,wholesale,0,0,21,109.11,
2026-04-08,14-D,wholesale,0,0,14,67.39,
2026-04-08,15-A,wholesale,0,0,20,212.25,
2026-04-08,15-B,wholesale,0,0,4,180.41,
2026-04-08,15-C,wholesale,1,0,12,144.33,
2026-04-08,15-D,wholesale,2,0,29,89.14,
2026-04-08,16P-A,wholesale,0,0,20,349.67,
2026-04-08,16P-B,wholesale,0,0,12,297.22,
2026-04-08,16P-C,wholesale,0,0,14,237.78,
2026-04-08,16P-D,wholesale,1,0,10,146.86,
2026-04-08,17-A,wholesale,0,0,2,382.34,
2026-04-08,17-B,wholesale,1,0,19,324.99,
2026-04-08,17-C,wholesale,4,0,14,259.99,
2026-04-08,17-D,wholesale,1,0,12,160.58,
2026-04-09,14-A,retail,0,0,9,210.13,1.299022
2026-04-09,14-B,retail,1,0,30,197.93,1.439513
2026-04-09,14-C,retail,0,0,21,140.15,1.274119
2026-04-09,14-D,retail,0,0,14,103.51,1.523604
2026-04-09,15-A,retail,2,0,20,277.96,1.299022
2026-04-09,15-B,retail,2,0,4,261.82,1.439513
2026-04-09,15-C,retail,0,0,11,185.39,1.274119
2026-04-09,15-D,retail,0,0,27,136.93,1.523604
2026-04-09,16P-A,retail,0,0,20,457.94,1.299022
2026-04-09,16P-B,retail,0,0,12,431.34,1.439513
2026-04-09,16P-C,retail,0,0,14,305.43,1.274119
2026-04-09,16P-D,retail,0,0,9,225.59,1.523604
2026-04-09,17-A,retail,1,0,2,500.72,1.299022
2026-04-09,17-B,retail,2,0,18,471.65,1.439513
2026-04-09,17-C,retail,0,0,10,333.96,1.274119
2026-04-09,17-D,retail,0,0,11,246.66,1.523604
2026-04-09,14-A,wholesale,1,0,9,160.36,
2026-04-09,14-B,wholesale,0,0,29,136.31,
2026-04-09,14-C,wholesale,0,0,21,109.05,
2026-04-09,14-D,wholesale,0,0,14,67.35,
2026-04-09,15-A,wholesale,0,0,18,212.13,
2026-04-09,15-B,wholesale,0,0,2,180.31,
2026-04-09,15-C,wholesale,2,0,11,144.25,
2026-04-09,15-D,wholesale,0,0,27,89.09,
2026-04-09,16P-A,wholesale,0,0,20,349.48,
2026-04-09,16P-B,wholesale,1,0,12,297.06,
2026-04-09,16P-C,wholesale,0,0,14,237.64,
2026-04-09,16P-D,wholesale,3,0,9,146.78,
2026-04-09,17-A,wholesale,0,0,1,382.13,
2026-04-09,17-B,wholesale,0,0,16,324.81,
2026-04-09,17-C,wholesale,0,0,10,259.85,
2026-04-09,17-D,wholesale,0,0,11,160.49,
2026-04-10,14-A,retail,0,0,8,239.91,1.483935
2026-04-10,14-B,retail,1,0,29,161.64,1.176241
2026-04-10,14-C,retail,0,0,21,154.45,1.404892
2026-04-10,14-D,retail,0,0,14,88.61,1.305057
2026-04-10,15-A,retail,1,0,18,317.35,1.483935
2026-04-10,15-B,retail,1,0,2,213.82,1.176241
2026-04-10,15-C,retail,1,0,19,204.3,1.404892
2026-04-10,15-D,retail,0,0,27,117.22,1.305057
2026-04-10,16P-A,retail,0,0,20,522.83,1.483935
2026-04-10,16P-B,retail,1,0,12,352.26,1.176241
2026-04-10,16P-C,retail,0,0,14,336.59,1.404892
2026-04-10,16P-D,retail,0,0,6,193.12,1.305057
2026-04-10,17-A,retail,0,0,1,571.68,1.483935
2026-04-10,17-B,retail,1,0,16,385.17,1.176241
2026-04-10,17-C,retail,0,0,10,368.04,1.404892
2026-04-10,17-D,retail,1,0,11,211.16,1.305057
2026-04-10,14-A,wholesale,0,0,8,160.27,
2026-04-10,14-B,wholesale,0,0,28,136.23,
2026-04-10,14-C,wholesale,1,0,21,108.98,
2026-04-10,14-D,wholesale,0,0,14,67.31,
2026-04-10,15-A,wholesale,0,0,17,212.01,
2026-04-10,15-B,wholesale,1,0,1,180.21,
2026-04-10,15-C,wholesale,0,0,18,144.17,
2026-04-10,15-D,wholesale,0,0,27,89.04,
2026-04-10,16P-A,wholesale,0,0,20,349.28,
2026-04-10,16P-B,wholesale,0,0,11,296.89,
2026-04-10,16P-C,wholesale,0,0,14,237.51,
2026-04-10,16P-D,wholesale,2,0,6,146.7,
2026-04-10,17-A,wholesale,0,0,1,381.92,
2026-04-10,17-B,wholesale,0,0,15,324.63,
2026-04-10,17-C,wholesale,1,0,10,259.7,
2026-04-10,17-D,wholesale,2,0,10,160.4,
2026-04-11,14-A,retail,3,0,8,197.51,1.222352
2026-04-11,14-B,retail,0,0,28,195.17,1.421057
2026-04-11,14-C,retail,1,0,20,161.6,1.470781
2026-04-11,14-D,retail,1,0,14,92.19,1.358439
2026-04-11,15-A,retail,1,0,17,261.26,1.222352
2026-04-11,15-B,retail,0,0,0,258.17,1.421057
2026-04-11,15-C,retail,2,0,18,213.77,1.470781
2026-04-11,15-D,retail,0,0,27,121.95,1.358439
2026-04-11,16P-A,retail,2,0,20,430.43,1.222352
2026-04-11,16P-B,retail,3,0,11,425.34,1.421057
2026-04-11,16P-C,retail,0,0,14,352.18,1.470781
2026-04-11,16P-D,retail,0,0,14,200.91,1.358439
2026-04-11,17-A,retail,0,0,1,470.64,1.222352
2026-04-11,17-B,retail,0,0,15,465.08,1.421057
2026-04-11,17-C,retail,0,0,9,385.08,1.470781
2026-04-11,17-D,retail,0,0,8,219.68,1.358439
2026-04-11,14-A,wholesale,0,0,5,160.18,
2026-04-11,14-B,wholesale,0,0,28,136.15,
2026-04-11,14-C,wholesale,1,0,19,108.92,
2026-04-11,14-D,wholesale,0,0,13,67.28,
2026-04-11,15-A,wholesale,0,0,16,211.89,
2026-04-11,15-B,wholesale,0,0,0,180.11,
2026-04-11,15-C,wholesale,0,0,16,144.09,
2026-04-11,15-D,wholesale,2,0,27,88.99,
2026-04-11,16P-A,wholesale,0,0,18,349.09,
2026-04-11,16P-B,wholesale,0,0,8,296.72,
2026-04-11,16P-C,wholesale,1,0,14,237.38,
2026-04-11,16P-D,wholesale,2,0,14,146.62,
2026-04-11,17-A,wholesale,0,0,1,381.7,
2026-04-11,17-B,wholesale,1,0,15,324.45,
2026-04-11,17-C,wholesale,0,0,9,259.56,
2026-04-11,17-D,wholesale,1,0,8,160.32,
2026-04-12,14-A,retail,0,0,5,196.68,1.217942
2026-04-12,14-B,retail,3,0,28,180.0,1.31133
2026-04-12,14-C,retail,0,0,18,149.06,1.35743
2026-04-12,14-D,retail,0,0,13,98.94,1.45874
2026-04-12,15-A,retail,1,0,16,260.18,1.217942
2026-04-12,15-B,retail,0,0,15,238.11,1.31133
2026-04-12,15-C,retail,0,0,16,197.18,1.35743
2026-04-12,15-D,retail,1,0,25,130.88,1.45874
2026-04-12,16P-A,retail,0,0,28,428.64,1.217942
2026-04-12,16P-B,retail,1,0,8,392.28,1.31133
2026-04-12,16P-C,retail,0,0,13,324.85,1.35743
2026-04-12,16P-D,retail,1,0,12,215.62,1.45874
2026-04-12,17-A,retail,0,0,11,468.68,1.217942
2026-04-12,17-B,retail,4,0,14,428.93,1.31133
2026-04-12,17-C,retail,0,0,10,355.21,1.35743
2026-04-12,17-D,retail,0,0,7,235.77,1.45874
2026-04-12,14-A,wholesale,1,0,5,160.09,
2026-04-12,14-B,wholesale,2,0,25,136.08,
2026-04-12,14-C,wholesale,3,0,18,108.86,
2026-04-12,14-D,wholesale,1,0,13,67.24,
2026-04-12,15-A,wholesale,1,0,15,211.77,
2026-04-12,15-B,wholesale,0,0,15,180.01,
2026-04-12,15-C,wholesale,2,0,16,144.01,
2026-04-12,15-D,wholesale,0,0,24,88.94,
2026-04-12,16P-A,wholesale,0,0,28,348.89,
2026-04-12,16P-B,wholesale,0,0,7,296.56,
2026-04-12,16P-C,wholesale,1,0,13,237.25,
2026-04-12,16P-D,wholesale,0,0,11,146.53,
2026-04-12,17-A,wholesale,0,0,11,381.49,
2026-04-12,17-B,wholesale,0,0,10,324.27,
2026-04-12,17-C,wholesale,0,0,10,259.41,
2026-04-12,17-D,wholesale,0,0,7,160.23,
2026-04-13,14-A,retail,0,0,4,208.46,1.291613
2026-04-13,14-B,retail,1,0,23,195.04,1.421662
2026-04-13,14-C,retail,0,0,15,153.52,1.398825
2026-04-13,14-D,retail,0,0,22,88.33,1.303105
2026-04-13,15-A,retail,0,0,14,275.76,1.291613
2026-04-13,15-B,retail,0,0,15,258.0,1.421662
2026-04-13,15-C,retail,0,0,14,203.08,1.398825
2026-04-13,15-D,retail,0,0,24,116.85,1.303105
2026-04-13,16P-A,retail,2,0,28,454.31,1.291613
2026-04-13,16P-B,retail,2,0,7,425.04,1.421662
2026-04-13,16P-C,retail,0,0,12,334.57,1.398825
2026-04-13,16P-D,retail,0,0,11,192.51,1.303105
2026-04-13,17-A,retail,0,0,12,496.76,1.291613
2026-04-13,17-B,retail,0,0,10,464.76,1.421662
2026-04-13,17-C,retail,0,0,10,365.83,1.398825
2026-04-13,17-D,retail,0,0,17,210.49,1.303105
2026-04-13,14-A,wholesale,0,0,4,160.0,
2026-04-13,14-B,wholesale,1,0,22,136.0,
2026-04-13,14-C,wholesale,2,0,15,108.8,
2026-04-13,14-D,wholesale,1,0,22,67.2,
2026-04-13,15-A,wholesale,0,0,14,211.65,
2026-04-13,15-B,wholesale,0,0,15,179.91,
2026-04-13,15-C,wholesale,0,0,14,143.92,
2026-04-13,15-D,wholesale,1,0,24,88.89,
2026-04-13,16P-A,wholesale,2,0,26,348.7,
2026-04-13,16P-B,wholesale,0,0,5,296.39,
2026-04-13,16P-C,wholesale,0,0,12,237.11,
2026-04-13,16P-D,wholesale,0,0,11,146.45,
2026-04-13,17-A,wholesale,0,0,12,381.28,
2026-04-13,17-B,wholesale,0,0,10,324.09,
2026-04-13,17-C,wholesale,0,0,10,259.27,
2026-04-13,17-D,wholesale,2,0,17,160.14,
2026-04-14,14-A,retail,0,0,4,187.59,1.162937
2026-04-14,14-B,retail,0,0,21,212.01,1.546238
2026-04-14,14-C,retail,0,0,13,159.4,1.453199
2026-04-14,14-D,retail,0,0,21,88.25,1.302548
2026-04-14,15-A,retail,2,0,14,248.15,1.162937
2026-04-14,15-B,retail,0,0,15,280.45,1.546238
2026-04-14,15-C,retail,1,0,14,210.86,1.453199
2026-04-14,15-D,retail,0,0,23,116.73,1.302548
2026-04-14,16P-A,retail,2,0,24,408.82,1.162937
2026-04-14,16P-B,retail,2,0,5,462.03,1.546238
2026-04-14,16P-C,retail,0,0,12,347.39,1.453199
2026-04-14,16P-D,retail,0,0,11,192.32,1.302548
2026-04-14,17-A,retail,0,0,12,447.02,1.162937
2026-04-14,17-B,retail,0,0,20,505.2,1.546238
2026-04-14,17-C,retail,0,0,10,379.84,1.453199
2026-04-14,17-D,retail,0,0,15,210.29,1.302548
2026-04-14,14-A,wholesale,0,0,4,159.91,
2026-04-14,14-B,wholesale,0,0,21,135.93,
2026-04-14,14-C,wholesale,0,0,13,108.74,
2026-04-14,14-D,wholesale,1,0,21,67.16,
2026-04-14,15-A,wholesale,0,0,12,211.54,
2026-04-14,15-B,wholesale,2,0,15,179.81,
2026-04-14,15-C,wholesale,0,0,13,143.84,
2026-04-14,15-D,wholesale,0,0,23,88.85,
2026-04-14,16P-A,wholesale,0,0,22,348.5,
2026-04-14,16P-B,wholesale,0,0,3,296.23,
2026-04-14,16P-C,wholesale,0,0,12,236.98,
2026-04-14,16P-D,wholesale,0,0,11,146.37,
2026-04-14,17-A,wholesale,1,0,12,381.06,
2026-04-14,17-B,wholesale,0,0,20,323.9,
2026-04-14,17-C,wholesale,0,0,10,259.12,
2026-04-14,17-D,wholesale,0,0,15,160.05,
2026-04-15,14-A,retail,1,0,14,194.12,1.2041
2026-04-15,14-B,retail,2,0,21,187.33,1.367018
2026-04-15,14-C,retail,1,0,13,154.92,1.413186
2026-04-15,14-D,retail,0,0,20,99.23,1.465519
2026-04-15,15-A,retail,2,0,12,256.79,1.2041
2026-04-15,15-B,retail,0,0,13,247.8,1.367018
2026-04-15,15-C,retail,0,0,13,204.94,1.413186
2026-04-15,15-D,retail,0,0,23,131.27,1.465519
2026-04-15,16P-A,retail,0,0,22,423.06,1.2041
2026-04-15,16P-B,retail,0,0,3,408.25,1.367018
2026-04-15,16P-C,retail,0,0,12,337.63,1.413186
2026-04-15,16P-D,retail,1,0,11,216.26,1.465519
2026-04-15,17-A,retail,1,0,11,462.58,1.2041
2026-04-15,17-B,retail,2,0,20,446.4,1.367018
2026-04-15,17-C,retail,0,0,10,369.18,1.413186
2026-04-15,17-D,retail,0,0,15,236.47,1.465519
2026-04-15,14-A,wholesale,0,0,13,159.82,
2026-04-15,14-B,wholesale,0,0,19,135.85,
2026-04-15,14-C,wholesale,4,0,12,108.68,
2026-04-15,14-D,wholesale,0,0,20,67.13,
2026-04-15,15-A,wholesale,0,0,10,211.42,
2026-04-15,15-B,wholesale,0,0,13,179.71,
2026-04-15,15-C,wholesale,0,0,13,143.76,
2026-04-15,15-D,wholesale,1,0,23,88.8,
2026-04-15,16P-A,wholesale,0,0,22,348.31,
2026-04-15,16P-B,wholesale,0,0,3,296.06,
2026-04-15,16P-C,wholesale,1,0,12,236.85,
2026-04-15,16P-D,wholesale,1,0,10,146.29,
2026-04-15,17-A,wholesale,0,0,10,380.85,
2026-04-15,17-B,wholesale,1,0,18,323.72,
2026-04-15,17-C,wholesale,0,0,10,258.98,
2026-04-15,17-D,wholesale,0,0,15,159.96,
2026-04-16,14-A,retail,0,0,13,216.4,1.343006
2026-04-16,14-B,retail,2,0,19,192.0,1.401892
2026-04-16,14-C,retail,0,0,8,171.92,1.569098
2026-04-16,14-D,retail,0,0,20,100.92,1.491274
2026-04-16,15-A,retail,2,0,10,286.25,1.343006
2026-04-16,15-B,retail,1,0,13,253.98,1.401892
2026-04-16,15-C,retail,0,0,23,227.42,1.569098
2026-04-16,15-D,retail,0,0,22,133.5,1.491274
2026-04-16,16P-A,retail,0,0,22,471.6,1.343006
2026-04-16,16P-B,retail,0,0,23,418.43,1.401892
2026-04-16,16P-C,retail,0,0,11,374.67,1.569098
2026-04-16,16P-D,retail,0,0,9,219.94,1.491274
2026-04-16,17-A,retail,1,0,20,515.66,1.343006
2026-04-16,17-B,retail,2,0,17,457.53,1.401892
2026-04-16,17-C,retail,0,0,20,409.68,1.569098
2026-04-16,17-D,retail,0,0,15,240.49,1.491274
2026-04-16,14-A,wholesale,0,0,13,159.73,
2026-04-16,14-B,wholesale,0,0,17,135.77,
2026-04-16,14-C,wholesale,0,0,8,108.62,
2026-04-16,14-D,wholesale,1,0,20,67.09,
2026-04-16,15-A,wholesale,0,0,8,211.3,
2026-04-16,15-B,wholesale,0,0,12,179.61,
2026-04-16,15-C,wholesale,3,0,23,143.68,
2026-04-16,15-D,wholesale,0,0,22,88.75,
2026-04-16,16P-A,wholesale,0,0,22,348.11,
2026-04-16,16P-B,wholesale,0,0,23,295.9,
2026-04-16,16P-C,wholesale,0,0,11,236.72,
2026-04-16,16P-D,wholesale,0,0,9,146.21,
2026-04-16,17-A,wholesale,0,0,19,380.64,
2026-04-16,17-B,wholesale,2,0,15,323.54,
2026-04-16,17-C,wholesale,1,0,20,258.83,
2026-04-16,17-D,wholesale,3,0,15,159.87,
2026-04-17,14-A,retail,0,0,13,225.9,1.402786
2026-04-17,14-B,retail,0,0,17,196.54,1.435857
2026-04-17,14-C,retail,0,0,8,131.26,1.198639
2026-04-17,14-D,retail,0,0,19,85.7,1.267133
2026-04-17,15-A,retail,0,0,8,298.83,1.402786
2026-04-17,15-B,retail,2,0,13,259.99,1.435857
2026-04-17,15-C,retail,0,0,20,173.63,1.198639
2026-04-17,15-D,retail,0,0,22,113.37,1.267133
2026-04-17,16P-A,retail,0,0,22,492.31,1.402786
2026-04-17,16P-B,retail,0,0,23,428.33,1.435857
2026-04-17,16P-C,retail,0,0,11,286.05,1.198639
2026-04-17,16P-D,retail,0,0,9,186.78,1.267133
2026-04-17,17-A,retail,1,0,19,538.31,1.402786
2026-04-17,17-B,retail,1,0,13,468.35,1.435857
2026-04-17,17-C,retail,0,0,19,312.78,1.198639
2026-04-17,17-D,retail,0,0,12,204.23,1.267133
2026-04-17,14-A,wholesale,0,0,13,159.65,
2026-04-17,14-B,wholesale,1,0,17,135.7,
2026-04-17,14-C,wholesale,1,0,8,108.56,
2026-04-17,14-D,wholesale,0,0,19,67.05,
2026-04-17,15-A,wholesale,0,0,8,211.18,
2026-04-17,15-B,wholesale,2,0,11,179.5,
2026-04-17,15-C,wholesale,1,0,20,143.6,
2026-04-17,15-D,wholesale,0,0,22,88.7,
2026-04-17,16P-A,wholesale,0,0,22,347.92,
2026-04-17,16P-B,wholesale,0,0,23,295.73,
2026-04-17,16P-C,wholesale,1,0,11,236.59,
2026-04-17,16P-D,wholesale,2,0,9,146.13,
2026-04-17,17-A,wholesale,0,0,18,380.43,
2026-04-17,17-B,wholesale,0,0,12,323.36,
2026-04-17,17-C,wholesale,0,0,19,258.69,
2026-04-17,17-D,wholesale,0,0,12,159.78,
2026-04-18,14-A,retail,1,0,13,177.86,1.105105
2026-04-18,14-B,retail,1,0,16,171.12,1.250829
2026-04-18,14-C,retail,0,0,7,122.85,1.122459
2026-04-18,14-D,retail,0,0,19,98.05,1.450435
2026-04-18,15-A,retail,1,0,8,235.28,1.105105
2026-04-18,15-B,retail,1,0,9,226.36,1.250829
2026-04-18,15-C,retail,1,0,19,162.5,1.122459
2026-04-18,15-D,retail,0,0,22,129.7,1.450435
2026-04-18,16P-A,retail,1,0,22,387.62,1.105105
2026-04-18,16P-B,retail,0,0,23,372.93,1.250829
2026-04-18,16P-C,retail,0,0,10,267.72,1.122459
2026-04-18,16P-D,retail,0,0,7,213.68,1.450435
2026-04-18,17-A,retail,0,0,18,423.84,1.105105
2026-04-18,17-B,retail,0,0,12,407.77,1.250829
2026-04-18,17-C,retail,0,0,19,292.74,1.122459
2026-04-18,17-D,retail,0,0,12,233.64,1.450435
2026-04-18,14-A,wholesale,0,0,12,159.56,
2026-04-18,14-B,wholesale,0,0,15,135.62,
2026-04-18,14-C,wholesale,0,0,7,108.5,
2026-04-18,14-D,wholesale,1,0,19,67.01,
2026-04-18,15-A,wholesale,0,0,7,211.06,
2026-04-18,15-B,wholesale,0,0,8,179.4,
2026-04-18,15-C,wholesale,1,0,18,143.52,
2026-04-18,15-D,wholesale,2,0,22,88.65,
2026-04-18,16P-A,wholesale,0,0,21,347.73,
2026-04-18,16P-B,wholesale,1,0,23,295.57,
2026-04-18,16P-C,wholesale,0,0,10,236.45,
2026-04-18,16P-D,wholesale,2,0,7,146.04,
2026-04-18,17-A,wholesale,0,0,18,380.21,
2026-04-18,17-B,wholesale,0,0,12,323.18,
2026-04-18,17-C,wholesale,0,0,19,258.55,
2026-04-18,17-D,wholesale,1,0,12,159.69,
2026-04-19,14-A,retail,2,0,12,202.54,1.259142
2026-04-19,14-B,retail,0,0,15,167.96,1.228394
2026-04-19,14-C,retail,1,0,7,155.72,1.423623
2026-04-19,14-D,retail,1,0,18,96.77,1.432285
2026-04-19,15-A,retail,0,0,17,267.93,1.259142
2026-04-19,15-B,retail,0,0,8,222.18,1.228394
2026-04-19,15-C,retail,2,0,17,205.99,1.423623
2026-04-19,15-D,retail,0,0,20,128.0,1.432285
2026-04-19,16P-A,retail,0,0,21,441.41,1.259142
2026-04-19,16P-B,retail,2,0,22,366.03,1.228394
2026-04-19,16P-C,retail,0,0,10,339.37,1.423623
2026-04-19,16P-D,retail,1,0,15,210.88,1.432285
2026-04-19,17-A,retail,0,0,18,482.65,1.259142
2026-04-19,17-B,retail,2,0,12,400.23,1.228394
2026-04-19,17-C,retail,0,0,19,371.07,1.423623
2026-04-19,17-D,retail,0,0,11,230.59,1.432285
2026-04-19,14-A,wholesale,0,0,10,159.47,
2026-04-19,14-B,wholesale,0,0,15,135.55,
2026-04-19,14-C,wholesale,0,0,6,108.44,
2026-04-19,14-D,wholesale,0,0,17,66.98,
2026-04-19,15-A,wholesale,0,0,17,210.95,
2026-04-19,15-B,wholesale,0,0,8,179.3,
2026-04-19,15-C,wholesale,0,0,15,143.44,
2026-04-19,15-D,wholesale,0,0,20,88.6,
2026-04-19,16P-A,wholesale,0,0,21,347.53,
2026-04-19,16P-B,wholesale,0,0,20,295.4,
2026-04-19,16P-C,wholesale,2,0,10,236.32,
2026-04-19,16P-D,wholesale,0,0,14,145.96,
2026-04-19,17-A,wholesale,0,0,18,380.0,
2026-04-19,17-B,wholesale,0,0,10,323.0,
2026-04-19,17-C,wholesale,0,0,19,258.4,
2026-04-19,17-D,wholesale,1,0,11,159.6,
2026-04-20,14-A,retail,1,0,20,203.45,1.265516
2026-04-20,14-B,retail,1,0,25,195.66,1.431805
2026-04-20,14-C,retail,0,0,6,152.57,1.395604
2026-04-20,14-D,retail,0,0,17,88.24,1.306779
2026-04-20,15-A,retail,1,0,17,269.13,1.265516
2026-04-20,15-B,retail,0,0,18,258.82,1.431805
2026-04-20,15-C,retail,0,0,15,201.82,1.395604
2026-04-20,15-D,retail,0,0,20,116.72,1.306779
2026-04-20,16P-A,retail,1,0,21,443.39,1.265516
2026-04-20,16P-B,retail,0,0,30,426.41,1.431805
2026-04-20,16P-C,retail,1,0,8,332.5,1.395604
2026-04-20,16P-D,retail,0,0,14,192.3,1.306779
2026-04-20,17-A,retail,2,0,18,484.82,1.265516
2026-04-20,17-B,retail,1,0,20,466.25,1.431805
2026-04-20,17-C,retail,0,0,19,363.57,1.395604
2026-04-20,17-D,retail,0,0,11,210.26,1.306779
2026-04-20,14-A,wholesale,0,0,19,159.38,
2026-04-20,14-B,wholesale,1,0,24,135.47,
2026-04-20,14-C,wholesale,0,0,6,108.38,
2026-04-20,14-D,wholesale,1,0,17,66.94,
2026-04-20,15-A,wholesale,1,0,16,210.83,
2026-04-20,15-B,wholesale,0,0,18,179.2,
2026-04-20,15-C,wholesale,1,0,15,143.36,
2026-04-20,15-D,wholesale,0,0,20,88.55,
2026-04-20,16P-A,wholesale,0,0,20,347.34,
2026-04-20,16P-B,wholesale,2,0,30,295.24,
2026-04-20,16P-C,wholesale,3,0,7,236.19,
2026-04-20,16P-D,wholesale,1,0,14,145.88,
2026-04-20,17-A,wholesale,0,0,16,379.79,
2026-04-20,17-B,wholesale,1,0,19,322.82,
2026-04-20,17-C,wholesale,0,0,19,258.26,
2026-04-20,17-D,wholesale,0,0,11,159.51,
2026-04-21,14-A,retail,2,0,19,200.95,1.250652
2026-04-21,14-B,retail,0,0,23,195.24,1.429493
2026-04-21,14-C,retail,1,0,6,131.33,1.201938
2026-04-21,14-D,retail,0,0,16,88.83,1.316236
2026-04-21,15-A,retail,0,0,15,265.82,1.250652
2026-04-21,15-B,retail,1,0,18,258.26,1.429493
2026-04-21,15-C,retail,1,0,14,173.72,1.201938
2026-04-21,15-D,retail,0,0,20,117.5,1.316236
2026-04-21,16P-A,retail,0,0,20,437.94,1.250652
2026-04-21,16P-B,retail,1,0,29,425.48,1.429493
2026-04-21,16P-C,retail,1,0,4,286.2,1.201938
2026-04-21,16P-D,retail,0,0,13,193.58,1.316236
2026-04-21,17-A,retail,0,0,16,478.86,1.250652
2026-04-21,17-B,retail,0,0,18,465.23,1.429493
2026-04-21,17-C,retail,0,0,19,312.94,1.201938
2026-04-21,17-D,retail,0,0,11,211.67,1.316236
2026-04-21,14-A,wholesale,0,0,17,159.29,
2026-04-21,14-B,wholesale,0,0,23,135.4,
2026-04-21,14-C,wholesale,0,0,5,108.32,
2026-04-21,14-D,wholesale,4,0,16,66.9,
2026-04-21,15-A,wholesale,1,0,15,210.71,
2026-04-21,15-B,wholesale,0,0,17,179.1,
2026-04-21,15-C,wholesale,0,0,13,143.28,
2026-04-21,15-D,wholesale,0,0,20,88.5,
2026-04-21,16P-A,wholesale,0,0,20,347.14,
2026-04-21,16P-B,wholesale,1,0,28,295.07,
2026-04-21,16P-C,wholesale,2,0,3,236.06,
2026-04-21,16P-D,wholesale,1,0,13,145.8,
2026-04-21,17-A,wholesale,0,0,16,379.58,
2026-04-21,17-B,wholesale,0,0,18,322.64,
2026-04-21,17-C,wholesale,1,0,19,258.11,
2026-04-21,17-D,wholesale,1,0,11,159.42,
2026-04-22,14-A,retail,0,0,17,215.7,1.343165
2026-04-22,14-B,retail,0,0,23,196.79,1.44171
2026-04-22,14-C,retail,0,0,5,164.19,1.503565
2026-04-22,14-D,retail,0,0,12,83.33,1.235502
2026-04-22,15-A,retail,0,0,24,285.33,1.343165
2026-04-22,15-B,retail,0,0,17,260.32,1.44171
2026-04-22,15-C,retail,1,0,13,217.19,1.503565
2026-04-22,15-D,retail,0,0,30,110.23,1.235502
2026-04-22,16P-A,retail,0,0,20,470.07,1.343165
2026-04-22,16P-B,retail,1,0,27,428.88,1.44171
2026-04-22,16P-C,retail,0,0,11,357.82,1.503565
2026-04-22,16P-D,retail,0,0,12,181.61,1.235502
2026-04-22,17-A,retail,0,0,16,513.99,1.343165
2026-04-22,17-B,retail,0,0,18,468.95,1.44171
2026-04-22,17-C,retail,0,0,18,391.25,1.503565
2026-04-22,17-D,retail,0,0,10,198.57,1.235502
2026-04-22,14-A,wholesale,1,0,17,159.2,
2026-04-22,14-B,wholesale,1,0,23,135.32,
2026-04-22,14-C,wholesale,0,0,5,108.26,
2026-04-22,14-D,wholesale,0,0,12,66.86,
2026-04-22,15-A,wholesale,0,0,24,210.59,
2026-04-22,15-B,wholesale,0,0,17,179.0,
2026-04-22,15-C,wholesale,0,0,12,143.2,
2026-04-22,15-D,wholesale,0,0,30,88.45,
2026-04-22,16P-A,wholesale,0,0,20,346.95,
2026-04-22,16P-B,wholesale,0,0,26,294.91,
2026-04-22,16P-C,wholesale,0,0,11,235.93,
2026-04-22,16P-D,wholesale,0,0,12,145.72,
2026-04-22,17-A,wholesale,0,0,16,379.37,
2026-04-22,17-B,wholesale,0,0,18,322.46,
2026-04-22,17-C,wholesale,0,0,18,257.97,
2026-04-22,17-D,wholesale,1,0,10,159.33,
2026-04-23,14-A,retail,0,0,16,174.44,1.086868
2026-04-23,14-B,retail,1,0,22,191.14,1.401039
2026-04-23,14-C,retail,0,0,15,154.39,1.414595
2026-04-23,14-D,retail,0,0,12,97.73,1.449833
2026-04-23,15-A,retail,0,0,24,230.75,1.086868
2026-04-23,15-B,retail,3,0,17,252.84,1.401039
2026-04-23,15-C,retail,0,0,22,204.23,1.414595
2026-04-23,15-D,retail,0,0,30,129.28,1.449833
2026-04-23,16P-A,retail,0,0,20,380.16,1.086868
2026-04-23,16P-B,retail,0,0,26,416.55,1.401039
2026-04-23,16P-C,retail,0,0,11,336.46,1.414595
2026-04-23,16P-D,retail,0,0,22,212.99,1.449833
2026-04-23,17-A,retail,0,0,16,415.68,1.086868
2026-04-23,17-B,retail,0,0,18,455.47,1.401039
2026-04-23,17-C,retail,0,0,18,367.9,1.414595
2026-04-23,17-D,retail,0,0,9,232.89,1.449833
2026-04-23,14-A,wholesale,0,0,16,159.11,
2026-04-23,14-B,wholesale,0,0,21,135.24,
2026-04-23,14-C,wholesale,0,0,15,108.2,
2026-04-23,14-D,wholesale,1,0,12,66.83,
2026-04-23,15-A,wholesale,0,0,24,210.48,
2026-04-23,15-B,wholesale,1,0,14,178.9,
2026-04-23,15-C,wholesale,0,0,22,143.12,
2026-04-23,15-D,wholesale,3,0,30,88.4,
2026-04-23,16P-A,wholesale,0,0,20,346.76,
2026-04-23,16P-B,wholesale,0,0,26,294.74,
2026-04-23,16P-C,wholesale,0,0,11,235.79,
2026-04-23,16P-D,wholesale,2,0,22,145.64,
2026-04-23,17-A,wholesale,1,0,16,379.15,
2026-04-23,17-B,wholesale,0,0,18,322.28,
2026-04-23,17-C,wholesale,0,0,18,257.82,
2026-04-23,17-D,wholesale,0,0,9,159.24,
2026-04-24,14-A,retail,0,0,16,223.26,1.391831
2026-04-24,14-B,retail,1,0,21,220.03,1.613757
2026-04-24,14-C,retail,1,0,15,139.22,1.276365
2026-04-24,14-D,retail,0,0,11,98.98,1.469219
2026-04-24,15-A,retail,1,0,24,295.34,1.391831
2026-04-24,15-B,retail,0,0,13,291.06,1.613757
2026-04-24,15-C,retail,1,0,22,184.17,1.276365
2026-04-24,15-D,retail,0,0,27,130.94,1.469219
2026-04-24,16P-A,retail,0,0,20,486.56,1.391831
2026-04-24,16P-B,retail,1,0,26,479.52,1.613757
2026-04-24,16P-C,retail,1,0,21,303.41,1.276365
2026-04-24,16P-D,retail,0,0,20,215.72,1.469219
2026-04-24,17-A,retail,0,0,15,532.02,1.391831
2026-04-24,17-B,retail,0,0,18,524.32,1.613757
2026-04-24,17-C,retail,0,0,18,331.76,1.276365
2026-04-24,17-D,retail,0,0,9,235.87,1.469219
2026-04-24,14-A,wholesale,1,0,16,159.02,
2026-04-24,14-B,wholesale,3,0,20,135.17,
2026-04-24,14-C,wholesale,0,0,14,108.14,
2026-04-24,14-D,wholesale,3,0,11,66.79,
2026-04-24,15-A,wholesale,0,0,23,210.36,
2026-04-24,15-B,wholesale,2,0,13,178.8,
2026-04-24,15-C,wholesale,2,0,21,143.04,
2026-04-24,15-D,wholesale,0,0,27,88.35,
2026-04-24,16P-A,wholesale,0,0,20,346.56,
2026-04-24,16P-B,wholesale,0,0,25,294.58,
2026-04-24,16P-C,wholesale,0,0,20,235.66,
2026-04-24,16P-D,wholesale,3,0,20,145.56,
2026-04-24,17-A,wholesale,0,0,15,378.94,
2026-04-24,17-B,wholesale,2,0,18,322.1,
2026-04-24,17-C,wholesale,0,0,18,257.68,
2026-04-24,17-D,wholesale,0,0,9,159.16,
2026-04-25,14-A,retail,1,0,15,239.15,1.491686
2026-04-25,14-B,retail,1,0,17,191.05,1.40194
2026-04-25,14-C,retail,0,0,14,161.06,1.477392
2026-04-25,14-D,retail,0,0,8,83.07,1.233702
2026-04-25,15-A,retail,0,0,23,316.35,1.491686
2026-04-25,15-B,retail,0,0,21,252.72,1.40194
2026-04-25,15-C,retail,0,0,19,213.06,1.477392
2026-04-25,15-D,retail,1,0,27,109.89,1.233702
2026-04-25,16P-A,retail,0,0,20,521.18,1.491686
2026-04-25,16P-B,retail,0,0,25,416.35,1.40194
2026-04-25,16P-C,retail,0,0,20,351.01,1.477392
2026-04-25,16P-D,retail,1,0,17,181.04,1.233702
2026-04-25,17-A,retail,1,0,15,569.87,1.491686
2026-04-25,17-B,retail,0,0,16,455.25,1.40194
2026-04-25,17-C,retail,0,0,18,383.8,1.477392
2026-04-25,17-D,retail,0,0,9,197.95,1.233702
2026-04-25,14-A,wholesale,1,0,14,158.93,
2026-04-25,14-B,wholesale,0,0,16,135.09,
2026-04-25,14-C,wholesale,2,0,14,108.07,
2026-04-25,14-D,wholesale,5,0,8,66.75,
2026-04-25,15-A,wholesale,0,0,23,210.24,
2026-04-25,15-B,wholesale,0,0,21,178.7,
2026-04-25,15-C,wholesale,0,0,19,142.96,
2026-04-25,15-D,wholesale,0,0,26,88.3,
2026-04-25,16P-A,wholesale,0,0,20,346.37,
2026-04-25,16P-B,wholesale,1,0,25,294.41,
2026-04-25,16P-C,wholesale,2,0,20,235.53,
2026-04-25,16P-D,wholesale,1,0,16,145.47,
2026-04-25,17-A,wholesale,0,0,14,378.73,
2026-04-25,17-B,wholesale,0,0,16,321.92,
2026-04-25,17-C,wholesale,2,0,18,257.54,
2026-04-25,17-D,wholesale,1,0,9,159.07,
2026-04-26,14-A,retail,1,0,13,178.82,1.116039
2026-04-26,14-B,retail,0,0,16,213.46,1.567297
2026-04-26,14-C,retail,0,0,12,171.51,1.574111
2026-04-26,14-D,retail,0,0,3,75.36,1.119798
2026-04-26,15-A,retail,4,0,23,236.55,1.116039
2026-04-26,15-B,retail,0,0,21,282.37,1.567297
2026-04-26,15-C,retail,0,0,19,226.88,1.574111
2026-04-26,15-D,retail,0,0,26,99.69,1.119798
2026-04-26,16P-A,retail,0,0,20,389.71,1.116039
2026-04-26,16P-B,retail,0,0,24,465.2,1.567297
2026-04-26,16P-C,retail,2,0,18,373.78,1.574111
2026-04-26,16P-D,retail,1,0,15,164.23,1.119798
2026-04-26,17-A,retail,0,0,14,426.13,1.116039
2026-04-26,17-B,retail,0,0,16,508.66,1.567297
2026-04-26,17-C,retail,0,0,16,408.7,1.574111
2026-04-26,17-D,retail,0,0,8,179.58,1.119798
2026-04-26,14-A,wholesale,0,0,12,158.85,
2026-04-26,14-B,wholesale,1,0,16,135.02,
2026-04-26,14-C,wholesale,0,0,12,108.01,
2026-04-26,14-D,wholesale,3,1,3,66.71,
2026-04-26,15-A,wholesale,2,0,19,210.12,
2026-04-26,15-B,wholesale,0,0,21,178.6,
2026-04-26,15-C,wholesale,1,0,19,142.88,
2026-04-26,15-D,wholesale,1,0,26,88.25,
2026-04-26,16P-A,wholesale,1,0,20,346.17,
2026-04-26,16P-B,wholesale,0,0,24,294.25,
2026-04-26,16P-C,wholesale,0,0,16,235.4,
2026-04-26,16P-D,wholesale,0,0,14,145.39,
2026-04-26,17-A,wholesale,0,0,14,378.52,
2026-04-26,17-B,wholesale,0,0,16,321.74,
2026-04-26,17-C,wholesale,0,0,16,257.39,
2026-04-26,17-D,wholesale,1,0,8,158.98,
2026-04-27,14-A,retail,0,0,12,226.57,1.41479
2026-04-27,14-B,retail,0,0,15,203.0,1.491323
2026-04-27,14-C,retail,1,0,12,128.65,1.181449
2026-04-27,14-D,retail,0,0,0,85.87,1.276657
2026-04-27,15-A,retail,0,0,17,299.71,1.41479
2026-04-27,15-B,retail,0,0,21,268.53,1.491323
2026-04-27,15-C,retail,0,0,18,170.19,1.181449
2026-04-27,15-D,retail,0,0,25,113.59,1.276657
2026-04-27,16P-A,retail,0,0,29,493.76,1.41479
2026-04-27,16P-B,retail,0,0,24,442.4,1.491323
2026-04-27,16P-C,retail,0,0,16,280.38,1.181449
2026-04-27,16P-D,retail,0,0,14,187.13,1.276657
2026-04-27,17-A,retail,1,0,14,539.89,1.41479
2026-04-27,17-B,retail,0,0,16,483.73,1.491323
2026-04-27,17-C,retail,0,0,16,306.58,1.181449
2026-04-27,17-D,retail,0,0,7,204.62,1.276657
2026-04-27,14-A,wholesale,0,0,12,158.76,
2026-04-27,14-B,wholesale,0,0,15,134.94,
2026-04-27,14-C,wholesale,0,0,11,107.95,
2026-04-27,14-D,wholesale,0,1,0,66.68,
2026-04-27,15-A,wholesale,0,0,17,210.01,
2026-04-27,15-B,wholesale,0,0,21,178.51,
2026-04-27,15-C,wholesale,1,0,18,142.8,
2026-04-27,15-D,wholesale,0,0,25,88.2,
2026-04-27,16P-A,wholesale,0,0,29,345.98,
2026-04-27,16P-B,wholesale,1,0,24,294.08,
2026-04-27,16P-C,wholesale,1,0,16,235.27,
2026-04-27,16P-D,wholesale,0,0,14,145.31,
2026-04-27,17-A,wholesale,0,0,13,378.31,
2026-04-27,17-B,wholesale,0,0,16,321.56,
2026-04-27,17-C,wholesale,0,0,16,257.25,
2026-04-27,17-D,wholesale,0,0,7,158.89,
2026-04-28,14-A,retail,1,0,22,191.8,1.198393
2026-04-28,14-B,retail,0,0,25,200.06,1.470574
2026-04-28,14-C,retail,0,0,11,133.91,1.230403
2026-04-28,14-D,retail,0,1,0,90.28,1.342954
2026-04-28,15-A,retail,0,0,17,253.72,1.198393
2026-04-28,15-B,retail,0,0,21,264.65,1.470574
2026-04-28,15-C,retail,0,0,17,177.14,1.230403
2026-04-28,15-D,retail,0,0,25,119.42,1.342954
2026-04-28,16P-A,retail,0,0,29,418.0,1.198393
2026-04-28,16P-B,retail,1,0,23,436.0,1.470574
2026-04-28,16P-C,retail,0,0,15,291.84,1.230403
2026-04-28,16P-D,retail,0,0,14,196.74,1.342954
2026-04-28,17-A,retail,1,0,13,457.06,1.198393
2026-04-28,17-B,retail,0,0,26,476.74,1.470574
2026-04-28,17-C,retail,0,0,16,319.1,1.230403
2026-04-28,17-D,retail,0,0,7,215.12,1.342954
2026-04-28,14-A,wholesale,0,0,21,158.67,
2026-04-28,14-B,wholesale,0,0,25,134.87,
2026-04-28,14-C,wholesale,0,0,11,107.89,
2026-04-28,14-D,wholesale,0,1,0,66.64,
2026-04-28,15-A,wholesale,0,0,17,209.89,
2026-04-28,15-B,wholesale,0,0,21,178.41,
2026-04-28,15-C,wholesale,3,0,17,142.72,
2026-04-28,15-D,wholesale,3,0,25,88.15,
2026-04-28,16P-A,wholesale,0,0,29,345.79,
2026-04-28,16P-B,wholesale,1,0,22,293.92,
2026-04-28,16P-C,wholesale,0,0,15,235.14,
2026-04-28,16P-D,wholesale,2,0,14,145.23,
2026-04-28,17-A,wholesale,0,0,12,378.1,
2026-04-28,17-B,wholesale,0,0,26,321.38,
2026-04-28,17-C,wholesale,2,0,16,257.11,
2026-04-28,17-D,wholesale,1,0,7,158.8,
2026-04-29,14-A,retail,0,0,21,211.01,1.319109
2026-04-29,14-B,retail,1,0,25,183.74,1.351345
2026-04-29,14-C,retail,0,0,11,157.57,1.448558
2026-04-29,14-D,retail,0,0,0,90.47,1.346624
2026-04-29,15-A,retail,1,0,17,279.12,1.319109
2026-04-29,15-B,retail,1,0,21,243.05,1.351345
2026-04-29,15-C,retail,0,0,24,208.43,1.448558
2026-04-29,15-D,retail,0,0,22,119.68,1.346624
2026-04-29,16P-A,retail,0,0,29,459.85,1.319109
2026-04-29,16P-B,retail,0,0,21,400.43,1.351345
2026-04-29,16P-C,retail,0,0,15,343.39,1.448558
2026-04-29,16P-D,retail,0,0,13,197.17,1.346624
2026-04-29,17-A,retail,0,0,12,502.82,1.319109
2026-04-29,17-B,retail,0,0,26,437.84,1.351345
2026-04-29,17-C,retail,0,0,14,375.47,1.448558
2026-04-29,17-D,retail,0,0,6,215.59,1.346624
2026-04-29,14-A,wholesale,0,0,21,158.58,
2026-04-29,14-B,wholesale,1,0,24,134.79,
2026-04-29,14-C,wholesale,0,0,11,107.83,
2026-04-29,14-D,wholesale,0,0,0,66.6,
2026-04-29,15-A,wholesale,0,0,16,209.77,
2026-04-29,15-B,wholesale,0,0,20,178.31,
2026-04-29,15-C,wholesale,1,0,24,142.64,
2026-04-29,15-D,wholesale,0,0,22,88.1,
2026-04-29,16P-A,wholesale,1,0,29,345.6,
2026-04-29,16P-B,wholesale,0,0,21,293.76,
2026-04-29,16P-C,wholesale,2,0,15,235.0,
2026-04-29,16P-D,wholesale,0,0,13,145.15,
2026-04-29,17-A,wholesale,2,0,12,377.89,
2026-04-29,17-B,wholesale,0,0,26,321.2,
2026-04-29,17-C,wholesale,0,0,14,256.96,
2026-04-29,17-D,wholesale,0,0,6,158.71,
2026-04-30,14-A,retail,3,0,21,214.73,1.343132
2026-04-30,14-B,retail,0,0,23,186.36,1.371364
2026-04-30,14-C,retail,0,0,21,170.16,1.565213
2026-04-30,14-D,retail,0,0,0,94.07,1.400893
2026-04-30,15-A,retail,1,0,26,284.05,1.343132
2026-04-30,15-B,retail,0,0,30,246.52,1.371364
2026-04-30,15-C,retail,0,0,23,225.09,1.565213
2026-04-30,15-D,retail,0,0,22,124.43,1.400893
2026-04-30,16P-A,retail,0,0,28,467.97,1.343132
2026-04-30,16P-B,retail,0,0,31,406.13,1.371364
2026-04-30,16P-C,retail,0,0,14,370.83,1.565213
2026-04-30,16P-D,retail,0,0,13,205.0,1.400893
2026-04-30,17-A,retail,0,0,10,511.69,1.343132
2026-04-30,17-B,retail,0,0,26,444.08,1.371364
2026-04-30,17-C,retail,0,0,14,405.48,1.565213
2026-04-30,17-D,retail,0,0,16,224.15,1.400893
2026-04-30,14-A,wholesale,1,0,18,158.49,
2026-04-30,14-B,wholesale,0,0,23,134.72,
2026-04-30,14-C,wholesale,0,0,21,107.77,
2026-04-30,14-D,wholesale,0,0,0,66.57,
2026-04-30,15-A,wholesale,0,0,25,209.65,
2026-04-30,15-B,wholesale,2,0,30,178.21,
2026-04-30,15-C,wholesale,1,0,23,142.57,
2026-04-30,15-D,wholesale,0,0,22,88.05,
2026-04-30,16P-A,wholesale,0,0,28,345.4,
2026-04-30,16P-B,wholesale,0,0,31,293.59,
2026-04-30,16P-C,wholesale,0,0,14,234.87,
2026-04-30,16P-D,wholesale,4,0,13,145.07,
2026-04-30,17-A,wholesale,0,0,10,377.67,
2026-04-30,17-B,wholesale,0,0,26,321.02,
2026-04-30,17-C,wholesale,0,0,14,256.82,
2026-04-30,17-D,wholesale,0,0,16,158.62,
2026-05-01,14-A,retail,1,0,17,206.81,1.294301
2026-05-01,14-B,retail,1,0,23,202.77,1.492996
2026-05-01,14-C,retail,1,0,21,137.83,1.268554
2026-05-01,14-D,retail,0,1,0,81.97,1.221447
2026-05-01,15-A,retail,0,0,25,273.57,1.294301
2026-05-01,15-B,retail,0,0,28,268.23,1.492996
2026-05-01,15-C,retail,0,0,22,182.33,1.268554
2026-05-01,15-D,retail,0,0,22,108.43,1.221447
2026-05-01,16P-A,retail,2,0,28,450.7,1.294301
2026-05-01,16P-B,retail,2,0,31,441.91,1.492996
2026-05-01,16P-C,retail,1,0,14,300.38,1.268554
2026-05-01,16P-D,retail,0,0,9,178.64,1.221447
2026-05-01,17-A,retail,1,0,20,492.81,1.294301
2026-05-01,17-B,retail,0,0,26,483.2,1.492996
2026-05-01,17-C,retail,0,0,14,328.45,1.268554
2026-05-01,17-D,retail,0,0,16,195.33,1.221447
2026-05-01,14-A,wholesale,0,0,16,158.4,
2026-05-01,14-B,wholesale,0,0,22,134.64,
2026-05-01,14-C,wholesale,0,0,20,107.71,
2026-05-01,14-D,wholesale,0,0,0,66.53,
2026-05-01,15-A,wholesale,0,0,25,209.54,
2026-05-01,15-B,wholesale,2,0,28,178.11,
2026-05-01,15-C,wholesale,0,0,22,142.49,
2026-05-01,15-D,wholesale,1,0,22,88.01,
2026-05-01,16P-A,wholesale,0,0,26,345.21,
2026-05-01,16P-B,wholesale,0,0,29,293.43,
2026-05-01,16P-C,wholesale,3,0,13,234.74,
2026-05-01,16P-D,wholesale,2,0,9,144.99,
2026-05-01,17-A,wholesale,0,0,19,377.46,
2026-05-01,17-B,wholesale,1,0,26,320.84,
2026-05-01,17-C,wholesale,0,0,14,256.67,
2026-05-01,17-D,wholesale,0,0,16,158.53,
2026-05-02,14-A,retail,0,0,16,237.0,1.484095
2026-05-02,14-B,retail,4,0,22,192.47,1.417946
2026-05-02,14-C,retail,0,0,20,130.45,1.201242
2026-05-02,14-D,retail,0,0,10,97.06,1.447076
2026-05-02,15-A,retail,2,0,25,313.51,1.484095
2026-05-02,15-B,retail,0,0,26,254.61,1.417946
2026-05-02,15-C,retail,0,0,22,172.56,1.201242
2026-05-02,15-D,retail,0,0,21,128.39,1.447076
2026-05-02,16P-A,retail,0,0,26,516.5,1.484095
2026-05-02,16P-B,retail,2,0,29,419.46,1.417946
2026-05-02,16P-C,retail,1,0,10,284.28,1.201242
2026-05-02,16P-D,retail,0,0,7,211.52,1.447076
2026-05-02,17-A,retail,3,0,19,564.76,1.484095
2026-05-02,17-B,retail,1,0,25,458.65,1.417946
2026-05-02,17-C,retail,0,0,14,310.84,1.201242
2026-05-02,17-D,retail,0,0,16,231.28,1.447076
2026-05-02,14-A,wholesale,2,0,16,158.31,
2026-05-02,14-B,wholesale,0,0,18,134.57,
2026-05-02,14-C,wholesale,1,0,20,107.65,
2026-05-02,14-D,wholesale,0,0,10,66.49,
2026-05-02,15-A,wholesale,1,0,23,209.42,
2026-05-02,15-B,wholesale,0,0,26,178.01,
2026-05-02,15-C,wholesale,1,0,22,142.41,
2026-05-02,15-D,wholesale,0,0,21,87.96,
2026-05-02,16P-A,wholesale,0,0,26,345.02,
2026-05-02,16P-B,wholesale,0,0,27,293.26,
2026-05-02,16P-C,wholesale,1,0,9,234.61,
2026-05-02,16P-D,wholesale,0,0,7,144.91,
2026-05-02,17-A,wholesale,0,0,16,377.25,
2026-05-02,17-B,wholesale,0,0,24,320.66,
2026-05-02,17-C,wholesale,2,0,14,256.53,
2026-05-02,17-D,wholesale,0,0,16,158.45,
2026-05-03,14-A,retail,1,0,14,184.86,1.15821
2026-05-03,14-B,retail,1,0,18,217.43,1.602729
2026-05-03,14-C,retail,0,0,19,145.08,1.336717
2026-05-03,14-D,retail,0,0,10,82.35,1.22847
2026-05-03,15-A,retail,2,0,22,244.53,1.15821
2026-05-03,15-B,retail,1,0,26,287.62,1.602729
2026-05-03,15-C,retail,0,0,21,191.91,1.336717
2026-05-03,15-D,retail,0,0,21,108.93,1.22847
2026-05-03,16P-A,retail,2,0,26,402.86,1.15821
2026-05-03,16P-B,retail,0,0,27,473.86,1.602729
2026-05-03,16P-C,retail,0,0,8,316.17,1.336717
2026-05-03,16P-D,retail,0,0,7,179.47,1.22847
2026-05-03,17-A,retail,1,0,16,440.5,1.15821
2026-05-03,17-B,retail,0,0,24,518.13,1.602729
2026-05-03,17-C,retail,1,0,12,345.71,1.336717
2026-05-03,17-D,retail,0,0,16,196.23,1.22847
2026-05-03,14-A,wholesale,0,0,13,158.23,
2026-05-03,14-B,wholesale,0,0,17,134.49,
2026-05-03,14-C,wholesale,1,0,19,107.59,
2026-05-03,14-D,wholesale,0,0,10,66.45,
2026-05-03,15-A,wholesale,0,0,20,209.3,
2026-05-03,15-B,wholesale,0,0,25,177.91,
2026-05-03,15-C,wholesale,0,0,21,142.33,
2026-05-03,15-D,wholesale,0,0,21,87.91,
2026-05-03,16P-A,wholesale,1,0,24,344.82,
2026-05-03,16P-B,wholesale,0,0,27,293.1,
2026-05-03,16P-C,wholesale,0,0,8,234.48,
2026-05-03,16P-D,wholesale,1,0,7,144.83,
2026-05-03,17-A,wholesale,0,0,15,377.04,
2026-05-03,17-B,wholesale,0,0,24,320.49,
2026-05-03,17-C,wholesale,0,0,11,256.39,
2026-05-03,17-D,wholesale,0,0,16,158.36,
2026-05-04,14-A,retail,1,0,13,210.91,1.322204
2026-05-04,14-B,retail,0,0,17,173.2,1.277396
2026-05-04,14-C,retail,1,0,18,124.62,1.148873
2026-05-04,14-D,retail,0,0,10,85.19,1.271619
2026-05-04,15-A,retail,0,0,20,279.0,1.322204
2026-05-04,15-B,retail,2,0,25,229.11,1.277396
2026-05-04,15-C,retail,1,0,21,164.85,1.148873
2026-05-04,15-D,retail,0,0,21,112.7,1.271619
2026-05-04,16P-A,retail,0,0,23,459.65,1.322204
2026-05-04,16P-B,retail,0,0,27,377.46,1.277396
2026-05-04,16P-C,retail,0,0,8,271.59,1.148873
2026-05-04,16P-D,retail,0,0,6,185.67,1.271619
2026-05-04,17-A,retail,1,0,15,502.59,1.322204
2026-05-04,17-B,retail,0,0,24,412.73,1.277396
2026-05-04,17-C,retail,0,0,11,296.96,1.148873
2026-05-04,17-D,retail,0,0,16,203.01,1.271619
2026-05-04,14-A,wholesale,0,0,12,158.14,
2026-05-04,14-B,wholesale,0,0,17,134.42,
2026-05-04,14-C,wholesale,1,0,17,107.53,
2026-05-04,14-D,wholesale,1,0,10,66.42,
2026-05-04,15-A,wholesale,2,0,20,209.19,
2026-05-04,15-B,wholesale,0,0,23,177.81,
2026-05-04,15-C,wholesale,0,0,20,142.25,
2026-05-04,15-D,wholesale,0,0,21,87.86,
2026-05-04,16P-A,wholesale,0,0,23,344.63,
2026-05-04,16P-B,wholesale,1,0,27,292.94,
2026-05-04,16P-C,wholesale,0,0,8,234.35,
2026-05-04,16P-D,wholesale,0,0,6,144.75,
2026-05-04,17-A,wholesale,0,0,14,376.83,
2026-05-04,17-B,wholesale,1,0,24,320.31,
2026-05-04,17-C,wholesale,0,0,11,256.25,
2026-05-04,17-D,wholesale,1,0,16,158.27,
2026-05-05,14-A,retail,1,0,12,204.27,1.281263
2026-05-05,14-B,retail,1,0,17,158.28,1.168004
2026-05-05,14-C,retail,1,0,16,158.57,1.462638
2026-05-05,14-D,retail,0,0,19,80.15,1.196953
2026-05-05,15-A,retail,0,0,18,270.21,1.281263
2026-05-05,15-B,retail,1,0,23,209.38,1.168004
2026-05-05,15-C,retail,0,0,20,209.75,1.462638
2026-05-05,15-D,retail,1,0,21,106.02,1.196953
2026-05-05,16P-A,retail,1,0,23,445.17,1.281263
2026-05-05,16P-B,retail,0,0,26,344.94,1.168004
2026-05-05,16P-C,retail,0,0,8,345.56,1.462638
2026-05-05,16P-D,retail,0,0,7,174.67,1.196953
2026-05-05,17-A,retail,0,0,14,486.76,1.281263
2026-05-05,17-B,retail,0,0,23,377.17,1.168004
2026-05-05,17-C,retail,1,0,11,377.85,1.462638
2026-05-05,17-D,retail,0,0,15,190.99,1.196953
2026-05-05,14-A,wholesale,1,0,11,158.05,
2026-05-05,14-B,wholesale,3,0,16,134.34,
2026-05-05,14-C,wholesale,0,0,15,107.47,
2026-05-05,14-D,wholesale,0,0,19,66.38,
2026-05-05,15-A,wholesale,1,0,18,209.07,
2026-05-05,15-B,wholesale,0,0,22,177.71,
2026-05-05,15-C,wholesale,1,0,20,142.17,
2026-05-05,15-D,wholesale,0,0,20,87.81,
2026-05-05,16P-A,wholesale,0,0,22,344.44,
2026-05-05,16P-B,wholesale,0,0,26,292.77,
2026-05-05,16P-C,wholesale,1,0,8,234.22,
2026-05-05,16P-D,wholesale,2,0,7,144.66,
2026-05-05,17-A,wholesale,0,0,14,376.62,
2026-05-05,17-B,wholesale,0,0,23,320.13,
2026-05-05,17-C,wholesale,0,0,10,256.1,
2026-05-05,17-D,wholesale,1,0,15,158.18,
2026-05-06,14-A,retail,0,0,10,215.63,1.353284
2026-05-06,14-B,retail,0,0,13,169.89,1.254384
2026-05-06,14-C,retail,0,0,15,126.9,1.171166
2026-05-06,14-D,retail,0,0,19,87.89,1.313325
2026-05-06,15-A,retail,1,0,18,285.24,1.353284
2026-05-06,15-B,retail,0,0,22,224.73,1.254384
2026-05-06,15-C,retail,0,0,19,167.86,1.171166
2026-05-06,15-D,retail,0,0,20,116.26,1.313325
2026-05-06,16P-A,retail,0,0,22,469.93,1.353284
2026-05-06,16P-B,retail,0,0,26,370.25,1.254384
2026-05-06,16P-C,retail,0,0,17,276.55,1.171166
2026-05-06,16P-D,retail,0,0,6,191.54,1.313325
2026-05-06,17-A,retail,0,0,14,513.83,1.353284
2026-05-06,17-B,retail,0,0,23,404.84,1.254384
2026-05-06,17-C,retail,1,0,10,302.38,1.171166
2026-05-06,17-D,retail,0,0,14,209.44,1.313325
2026-05-06,14-A,wholesale,0,0,10,157.96,
2026-05-06,14-B,wholesale,1,0,13,134.27,
2026-05-06,14-C,wholesale,1,0,15,107.41,
2026-05-06,14-D,wholesale,2,0,19,66.34,
2026-05-06,15-A,wholesale,1,0,17,208.95,
2026-05-06,15-B,wholesale,0,0,22,177.61,
2026-05-06,15-C,wholesale,0,0,19,142.09,
2026-05-06,15-D,wholesale,0,0,20,87.76,
2026-05-06,16P-A,wholesale,0,0,22,344.25,
2026-05-06,16P-B,wholesale,0,0,26,292.61,
2026-05-06,16P-C,wholesale,1,0,17,234.09,
2026-05-06,16P-D,wholesale,0,0,6,144.58,
2026-05-06,17-A,wholesale,0,0,14,376.41,
2026-05-06,17-B,wholesale,0,0,23,319.95,
2026-05-06,17-C,wholesale,3,0,9,255.96,
2026-05-06,17-D,wholesale,0,0,14,158.09,
2026-05-07,14-A,retail,0,0,10,231.27,1.452241
2026-05-07,14-B,retail,0,0,12,167.22,1.235354
2026-05-07,14-C,retail,0,0,14,136.97,1.264836
2026-05-07,14-D,retail,0,0,17,82.28,1.230142
2026-05-07,15-A,retail,0,0,16,305.93,1.452241
2026-05-07,15-B,retail,0,0,22,221.2,1.235354
2026-05-07,15-C,retail,0,0,19,181.18,1.264836
2026-05-07,15-D,retail,0,0,20,108.84,1.230142
2026-05-07,16P-A,retail,2,0,22,504.01,1.452241
2026-05-07,16P-B,retail,1,0,26,364.43,1.235354
2026-05-07,16P-C,retail,0,0,16,298.5,1.264836
2026-05-07,16P-D,retail,0,0,6,179.31,1.230142
2026-05-07,17-A,retail,0,0,14,551.1,1.452241
2026-05-07,17-B,retail,1,0,23,398.47,1.235354
2026-05-07,17-C,retail,0,0,6,326.39,1.264836
2026-05-07,17-D,retail,1,0,14,196.06,1.230142
2026-05-07,14-A,wholesale,0,0,10,157.87,
2026-05-07,14-B,wholesale,0,0,12,134.19,
2026-05-07,14-C,wholesale,4,0,14,107.35,
2026-05-07,14-D,wholesale,0,0,17,66.31,
2026-05-07,15-A,wholesale,2,0,16,208.84,
2026-05-07,15-B,wholesale,0,0,22,177.51,
2026-05-07,15-C,wholesale,6,0,19,142.01,
2026-05-07,15-D,wholesale,0,0,20,87.71,
2026-05-07,16P-A,wholesale,0,0,20,344.05,
2026-05-07,16P-B,wholesale,0,0,25,292.45,
2026-05-07,16P-C,wholesale,1,0,16,233.96,
2026-05-07,16P-D,wholesale,1,0,6,144.5,
2026-05-07,17-A,wholesale,0,0,14,376.2,
2026-05-07,17-B,wholesale,0,0,22,319.77,
2026-05-07,17-C,wholesale,1,0,6,255.82,
2026-05-07,17-D,wholesale,0,0,13,158.0,
2026-05-08,14-A,retail,1,0,10,227.72,1.430769
2026-05-08,14-B,retail,4,0,12,147.92,1.093396
2026-05-08,14-C,retail,1,0,10,143.15,1.322671
2026-05-08,14-D,retail,0,0,17,88.34,1.321485
2026-05-08,15-A,retail,0,0,14,301.23,1.430769
2026-05-08,15-B,retail,4,0,22,195.67,1.093396
2026-05-08,15-C,retail,0,0,13,189.36,1.322671
2026-05-08,15-D,retail,0,0,20,116.85,1.321485
2026-05-08,16P-A,retail,1,0,20,496.28,1.430769
2026-05-08,16P-B,retail,1,0,25,322.37,1.093396
2026-05-08,16P-C,retail,0,0,15,311.97,1.322671
2026-05-08,16P-D,retail,1,0,5,192.52,1.321485
2026-05-08,17-A,retail,0,0,14,542.65,1.430769
2026-05-08,17-B,retail,0,0,22,352.49,1.093396
2026-05-08,17-C,retail,0,0,5,341.12,1.322671
2026-05-08,17-D,retail,0,0,13,210.5,1.321485
2026-05-08,14-A,wholesale,0,0,9,157.78,
2026-05-08,14-B,wholesale,1,0,8,134.12,
2026-05-08,14-C,wholesale,0,0,9,107.29,
2026-05-08,14-D,wholesale,0,0,17,66.27,
2026-05-08,15-A,wholesale,0,0,14,208.72,
2026-05-08,15-B,wholesale,2,0,18,177.41,
2026-05-08,15-C,wholesale,1,0,13,141.93,
2026-05-08,15-D,wholesale,2,0,20,87.66,
2026-05-08,16P-A,wholesale,0,0,19,343.86,
2026-05-08,16P-B,wholesale,0,0,24,292.28,
2026-05-08,16P-C,wholesale,1,0,15,233.83,
2026-05-08,16P-D,wholesale,0,0,4,144.42,
2026-05-08,17-A,wholesale,0,0,14,375.99,
2026-05-08,17-B,wholesale,2,0,22,319.59,
2026-05-08,17-C,wholesale,0,0,5,255.67,
2026-05-08,17-D,wholesale,0,0,13,157.92,
2026-05-09,14-A,retail,1,0,9,194.29,1.221425
2026-05-09,14-B,retail,2,0,7,160.32,1.18572
2026-05-09,14-C,retail,0,0,9,144.96,1.340097
2026-05-09,14-D,retail,0,0,17,90.52,1.354834
2026-05-09,15-A,retail,0,0,14,257.02,1.221425
2026-05-09,15-B,retail,1,0,16,212.08,1.18572
2026-05-09,15-C,retail,1,0,12,191.75,1.340097
2026-05-09,15-D,retail,0,0,18,119.74,1.354834
2026-05-09,16P-A,retail,0,0,19,423.43,1.221425
2026-05-09,16P-B,retail,2,0,24,349.39,1.18572
2026-05-09,16P-C,retail,3,0,14,315.91,1.340097
2026-05-09,16P-D,retail,0,0,4,197.26,1.354834
2026-05-09,17-A,retail,0,0,14,462.99,1.221425
2026-05-09,17-B,retail,2,0,20,382.04,1.18572
2026-05-09,17-C,retail,0,0,5,345.42,1.340097
2026-05-09,17-D,retail,0,0,13,215.7,1.354834
2026-05-09,14-A,wholesale,1,0,8,157.7,
2026-05-09,14-B,wholesale,2,0,5,134.04,
2026-05-09,14-C,wholesale,1,0,9,107.23,
2026-05-09,14-D,wholesale,0,0,17,66.23,
2026-05-09,15-A,wholesale,2,0,14,208.6,
2026-05-09,15-B,wholesale,1,0,15,177.31,
2026-05-09,15-C,wholesale,0,0,11,141.85,
2026-05-09,15-D,wholesale,0,0,18,87.61,
2026-05-09,16P-A,wholesale,0,0,19,343.67,
2026-05-09,16P-B,wholesale,1,0,22,292.12,
2026-05-09,16P-C,wholesale,0,0,11,233.7,
2026-05-09,16P-D,wholesale,0,0,4,144.34,
2026-05-09,17-A,wholesale,0,0,14,375.78,
2026-05-09,17-B,wholesale,0,0,18,319.41,
2026-05-09,17-C,wholesale,0,0,5,255.53,
2026-05-09,17-D,wholesale,1,0,13,157.83,
2026-05-10,14-A,retail,2,0,7,215.04,1.352612
2026-05-10,14-B,retail,1,0,3,173.08,1.280793
2026-05-10,14-C,retail,1,0,8,132.45,1.225126
2026-05-10,14-D,retail,1,0,17,91.67,1.372893
2026-05-10,15-A,retail,1,0,12,284.46,1.352612
2026-05-10,15-B,retail,1,0,14,228.95,1.280793
2026-05-10,15-C,retail,1,0,11,175.2,1.225126
2026-05-10,15-D,retail,0,0,18,121.27,1.372893
2026-05-10,16P-A,retail,0,0,19,468.65,1.352612
2026-05-10,16P-B,retail,0,0,21,377.2,1.280793
2026-05-10,16P-C,retail,0,0,11,288.64,1.225126
2026-05-10,16P-D,retail,0,0,4,199.78,1.372893
2026-05-10,17-A,retail,0,0,14,512.43,1.352612
2026-05-10,17-B,retail,0,0,18,412.44,1.280793
2026-05-10,17-C,retail,0,0,5,315.61,1.225126
2026-05-10,17-D,retail,0,0,12,218.45,1.372893
2026-05-10,14-A,wholesale,0,0,5,157.61,
2026-05-10,14-B,wholesale,0,0,2,133.97,
2026-05-10,14-C,wholesale,1,0,7,107.17,
2026-05-10,14-D,wholesale,1,0,16,66.2,
2026-05-10,15-A,wholesale,1,0,11,208.49,
2026-05-10,15-B,wholesale,1,0,13,177.21,
2026-05-10,15-C,wholesale,0,0,10,141.77,
2026-05-10,15-D,wholesale,0,0,18,87.56,
2026-05-10,16P-A,wholesale,2,0,19,343.48,
2026-05-10,16P-B,wholesale,0,0,21,291.96,
2026-05-10,16P-C,wholesale,3,0,11,233.57,
2026-05-10,16P-D,wholesale,0,0,4,144.26,
2026-05-10,17-A,wholesale,0,0,14,375.57,
2026-05-10,17-B,wholesale,1,0,18,319.24,
2026-05-10,17-C,wholesale,0,0,5,255.39,
2026-05-10,17-D,wholesale,0,0,12,157.74,
2026-05-11,14-A,retail,0,0,5,255.52,1.60815
2026-05-11,14-B,retail,0,0,2,159.09,1.17791
2026-05-11,14-C,retail,0,0,6,137.05,1.268399
2026-05-11,14-D,retail,1,0,15,71.98,1.078608
2026-05-11,15-A,retail,0,0,10,338.01,1.60815
2026-05-11,15-B,retail,1,0,12,210.44,1.17791
2026-05-11,15-C,retail,1,0,10,181.29,1.268399
2026-05-11,15-D,retail,0,0,18,95.22,1.078608
2026-05-11,16P-A,retail,0,0,17,556.87,1.60815
2026-05-11,16P-B,retail,1,0,31,346.7,1.17791
2026-05-11,16P-C,retail,0,0,9,298.67,1.268399
2026-05-11,16P-D,retail,0,0,14,156.87,1.078608
2026-05-11,17-A,retail,0,0,14,608.9,1.60815
2026-05-11,17-B,retail,3,0,17,379.1,1.17791
2026-05-11,17-C,retail,0,0,6,326.58,1.268399
2026-05-11,17-D,retail,0,0,12,171.53,1.078608
2026-05-11,14-A,wholesale,0,0,5,157.52,
2026-05-11,14-B,wholesale,2,0,2,133.89,
2026-05-11,14-C,wholesale,1,0,6,107.11,
2026-05-11,14-D,wholesale,1,0,14,66.16,
2026-05-11,15-A,wholesale,0,0,10,208.37,
2026-05-11,15-B,wholesale,0,0,11,177.11,
2026-05-11,15-C,wholesale,4,0,9,141.69,
2026-05-11,15-D,wholesale,1,0,18,87.52,
2026-05-11,16P-A,wholesale,0,0,17,343.29,
2026-05-11,16P-B,wholesale,0,0,30,291.79,
2026-05-11,16P-C,wholesale,0,0,9,233.44,
2026-05-11,16P-D,wholesale,0,0,14,144.18,
2026-05-11,17-A,wholesale,0,0,14,375.36,
2026-05-11,17-B,wholesale,0,0,14,319.06,
2026-05-11,17-C,wholesale,0,0,6,255.25,
2026-05-11,17-D,wholesale,1,0,12,157.65,
2026-05-12,14-A,retail,0,0,5,191.1,1.203369
2026-05-12,14-B,retail,0,1,0,197.9,1.466093
2026-05-12,14-C,retail,1,0,5,134.65,1.246932
2026-05-12,14-D,retail,0,0,23,96.39,1.445123
2026-05-12,15-A,retail,1,0,10,252.79,1.203369
2026-05-12,15-B,retail,0,0,11,261.79,1.466093
2026-05-12,15-C,retail,0,0,6,178.12,1.246932
2026-05-12,15-D,retail,0,0,17,127.5,1.445123
2026-05-12,16P-A,retail,0,0,17,416.47,1.203369
2026-05-12,16P-B,retail,0,0,30,431.29,1.466093
2026-05-12,16P-C,retail,0,0,9,293.45,1.246932
2026-05-12,16P-D,retail,0,0,14,210.06,1.445123
2026-05-12,17-A,retail,0,0,14,455.38,1.203369
2026-05-12,17-B,retail,1,0,14,471.58,1.466093
2026-05-12,17-C,retail,0,0,6,320.87,1.246932
2026-05-12,17-D,retail,0,0,11,229.68,1.445123
2026-05-12,14-A,wholesale,1,0,5,157.43,
2026-05-12,14-B,wholesale,0,0,0,133.82,
2026-05-12,14-C,wholesale,1,0,4,107.05,
2026-05-12,14-D,wholesale,2,0,23,66.12,
2026-05-12,15-A,wholesale,0,0,9,208.25,
2026-05-12,15-B,wholesale,2,0,11,177.02,
2026-05-12,15-C,wholesale,0,0,6,141.61,
2026-05-12,15-D,wholesale,0,0,17,87.47,
2026-05-12,16P-A,wholesale,0,0,17,343.1,
2026-05-12,16P-B,wholesale,0,0,30,291.63,
2026-05-12,16P-C,wholesale,1,0,9,233.3,
2026-05-12,16P-D,wholesale,0,0,14,144.1,
2026-05-12,17-A,wholesale,0,0,14,375.15,
2026-05-12,17-B,wholesale,1,0,13,318.88,
2026-05-12,17-C,wholesale,2,0,6,255.1,
2026-05-12,17-D,wholesale,0,0,11,157.56,
2026-05-13,14-A,retail,2,0,14,199.42,1.256451
2026-05-13,14-B,retail,1,1,1,184.5,1.367589
2026-05-13,14-C,retail,0,0,3,162.04,1.501342
2026-05-13,14-D,retail,0,0,21,78.11,1.17178
2026-05-13,15-A,retail,2,0,19,263.8,1.256451
2026-05-13,15-B,retail,2,0,9,244.06,1.367589
2026-05-13,15-C,retail,1,0,6,214.34,1.501342
2026-05-13,15-D,retail,0,0,27,103.33,1.17178
2026-05-13,16P-A,retail,1,0,17,434.6,1.256451
2026-05-13,16P-B,retail,0,0,30,402.09,1.367589
2026-05-13,16P-C,retail,0,0,8,353.13,1.501342
2026-05-13,16P-D,retail,0,0,24,170.23,1.17178
2026-05-13,17-A,retail,0,0,24,475.2,1.256451
2026-05-13,17-B,retail,0,0,12,439.65,1.367589
2026-05-13,17-C,retail,0,0,15,386.12,1.501342
2026-05-13,17-D,retail,0,0,11,186.14,1.17178
2026-05-13,14-A,wholesale,0,0,12,157.34,
2026-05-13,14-B,wholesale,0,1,0,133.74,
2026-05-13,14-C,wholesale,1,0,3,106.99,
2026-05-13,14-D,wholesale,0,0,21,66.08,
2026-05-13,15-A,wholesale,0,0,17,208.14,
2026-05-13,15-B,wholesale,2,0,7,176.92,
2026-05-13,15-C,wholesale,1,0,5,141.53,
2026-05-13,15-D,wholesale,2,0,27,87.42,
2026-05-13,16P-A,wholesale,0,0,16,342.9,
2026-05-13,16P-B,wholesale,1,0,30,291.47,
2026-05-13,16P-C,wholesale,1,0,8,233.17,
2026-05-13,16P-D,wholesale,1,0,24,144.02,
2026-05-13,17-A,wholesale,0,0,24,374.94,
2026-05-13,17-B,wholesale,0,0,12,318.7,
2026-05-13,17-C,wholesale,1,0,15,254.96,
2026-05-13,17-D,wholesale,2,0,11,157.48,
2026-05-14,14-A,retail,2,0,12,171.61,1.08186
2026-05-14,14-B,retail,0,0,0,182.81,1.355854
2026-05-14,14-C,retail,0,0,2,142.62,1.322158
2026-05-14,14-D,retail,1,0,21,77.72,1.166501
2026-05-14,15-A,retail,4,0,17,227.01,1.08186
2026-05-14,15-B,retail,0,0,5,241.83,1.355854
2026-05-14,15-C,retail,0,0,4,188.66,1.322158
2026-05-14,15-D,retail,0,0,25,102.8,1.166501
2026-05-14,16P-A,retail,2,0,16,374.0,1.08186
2026-05-14,16P-B,retail,0,0,29,398.41,1.355854
2026-05-14,16P-C,retail,0,0,7,310.81,1.322158
2026-05-14,16P-D,retail,0,0,23,169.37,1.166501
2026-05-14,17-A,retail,0,0,24,408.94,1.08186
2026-05-14,17-B,retail,0,0,12,435.64,1.355854
2026-05-14,17-C,retail,0,0,14,339.85,1.322158
2026-05-14,17-D,retail,0,0,9,185.19,1.166501
2026-05-14,14-A,wholesale,0,0,10,157.26,
2026-05-14,14-B,wholesale,0,0,0,133.67,
2026-05-14,14-C,wholesale,2,1,2,106.93,
2026-05-14,14-D,wholesale,0,0,20,66.05,
2026-05-14,15-A,wholesale,1,0,13,208.02,
2026-05-14,15-B,wholesale,0,0,5,176.82,
2026-05-14,15-C,wholesale,2,0,4,141.45,
2026-05-14,15-D,wholesale,2,0,25,87.37,
2026-05-14,16P-A,wholesale,2,0,14,342.71,
2026-05-14,16P-B,wholesale,0,0,29,291.31,
2026-05-14,16P-C,wholesale,0,0,7,233.04,
2026-05-14,16P-D,wholesale,0,0,23,143.94,
2026-05-14,17-A,wholesale,0,0,24,374.73,
2026-05-14,17-B,wholesale,0,0,12,318.52,
2026-05-14,17-C,wholesale,0,0,14,254.82,
2026-05-14,17-D,wholesale,2,0,9,157.39,
2026-05-15,14-A,retail,4,0,10,180.04,1.135613
2026-05-15,14-B,retail,0,1,0,158.41,1.175517
2026-05-15,14-C,retail,0,0,0,137.4,1.274537
2026-05-15,14-D,retail,0,0,20,89.64,1.346232
2026-05-15,15-A,retail,0,0,12,238.16,1.135613
2026-05-15,15-B,retail,0,0,5,209.55,1.175517
2026-05-15,15-C,retail,1,0,2,181.76,1.274537
2026-05-15,15-D,retail,1,0,23,118.58,1.346232
2026-05-15,16P-A,retail,1,0,12,392.36,1.135613
2026-05-15,16P-B,retail,0,0,29,345.23,1.175517
2026-05-15,16P-C,retail,2,0,7,299.45,1.274537
2026-05-15,16P-D,retail,0,0,23,195.36,1.346232
2026-05-15,17-A,retail,1,0,24,429.02,1.135613
2026-05-15,17-B,retail,1,0,12,377.48,1.175517
2026-05-15,17-C,retail,0,0,14,327.42,1.274537
2026-05-15,17-D,retail,0,0,7,213.61,1.346232
2026-05-15,14-A,wholesale,0,0,6,157.17,
2026-05-15,14-B,wholesale,0,0,0,133.59,
2026-05-15,14-C,wholesale,0,0,0,106.87,
2026-05-15,14-D,wholesale,1,0,20,66.01,
2026-05-15,15-A,wholesale,1,0,12,207.91,
2026-05-15,15-B,wholesale,0,0,5,176.72,
2026-05-15,15-C,wholesale,0,0,1,141.38,
2026-05-15,15-D,wholesale,0,0,22,87.32,
2026-05-15,16P-A,wholesale,0,0,11,342.52,
2026-05-15,16P-B,wholesale,0,0,29,291.14,
2026-05-15,16P-C,wholesale,1,0,5,232.91,
2026-05-15,16P-D,wholesale,1,0,23,143.86,
2026-05-15,17-A,wholesale,0,0,23,374.52,
2026-05-15,17-B,wholesale,1,0,11,318.34,
2026-05-15,17-C,wholesale,0,0,14,254.68,
2026-05-15,17-D,wholesale,0,0,7,157.3,
2026-05-16,14-A,retail,1,0,6,196.88,1.242526
2026-05-16,14-B,retail,0,0,1,192.51,1.429361
2026-05-16,14-C,retail,0,0,0,131.84,1.223568
2026-05-16,14-D,retail,0,0,19,91.25,1.371192
2026-05-16,15-A,retail,2,0,11,260.44,1.242526
2026-05-16,15-B,retail,1,0,15,254.66,1.429361
2026-05-16,15-C,retail,2,0,11,174.39,1.223568
2026-05-16,15-D,retail,0,0,22,120.71,1.371192
2026-05-16,16P-A,retail,0,0,11,429.06,1.242526
2026-05-16,16P-B,retail,1,0,29,419.54,1.429361
2026-05-16,16P-C,retail,0,0,4,287.31,1.223568
2026-05-16,16P-D,retail,0,0,22,198.87,1.371192
2026-05-16,17-A,retail,0,0,23,469.15,1.242526
2026-05-16,17-B,retail,2,0,10,458.74,1.429361
2026-05-16,17-C,retail,2,0,14,314.16,1.223568
2026-05-16,17-D,retail,0,0,7,217.45,1.371192
2026-05-16,14-A,wholesale,0,0,5,157.08,
2026-05-16,14-B,wholesale,0,0,1,133.52,
2026-05-16,14-C,wholesale,0,0,0,106.81,
2026-05-16,14-D,wholesale,0,0,19,65.97,
2026-05-16,15-A,wholesale,0,0,9,207.79,
2026-05-16,15-B,wholesale,1,0,14,176.62,
2026-05-16,15-C,wholesale,3,0,9,141.3,
2026-05-16,15-D,wholesale,0,0,22,87.27,
2026-05-16,16P-A,wholesale,3,0,11,342.33,
2026-05-16,16P-B,wholesale,0,0,28,290.98,
2026-05-16,16P-C,wholesale,0,0,4,232.78,
2026-05-16,16P-D,wholesale,1,0,22,143.78,
2026-05-16,17-A,wholesale,0,0,23,374.31,
2026-05-16,17-B,wholesale,2,0,8,318.17,
2026-05-16,17-C,wholesale,5,0,12,254.53,
2026-05-16,17-D,wholesale,1,0,7,157.21,
2026-05-17,14-A,retail,2,0,5,202.63,1.279511
2026-05-17,14-B,retail,0,0,1,194.92,1.448024
2026-05-17,14-C,retail,0,0,0,135.95,1.262481
2026-05-17,14-D,retail,0,0,19,91.2,1.371181
2026-05-17,15-A,retail,0,0,9,268.04,1.279511
2026-05-17,15-B,retail,0,0,13,257.84,1.448024
2026-05-17,15-C,retail,0,0,6,179.84,1.262481
2026-05-17,15-D,retail,2,0,22,120.64,1.371181
2026-05-17,16P-A,retail,0,0,8,441.59,1.279511
2026-05-17,16P-B,retail,0,0,29,424.78,1.448024
2026-05-17,16P-C,retail,0,0,4,296.28,1.262481
2026-05-17,16P-D,retail,0,0,21,198.75,1.371181
2026-05-17,17-A,retail,1,0,23,482.85,1.279511
2026-05-17,17-B,retail,1,0,6,464.47,1.448024
2026-05-17,17-C,retail,0,0,7,323.97,1.262481
2026-05-17,17-D,retail,0,0,6,217.32,1.371181
2026-05-17,14-A,wholesale,2,0,3,156.99,
2026-05-17,14-B,wholesale,0,0,1,133.44,
2026-05-17,14-C,wholesale,0,0,0,106.76,
2026-05-17,14-D,wholesale,1,0,19,65.94,
2026-05-17,15-A,wholesale,0,0,9,207.67,
2026-05-17,15-B,wholesale,1,0,13,176.52,
2026-05-17,15-C,wholesale,0,0,6,141.22,
2026-05-17,15-D,wholesale,0,0,20,87.22,
2026-05-17,16P-A,wholesale,0,0,8,342.14,
2026-05-17,16P-B,wholesale,0,0,29,290.82,
2026-05-17,16P-C,wholesale,1,0,4,232.65,
2026-05-17,16P-D,wholesale,0,0,21,143.7,
2026-05-17,17-A,wholesale,0,0,22,374.11,
2026-05-17,17-B,wholesale,2,0,5,317.99,
2026-05-17,17-C,wholesale,0,0,7,254.39,
2026-05-17,17-D,wholesale,1,0,6,157.12,
2026-05-18,14-A,retail,1,0,1,205.01,1.295273
2026-05-18,14-B,retail,0,0,1,183.62,1.364874
2026-05-18,14-C,retail,0,0,0,134.16,1.246578
2026-05-18,14-D,retail,0,0,18,83.44,1.255156
2026-05-18,15-A,retail,0,0,19,271.19,1.295273
2026-05-18,15-B,retail,0,0,12,242.9,1.364874
2026-05-18,15-C,retail,0,0,21,177.48,1.246578
2026-05-18,15-D,retail,0,0,20,110.37,1.255156
2026-05-18,16P-A,retail,0,0,18,446.78,1.295273
2026-05-18,16P-B,retail,0,0,29,400.17,1.364874
2026-05-18,16P-C,retail,0,0,13,292.39,1.246578
2026-05-18,16P-D,retail,1,0,21,181.84,1.255156
2026-05-18,17-A,retail,1,0,22,488.52,1.295273
2026-05-18,17-B,retail,0,0,3,437.56,1.364874
2026-05-18,17-C,retail,1,0,7,319.71,1.246578
2026-05-18,17-D,retail,0,0,5,198.82,1.255156
2026-05-18,14-A,wholesale,0,0,0,156.91,
2026-05-18,14-B,wholesale,1,0,1,133.37,
2026-05-18,14-C,wholesale,0,1,0,106.7,
2026-05-18,14-D,wholesale,2,0,18,65.9,
2026-05-18,15-A,wholesale,0,0,19,207.56,
2026-05-18,15-B,wholesale,1,0,12,176.42,
2026-05-18,15-C,wholesale,1,0,21,141.14,
2026-05-18,15-D,wholesale,1,0,20,87.17,
2026-05-18,16P-A,wholesale,0,0,18,341.95,
2026-05-18,16P-B,wholesale,2,0,29,290.66,
2026-05-18,16P-C,wholesale,0,0,13,232.52,
2026-05-18,16P-D,wholesale,6,0,20,143.62,
2026-05-18,17-A,wholesale,0,0,21,373.9,
2026-05-18,17-B,wholesale,1,0,3,317.81,
2026-05-18,17-C,wholesale,0,0,6,254.25,
2026-05-18,17-D,wholesale,0,0,5,157.04,
2026-05-19,14-A,retail,0,0,0,188.66,1.192679
2026-05-19,14-B,retail,0,1,0,152.27,1.132448
2026-05-19,14-C,retail,0,0,0,158.59,1.474346
2026-05-19,14-D,retail,0,0,16,91.25,1.373502
2026-05-19,15-A,retail,1,0,19,249.57,1.192679
2026-05-19,15-B,retail,4,0,11,201.42,1.132448
2026-05-19,15-C,retail,0,0,20,209.79,1.474346
2026-05-19,15-D,retail,0,0,19,120.71,1.373502
2026-05-19,16P-A,retail,0,0,18,411.16,1.192679
2026-05-19,16P-B,retail,3,0,27,331.84,1.132448
2026-05-19,16P-C,retail,2,0,13,345.62,1.474346
2026-05-19,16P-D,retail,1,0,14,198.87,1.373502
2026-05-19,17-A,retail,0,0,21,449.58,1.192679
2026-05-19,17-B,retail,0,0,2,362.84,1.132448
2026-05-19,17-C,retail,0,0,6,377.91,1.474346
2026-05-19,17-D,retail,1,0,5,217.45,1.373502
2026-05-19,14-A,wholesale,0,0,0,156.82,
2026-05-19,14-B,wholesale,0,0,0,133.3,
2026-05-19,14-C,wholesale,0,0,0,106.64,
2026-05-19,14-D,wholesale,1,0,16,65.86,
2026-05-19,15-A,wholesale,0,0,18,207.44,
2026-05-19,15-B,wholesale,0,0,7,176.33,
2026-05-19,15-C,wholesale,2,0,20,141.06,
2026-05-19,15-D,wholesale,0,0,19,87.13,
2026-05-19,16P-A,wholesale,0,0,18,341.76,
2026-05-19,16P-B,wholesale,0,0,24,290.49,
2026-05-19,16P-C,wholesale,0,0,11,232.39,
2026-05-19,16P-D,wholesale,1,0,13,143.54,
2026-05-19,17-A,wholesale,0,0,21,373.69,
2026-05-19,17-B,wholesale,1,0,2,317.63,
2026-05-19,17-C,wholesale,1,0,6,254.11,
2026-05-19,17-D,wholesale,0,0,4,156.95,
2026-05-20,14-A,retail,0,0,0,202.42,1.280344
2026-05-20,14-B,retail,0,0,25,169.07,1.258114
2026-05-20,14-C,retail,0,0,11,144.78,1.346719
2026-05-20,14-D,retail,0,0,15,89.96,1.354836
2026-05-20,15-A,retail,0,0,18,267.76,1.280344
2026-05-20,15-B,retail,2,0,7,223.65,1.258114
2026-05-20,15-C,retail,0,0,18,191.52,1.346719
2026-05-20,15-D,retail,1,0,19,119.0,1.354836
2026-05-20,16P-A,retail,0,0,18,441.14,1.280344
2026-05-20,16P-B,retail,0,0,24,368.46,1.258114
2026-05-20,16P-C,retail,1,0,11,315.52,1.346719
2026-05-20,16P-D,retail,0,0,12,196.06,1.354836
2026-05-20,17-A,retail,0,0,21,482.35,1.280344
2026-05-20,17-B,retail,1,0,1,402.88,1.258114
2026-05-20,17-C,retail,0,0,5,345.0,1.346719
2026-05-20,17-D,retail,0,0,14,214.37,1.354836
2026-05-20,14-A,wholesale,0,0,0,156.73,
2026-05-20,14-B,wholesale,0,0,25,133.22,
2026-05-20,14-C,wholesale,0,0,11,106.58,
2026-05-20,14-D,wholesale,0,0,15,65.83,
2026-05-20,15-A,wholesale,0,0,18,207.33,
2026-05-20,15-B,wholesale,0,0,5,176.23,
2026-05-20,15-C,wholesale,2,0,18,140.98,
2026-05-20,15-D,wholesale,0,0,18,87.08,
2026-05-20,16P-A,wholesale,0,0,18,341.57,
2026-05-20,16P-B,wholesale,0,0,24,290.33,
2026-05-20,16P-C,wholesale,1,0,10,232.26,
2026-05-20,16P-D,wholesale,1,0,12,143.46,
2026-05-20,17-A,wholesale,0,0,21,373.48,
2026-05-20,17-B,wholesale,0,0,0,317.46,
2026-05-20,17-C,wholesale,0,0,5,253.97,
2026-05-20,17-D,wholesale,0,0,14,156.86,
2026-05-21,14-A,retail,0,0,10,220.61,1.396169
2026-05-21,14-B,retail,0,0,35,188.28,1.401885
2026-05-21,14-C,retail,2,0,11,135.63,1.262339
2026-05-21,14-D,retail,0,0,15,65.98,0.994169
2026-05-21,15-A,retail,0,0,18,291.82,1.396169
2026-05-21,15-B,retail,0,0,5,249.07,1.401885
2026-05-21,15-C,retail,0,0,16,179.42,1.262339
2026-05-21,15-D,retail,0,0,18,87.28,0.994169
2026-05-21,16P-A,retail,1,0,18,480.77,1.396169
2026-05-21,16P-B,retail,0,0,24,410.33,1.401885
2026-05-21,16P-C,retail,1,0,9,295.59,1.262339
2026-05-21,16P-D,retail,0,0,11,143.78,0.994169
2026-05-21,17-A,retail,0,0,21,525.69,1.396169
2026-05-21,17-B,retail,0,0,15,448.67,1.401885
2026-05-21,17-C,retail,1,0,5,323.21,1.262339
2026-05-21,17-D,retail,0,0,14,157.22,0.994169
2026-05-21,14-A,wholesale,0,0,10,156.64,
2026-05-21,14-B,wholesale,2,0,35,133.15,
2026-05-21,14-C,wholesale,3,0,9,106.52,
2026-05-21,14-D,wholesale,1,0,15,65.79,
2026-05-21,15-A,wholesale,0,0,18,207.21,
2026-05-21,15-B,wholesale,4,0,5,176.13,
2026-05-21,15-C,wholesale,5,0,16,140.9,
2026-05-21,15-D,wholesale,0,0,18,87.03,
2026-05-21,16P-A,wholesale,1,0,17,341.38,
2026-05-21,16P-B,wholesale,1,0,24,290.17,
2026-05-21,16P-C,wholesale,1,0,8,232.14,
2026-05-21,16P-D,wholesale,0,0,11,143.38,
2026-05-21,17-A,wholesale,1,0,21,373.27,
2026-05-21,17-B,wholesale,2,0,15,317.28,
2026-05-21,17-C,wholesale,0,0,4,253.82,
2026-05-21,17-D,wholesale,0,0,14,156.77,
2026-05-22,14-A,retail,1,0,11,190.54,1.206527
2026-05-22,14-B,retail,1,0,33,139.49,1.039202
2026-05-22,14-C,retail,0,0,6,144.89,1.349252
2026-05-22,14-D,retail,0,0,14,111.05,1.674302
2026-05-22,15-A,retail,0,0,18,252.04,1.206527
2026-05-22,15-B,retail,1,1,1,184.53,1.039202
2026-05-22,15-C,retail,0,0,11,191.66,1.349252
2026-05-22,15-D,retail,0,0,18,146.9,1.674302
2026-05-22,16P-A,retail,1,0,16,415.24,1.206527
2026-05-22,16P-B,retail,1,0,23,304.0,1.039202
2026-05-22,16P-C,retail,0,0,7,315.76,1.349252
2026-05-22,16P-D,retail,0,0,11,242.02,1.674302
2026-05-22,17-A,retail,2,0,20,454.03,1.206527
2026-05-22,17-B,retail,5,0,13,332.41,1.039202
2026-05-22,17-C,retail,0,0,4,345.27,1.349252
2026-05-22,17-D,retail,0,0,14,264.63,1.674302
2026-05-22,14-A,wholesale,0,0,10,156.56,
2026-05-22,14-B,wholesale,1,0,32,133.07,
2026-05-22,14-C,wholesale,0,0,6,106.46,
2026-05-22,14-D,wholesale,1,0,14,65.75,
2026-05-22,15-A,wholesale,0,0,18,207.09,
2026-05-22,15-B,wholesale,0,0,0,176.03,
2026-05-22,15-C,wholesale,4,0,11,140.82,
2026-05-22,15-D,wholesale,4,0,18,86.98,
2026-05-22,16P-A,wholesale,0,0,15,341.18,
2026-05-22,16P-B,wholesale,0,0,22,290.01,
2026-05-22,16P-C,wholesale,0,0,7,232.01,
2026-05-22,16P-D,wholesale,5,0,11,143.3,
2026-05-22,17-A,wholesale,0,0,18,373.06,
2026-05-22,17-B,wholesale,0,0,8,317.1,
2026-05-22,17-C,wholesale,0,0,4,253.68,
2026-05-22,17-D,wholesale,0,0,14,156.69,
2026-05-23,14-A,retail,0,0,10,211.09,1.337402
2026-05-23,14-B,retail,0,0,31,193.7,1.443815
2026-05-23,14-C,retail,1,0,6,149.37,1.391718
2026-05-23,14-D,retail,0,0,13,97.22,1.466657
2026-05-23,15-A,retail,0,0,18,279.23,1.337402
2026-05-23,15-B,retail,0,1,0,256.23,1.443815
2026-05-23,15-C,retail,1,0,7,197.59,1.391718
2026-05-23,15-D,retail,1,0,14,128.61,1.466657
2026-05-23,16P-A,retail,0,0,15,460.02,1.337402
2026-05-23,16P-B,retail,3,0,32,422.13,1.443815
2026-05-23,16P-C,retail,2,0,7,325.52,1.391718
2026-05-23,16P-D,retail,0,0,6,211.88,1.466657
2026-05-23,17-A,retail,0,0,18,503.0,1.337402
2026-05-23,17-B,retail,0,0,8,461.57,1.443815
2026-05-23,17-C,retail,0,0,4,355.93,1.391718
2026-05-23,17-D,retail,0,0,14,231.68,1.466657
2026-05-23,14-A,wholesale,0,0,10,156.47,
2026-05-23,14-B,wholesale,0,0,31,133.0,
2026-05-23,14-C,wholesale,0,0,5,106.4,
2026-05-23,14-D,wholesale,0,0,13,65.72,
2026-05-23,15-A,wholesale,0,0,18,206.98,
2026-05-23,15-B,wholesale,0,0,0,175.93,
2026-05-23,15-C,wholesale,3,0,6,140.75,
2026-05-23,15-D,wholesale,0,0,13,86.93,
2026-05-23,16P-A,wholesale,0,0,15,340.99,
2026-05-23,16P-B,wholesale,2,0,29,289.85,
2026-05-23,16P-C,wholesale,1,0,5,231.88,
2026-05-23,16P-D,wholesale,1,0,6,143.22,
2026-05-23,17-A,wholesale,0,0,18,372.85,
2026-05-23,17-B,wholesale,2,0,8,316.93,
2026-05-23,17-C,wholesale,0,0,4,253.54,
2026-05-23,17-D,wholesale,1,0,14,156.6,
2026-05-24,14-A,retail,2,0,10,230.91,1.463839
2026-05-24,14-B,retail,1,0,31,181.06,1.350373
2026-05-24,14-C,retail,0,0,5,124.88,1.164205
2026-05-24,14-D,retail,0,0,13,85.71,1.293637
2026-05-24,15-A,retail,1,0,18,305.46,1.463839
2026-05-24,15-B,retail,0,1,0,239.51,1.350373
2026-05-24,15-C,retail,1,0,3,165.19,1.164205
2026-05-24,15-D,retail,0,0,13,113.37,1.293637
2026-05-24,16P-A,retail,0,0,15,503.23,1.463839
2026-05-24,16P-B,retail,1,0,27,394.59,1.350373
2026-05-24,16P-C,retail,0,0,4,272.15,1.164205
2026-05-24,16P-D,retail,0,0,15,186.78,1.293637
2026-05-24,17-A,retail,2,0,18,550.25,1.463839
2026-05-24,17-B,retail,2,0,6,431.46,1.350373
2026-05-24,17-C,retail,0,0,4,297.58,1.164205
2026-05-24,17-D,retail,0,0,13,204.23,1.293637
2026-05-24,14-A,wholesale,0,0,8,156.38,
2026-05-24,14-B,wholesale,0,0,30,132.92,
2026-05-24,14-C,wholesale,2,0,5,106.34,
2026-05-24,14-D,wholesale,1,0,13,65.68,
2026-05-24,15-A,wholesale,0,0,17,206.86,
2026-05-24,15-B,wholesale,0,1,0,175.83,
2026-05-24,15-C,wholesale,0,0,2,140.67,
2026-05-24,15-D,wholesale,0,0,13,86.88,
2026-05-24,16P-A,wholesale,0,0,15,340.8,
2026-05-24,16P-B,wholesale,0,0,26,289.68,
2026-05-24,16P-C,wholesale,3,0,4,231.75,
2026-05-24,16P-D,wholesale,0,0,15,143.14,
2026-05-24,17-A,wholesale,2,0,16,372.65,
2026-05-24,17-B,wholesale,0,0,4,316.75,
2026-05-24,17-C,wholesale,0,0,4,253.4,
2026-05-24,17-D,wholesale,0,0,13,156.51,
2026-05-25,14-A,retail,2,0,8,175.36,1.112288
2026-05-25,14-B,retail,0,0,30,169.96,1.268276
2026-05-25,14-C,retail,1,0,13,105.94,0.988153
2026-05-25,14-D,retail,0,0,12,70.98,1.071914
2026-05-25,15-A,retail,0,0,17,231.97,1.112288
2026-05-25,15-B,retail,0,0,0,224.82,1.268276
2026-05-25,15-C,retail,0,0,2,140.13,0.988153
2026-05-25,15-D,retail,0,0,13,93.89,1.071914
2026-05-25,16P-A,retail,2,0,15,382.16,1.112288
2026-05-25,16P-B,retail,1,0,26,370.4,1.268276
2026-05-25,16P-C,retail,0,0,2,230.87,0.988153
2026-05-25,16P-D,retail,0,0,15,154.68,1.071914
2026-05-25,17-A,retail,1,0,14,417.87,1.112288
2026-05-25,17-B,retail,0,0,4,405.0,1.268276
2026-05-25,17-C,retail,0,0,14,252.44,0.988153
2026-05-25,17-D,retail,0,0,13,169.14,1.071914
2026-05-25,14-A,wholesale,0,0,6,156.29,
2026-05-25,14-B,wholesale,2,0,30,132.85,
2026-05-25,14-C,wholesale,0,0,12,106.28,
2026-05-25,14-D,wholesale,0,0,12,65.64,
2026-05-25,15-A,wholesale,0,0,17,206.75,
2026-05-25,15-B,wholesale,0,0,0,175.74,
2026-05-25,15-C,wholesale,1,0,2,140.59,
2026-05-25,15-D,wholesale,0,0,13,86.83,
2026-05-25,16P-A,wholesale,0,0,13,340.61,
2026-05-25,16P-B,wholesale,2,0,25,289.52,
2026-05-25,16P-C,wholesale,0,0,2,231.62,
2026-05-25,16P-D,wholesale,2,0,15,143.06,
2026-05-25,17-A,wholesale,0,0,13,372.44,
2026-05-25,17-B,wholesale,0,0,4,316.57,
2026-05-25,17-C,wholesale,1,0,14,253.26,
2026-05-25,17-D,wholesale,0,0,13,156.42,
2026-05-26,14-A,retail,0,0,6,190.03,1.206044
2026-05-26,14-B,retail,0,0,28,193.96,1.448216
2026-05-26,14-C,retail,0,0,12,166.19,1.551013
2026-05-26,14-D,retail,1,0,12,88.47,1.336838
2026-05-26,15-A,retail,1,0,27,251.38,1.206044
2026-05-26,15-B,retail,0,1,0,256.58,1.448216
2026-05-26,15-C,retail,0,0,1,219.83,1.551013
2026-05-26,15-D,retail,0,0,13,117.03,1.336838
2026-05-26,16P-A,retail,1,0,13,414.15,1.206044
2026-05-26,16P-B,retail,0,0,23,422.71,1.448216
2026-05-26,16P-C,retail,1,0,2,362.17,1.551013
2026-05-26,16P-D,retail,0,0,13,192.81,1.336838
2026-05-26,17-A,retail,1,0,13,452.84,1.206044
2026-05-26,17-B,retail,0,0,5,462.2,1.448216
2026-05-26,17-C,retail,0,0,23,396.01,1.551013
2026-05-26,17-D,retail,0,0,13,210.82,1.336838
2026-05-26,14-A,wholesale,2,0,6,156.21,
2026-05-26,14-B,wholesale,1,0,28,132.78,
2026-05-26,14-C,wholesale,0,0,12,106.22,
2026-05-26,14-D,wholesale,1,0,11,65.61,
2026-05-26,15-A,wholesale,0,0,26,206.63,
2026-05-26,15-B,wholesale,0,1,0,175.64,
2026-05-26,15-C,wholesale,1,0,1,140.51,
2026-05-26,15-D,wholesale,2,0,13,86.79,
2026-05-26,16P-A,wholesale,1,0,12,340.42,
2026-05-26,16P-B,wholesale,0,0,23,289.36,
2026-05-26,16P-C,wholesale,1,1,1,231.49,
2026-05-26,16P-D,wholesale,0,0,13,142.98,
2026-05-26,17-A,wholesale,0,0,12,372.23,
2026-05-26,17-B,wholesale,0,0,5,316.4,
2026-05-26,17-C,wholesale,0,0,23,253.12,
2026-05-26,17-D,wholesale,0,0,13,156.34,
2026-05-27,14-A,retail,0,0,4,221.39,1.405808
2026-05-27,14-B,retail,0,0,27,174.88,1.306422
2026-05-27,14-C,retail,0,0,12,143.72,1.342095
2026-05-27,14-D,retail,0,0,10,85.21,1.288284
2026-05-27,15-A,retail,0,0,26,292.85,1.405808
2026-05-27,15-B,retail,0,0,10,231.33,1.306422
2026-05-27,15-C,retail,0,0,10,190.12,1.342095
2026-05-27,15-D,retail,0,0,13,112.72,1.288284
2026-05-27,16P-A,retail,0,0,11,482.47,1.405808
2026-05-27,16P-B,retail,0,0,23,381.11,1.306422
2026-05-27,16P-C,retail,0,0,10,313.21,1.342095
2026-05-27,16P-D,retail,0,0,13,185.7,1.288284
2026-05-27,17-A,retail,0,0,12,527.55,1.405808
2026-05-27,17-B,retail,1,0,15,416.72,1.306422
2026-05-27,17-C,retail,1,0,23,342.48,1.342095
2026-05-27,17-D,retail,0,0,13,203.05,1.288284
2026-05-27,14-A,wholesale,0,0,4,156.12,
2026-05-27,14-B,wholesale,0,0,27,132.7,
2026-05-27,14-C,wholesale,1,0,12,106.16,
2026-05-27,14-D,wholesale,1,0,10,65.57,
2026-05-27,15-A,wholesale,0,0,26,206.52,
2026-05-27,15-B,wholesale,0,0,10,175.54,
2026-05-27,15-C,wholesale,0,0,10,140.43,
2026-05-27,15-D,wholesale,1,0,13,86.74,
2026-05-27,16P-A,wholesale,0,0,11,340.23,
2026-05-27,16P-B,wholesale,1,0,23,289.2,
2026-05-27,16P-C,wholesale,2,0,10,231.36,
2026-05-27,16P-D,wholesale,0,0,13,142.9,
2026-05-27,17-A,wholesale,0,0,12,372.02,
2026-05-27,17-B,wholesale,1,0,14,316.22,
2026-05-27,17-C,wholesale,0,0,22,252.97,
2026-05-27,17-D,wholesale,3,0,13,156.25,
2026-05-28,14-A,retail,0,0,20,215.24,1.367532
2026-05-28,14-B,retail,0,0,27,182.89,1.367091
2026-05-28,14-C,retail,1,0,11,141.71,1.324046
2026-05-28,14-D,retail,0,0,9,87.98,1.330844
2026-05-28,15-A,retail,1,0,26,284.72,1.367532
2026-05-28,15-B,retail,2,0,30,241.94,1.367091
2026-05-28,15-C,retail,0,0,10,187.45,1.324046
2026-05-28,15-D,retail,0,0,12,116.38,1.330844
2026-05-28,16P-A,retail,3,0,21,469.08,1.367532
2026-05-28,16P-B,retail,1,0,22,398.59,1.367091
2026-05-28,16P-C,retail,1,0,8,308.83,1.324046
2026-05-28,16P-D,retail,0,0,13,191.73,1.330844
2026-05-28,17-A,retail,1,0,12,512.9,1.367532
2026-05-28,17-B,retail,1,0,13,435.83,1.367091
2026-05-28,17-C,retail,1,0,22,337.68,1.324046
2026-05-28,17-D,retail,0,0,10,209.64,1.330844
2026-05-28,14-A,wholesale,0,0,20,156.03,
2026-05-28,14-B,wholesale,1,0,27,132.63,
2026-05-28,14-C,wholesale,0,0,10,106.1,
2026-05-28,14-D,wholesale,0,0,9,65.53,
2026-05-28,15-A,wholesale,0,0,25,206.4,
2026-05-28,15-B,wholesale,0,0,28,175.44,
2026-05-28,15-C,wholesale,0,0,10,140.35,
2026-05-28,15-D,wholesale,1,0,12,86.69,
2026-05-28,16P-A,wholesale,0,0,18,340.04,
2026-05-28,16P-B,wholesale,0,0,21,289.04,
2026-05-28,16P-C,wholesale,3,0,7,231.23,
2026-05-28,16P-D,wholesale,2,0,13,142.82,
2026-05-28,17-A,wholesale,0,0,11,371.81,
2026-05-28,17-B,wholesale,0,0,12,316.04,
2026-05-28,17-C,wholesale,1,0,21,252.83,
2026-05-28,17-D,wholesale,0,0,10,156.16,
2026-05-29,14-A,retail,2,0,20,197.42,1.254989
2026-05-29,14-B,retail,1,0,36,182.11,1.361966
2026-05-29,14-C,retail,0,0,10,133.04,1.243755
2026-05-29,14-D,retail,0,0,9,87.94,1.331023
2026-05-29,15-A,retail,1,0,25,261.14,1.254989
2026-05-29,15-B,retail,0,0,28,240.89,1.361966
2026-05-29,15-C,retail,0,0,10,175.99,1.243755
2026-05-29,15-D,retail,0,0,11,116.33,1.331023
2026-05-29,16P-A,retail,0,0,18,430.23,1.254989
2026-05-29,16P-B,retail,0,0,21,396.87,1.361966
2026-05-29,16P-C,retail,1,0,4,289.94,1.243755
2026-05-29,16P-D,retail,0,0,11,191.64,1.331023
2026-05-29,17-A,retail,0,0,11,470.43,1.254989
2026-05-29,17-B,retail,0,0,12,433.95,1.361966
2026-05-29,17-C,retail,2,0,20,317.03,1.243755
2026-05-29,17-D,retail,0,0,10,209.55,1.331023
2026-05-29,14-A,wholesale,0,0,18,155.94,
2026-05-29,14-B,wholesale,0,0,35,132.55,
2026-05-29,14-C,wholesale,2,0,10,106.04,
2026-05-29,14-D,wholesale,1,0,9,65.5,
2026-05-29,15-A,wholesale,0,0,24,206.29,
2026-05-29,15-B,wholesale,0,0,28,175.34,
2026-05-29,15-C,wholesale,3,0,10,140.27,
2026-05-29,15-D,wholesale,0,0,11,86.64,
2026-05-29,16P-A,wholesale,0,0,18,339.85,
2026-05-29,16P-B,wholesale,0,0,21,288.88,
2026-05-29,16P-C,wholesale,0,0,3,231.1,
2026-05-29,16P-D,wholesale,0,0,11,142.74,
2026-05-29,17-A,wholesale,0,0,11,371.61,
2026-05-29,17-B,wholesale,0,0,12,315.87,
2026-05-29,17-C,wholesale,0,0,18,252.69,
2026-05-29,17-D,wholesale,1,0,10,156.07,
2026-05-30,14-A,retail,0,0,18,219.95,1.399042
2026-05-30,14-B,retail,0,0,35,192.31,1.439098
2026-05-30,14-C,retail,0,0,18,133.04,1.244459
2026-05-30,14-D,retail,0,0,8,84.24,1.275726
2026-05-30,15-A,retail,1,0,24,290.96,1.399042
2026-05-30,15-B,retail,0,0,28,254.39,1.439098
2026-05-30,15-C,retail,0,0,7,175.99,1.244459
2026-05-30,15-D,retail,0,0,11,111.43,1.275726
2026-05-30,16P-A,retail,0,0,18,479.35,1.399042
2026-05-30,16P-B,retail,1,0,21,419.11,1.439098
2026-05-30,16P-C,retail,0,0,13,289.94,1.244459
2026-05-30,16P-D,retail,0,0,11,183.58,1.275726
2026-05-30,17-A,retail,1,0,11,524.13,1.399042
2026-05-30,17-B,retail,0,0,12,458.27,1.439098
2026-05-30,17-C,retail,1,0,18,317.03,1.244459
2026-05-30,17-D,retail,2,0,9,200.73,1.275726
2026-05-30,14-A,wholesale,0,0,18,155.86,
2026-05-30,14-B,wholesale,1,0,35,132.48,
2026-05-30,14-C,wholesale,0,0,18,105.98,
2026-05-30,14-D,wholesale,1,0,8,65.46,
2026-05-30,15-A,wholesale,1,0,23,206.17,
2026-05-30,15-B,wholesale,0,0,28,175.25,
2026-05-30,15-C,wholesale,0,0,7,140.2,
2026-05-30,15-D,wholesale,0,0,11,86.59,
2026-05-30,16P-A,wholesale,0,0,18,339.66,
2026-05-30,16P-B,wholesale,0,0,20,288.71,
2026-05-30,16P-C,wholesale,0,0,13,230.97,
2026-05-30,16P-D,wholesale,1,0,11,142.66,
2026-05-30,17-A,wholesale,0,0,10,371.4,
2026-05-30,17-B,wholesale,0,0,12,315.69,
2026-05-30,17-C,wholesale,0,0,17,252.55,
2026-05-30,17-D,wholesale,0,0,7,155.99,
2026-05-31,14-A,retail,0,0,18,221.64,1.410534
2026-05-31,14-B,retail,0,0,34,180.84,1.353976
2026-05-31,14-C,retail,0,0,28,151.88,1.421418
2026-05-31,14-D,retail,0,0,7,71.93,1.090009
2026-05-31,15-A,retail,1,0,22,293.18,1.410534
2026-05-31,15-B,retail,0,0,28,239.21,1.353976
2026-05-31,15-C,retail,0,0,7,200.9,1.421418
2026-05-31,15-D,retail,0,0,21,95.16,1.090009
2026-05-31,16P-A,retail,0,0,18,483.02,1.410534
2026-05-31,16P-B,retail,1,0,20,394.1,1.353976
2026-05-31,16P-C,retail,1,0,13,330.98,1.421418
2026-05-31,16P-D,retail,0,0,10,156.77,1.090009
2026-05-31,17-A,retail,1,0,10,528.14,1.410534
2026-05-31,17-B,retail,1,0,12,430.92,1.353976
2026-05-31,17-C,retail,0,0,18,361.91,1.421418
2026-05-31,17-D,retail,0,0,7,171.41,1.090009
2026-05-31,14-A,wholesale,1,0,18,155.77,
2026-05-31,14-B,wholesale,1,0,34,132.4,
2026-05-31,14-C,wholesale,0,0,28,105.92,
2026-05-31,14-D,wholesale,0,0,7,65.42,
2026-05-31,15-A,wholesale,0,0,21,206.06,
2026-05-31,15-B,wholesale,1,0,28,175.15,
2026-05-31,15-C,wholesale,0,0,7,140.12,
2026-05-31,15-D,wholesale,1,0,21,86.54,
2026-05-31,16P-A,wholesale,1,0,18,339.47,
2026-05-31,16P-B,wholesale,0,0,19,288.55,
2026-05-31,16P-C,wholesale,0,0,12,230.84,
2026-05-31,16P-D,wholesale,2,0,10,142.58,
2026-05-31,17-A,wholesale,0,0,9,371.19,
2026-05-31,17-B,wholesale,0,0,11,315.51,
2026-05-31,17-C,wholesale,0,0,18,252.41,
2026-05-31,17-D,wholesale,0,0,7,155.9,
2026-06-01,14-A,retail,1,0,17,208.12,1.325285
2026-06-01,14-B,retail,2,0,33,196.25,1.4702
2026-06-01,14-C,retail,0,0,28,141.98,1.329564
2026-06-01,14-D,retail,0,0,7,84.64,1.283264
2026-06-01,15-A,retail,0,0,21,275.31,1.325285
2026-06-01,15-B,retail,0,0,27,259.6,1.4702
2026-06-01,15-C,retail,1,0,7,187.82,1.329564
2026-06-01,15-D,retail,2,0,20,111.96,1.283264
2026-06-01,16P-A,retail,0,0,17,453.57,1.325285
2026-06-01,16P-B,retail,0,0,19,427.69,1.4702
2026-06-01,16P-C,retail,0,0,12,309.42,1.329564
2026-06-01,16P-D,retail,0,0,8,184.46,1.283264
2026-06-01,17-A,retail,0,0,9,495.95,1.325285
2026-06-01,17-B,retail,0,0,11,467.65,1.4702
2026-06-01,17-C,retail,0,0,18,338.33,1.329564
2026-06-01,17-D,retail,0,0,8,201.69,1.283264
2026-06-01,14-A,wholesale,0,0,16,155.68,
2026-06-01,14-B,wholesale,0,0,31,132.33,
2026-06-01,14-C,wholesale,0,0,28,105.86,
2026-06-01,14-D,wholesale,0,0,7,65.39,
2026-06-01,15-A,wholesale,1,0,21,205.94,
2026-06-01,15-B,wholesale,0,0,27,175.05,
2026-06-01,15-C,wholesale,1,0,6,140.04,
2026-06-01,15-D,wholesale,1,0,18,86.5,
2026-06-01,16P-A,wholesale,0,0,17,339.28,
2026-06-01,16P-B,wholesale,1,0,19,288.39,
2026-06-01,16P-C,wholesale,1,0,12,230.71,
2026-06-01,16P-D,wholesale,4,0,8,142.5,
2026-06-01,17-A,wholesale,0,0,9,370.98,
2026-06-01,17-B,wholesale,0,0,11,315.34,
2026-06-01,17-C,wholesale,0,0,18,252.27,
2026-06-01,17-D,wholesale,1,0,8,155.81,
2026-06-02,14-A,retail,1,0,16,188.12,1.198599
2026-06-02,14-B,retail,1,0,31,154.13,1.155319
2026-06-02,14-C,retail,0,0,28,130.41,1.221926
2026-06-02,14-D,retail,1,0,17,81.37,1.234311
2026-06-02,15-A,retail,0,0,20,248.85,1.198599
2026-06-02,15-B,retail,1,0,27,203.89,1.155319
2026-06-02,15-C,retail,0,0,5,172.51,1.221926
2026-06-02,15-D,retail,0,0,17,107.63,1.234311
2026-06-02,16P-A,retail,0,0,27,409.98,1.198599
2026-06-02,16P-B,retail,0,0,33,335.9,1.155319
2026-06-02,16P-C,retail,2,0,12,284.21,1.221926
2026-06-02,16P-D,retail,0,0,4,177.32,1.234311
2026-06-02,17-A,retail,0,0,9,448.29,1.198599
2026-06-02,17-B,retail,0,0,11,367.29,1.155319
2026-06-02,17-C,retail,0,0,18,310.77,1.221926
2026-06-02,17-D,retail,1,0,7,193.89,1.234311
2026-06-02,14-A,wholesale,0,0,15,155.6,
2026-06-02,14-B,wholesale,0,0,30,132.26,
2026-06-02,14-C,wholesale,2,0,28,105.81,
2026-06-02,14-D,wholesale,0,0,16,65.35,
2026-06-02,15-A,wholesale,0,0,20,205.83,
2026-06-02,15-B,wholesale,0,0,26,174.95,
2026-06-02,15-C,wholesale,1,0,5,139.96,
2026-06-02,15-D,wholesale,0,0,17,86.45,
2026-06-02,16P-A,wholesale,0,0,27,339.1,
2026-06-02,16P-B,wholesale,0,0,33,288.23,
2026-06-02,16P-C,wholesale,0,0,10,230.58,
2026-06-02,16P-D,wholesale,0,0,4,142.42,
2026-06-02,17-A,wholesale,0,0,9,370.78,
2026-06-02,17-B,wholesale,2,0,11,315.16,
2026-06-02,17-C,wholesale,0,0,18,252.13,
2026-06-02,17-D,wholesale,0,0,6,155.73,
2026-06-03,14-A,retail,1,0,15,207.23,1.321086
2026-06-03,14-B,retail,0,0,30,193.22,1.449134
2026-06-03,14-C,retail,3,0,26,118.85,1.114188
2026-06-03,14-D,retail,0,0,16,88.32,1.34062
2026-06-03,15-A,retail,1,0,20,274.13,1.321086
2026-06-03,15-B,retail,0,0,26,255.6,1.449134
2026-06-03,15-C,retail,2,0,4,157.22,1.114188
2026-06-03,15-D,retail,0,0,17,116.84,1.34062
2026-06-03,16P-A,retail,0,0,27,451.63,1.321086
2026-06-03,16P-B,retail,3,0,33,421.09,1.449134
2026-06-03,16P-C,retail,0,0,10,259.01,1.114188
2026-06-03,16P-D,retail,1,0,4,192.49,1.34062
2026-06-03,17-A,retail,3,0,9,493.82,1.321086
2026-06-03,17-B,retail,0,0,9,460.44,1.449134
2026-06-03,17-C,retail,0,0,18,283.21,1.114188
2026-06-03,17-D,retail,0,0,6,210.47,1.34062
2026-06-03,14-A,wholesale,0,0,14,155.51,
2026-06-03,14-B,wholesale,0,0,30,132.18,
2026-06-03,14-C,wholesale,0,0,23,105.75,
2026-06-03,14-D,wholesale,3,0,16,65.31,
2026-06-03,15-A,wholesale,1,0,19,205.71,
2026-06-03,15-B,wholesale,0,0,26,174.85,
2026-06-03,15-C,wholesale,0,0,2,139.88,
2026-06-03,15-D,wholesale,1,0,17,86.4,
2026-06-03,16P-A,wholesale,1,0,27,338.91,
2026-06-03,16P-B,wholesale,0,0,30,288.07,
2026-06-03,16P-C,wholesale,0,0,10,230.46,
2026-06-03,16P-D,wholesale,2,0,3,142.34,
2026-06-03,17-A,wholesale,0,0,6,370.57,
2026-06-03,17-B,wholesale,2,0,9,314.98,
2026-06-03,17-C,wholesale,0,0,18,251.99,
2026-06-03,17-D,wholesale,0,0,6,155.64,
2026-06-04,14-A,retail,1,0,14,208.52,1.330056
2026-06-04,14-B,retail,1,0,30,194.1,1.456571
2026-06-04,14-C,retail,0,0,23,140.48,1.317731
2026-06-04,14-D,retail,1,0,13,90.18,1.36958
2026-06-04,15-A,retail,0,0,18,275.84,1.330056
2026-06-04,15-B,retail,1,0,36,256.77,1.456571
2026-06-04,15-C,retail,0,0,2,185.83,1.317731
2026-06-04,15-D,retail,0,0,16,119.3,1.36958
2026-06-04,16P-A,retail,0,0,26,454.44,1.330056
2026-06-04,16P-B,retail,0,0,30,423.02,1.456571
2026-06-04,16P-C,retail,0,0,10,306.16,1.317731
2026-06-04,16P-D,retail,0,0,1,196.54,1.36958
2026-06-04,17-A,retail,3,0,6,496.9,1.330056
2026-06-04,17-B,retail,0,0,17,462.54,1.456571
2026-06-04,17-C,retail,0,0,18,334.76,1.317731
2026-06-04,17-D,retail,1,0,6,214.9,1.36958
2026-06-04,14-A,wholesale,0,0,13,155.42,
2026-06-04,14-B,wholesale,0,0,29,132.11,
2026-06-04,14-C,wholesale,0,0,23,105.69,
2026-06-04,14-D,wholesale,0,0,12,65.28,
2026-06-04,15-A,wholesale,0,0,18,205.6,
2026-06-04,15-B,wholesale,0,0,35,174.76,
2026-06-04,15-C,wholesale,0,0,2,139.81,
2026-06-04,15-D,wholesale,0,0,16,86.35,
2026-06-04,16P-A,wholesale,1,0,26,338.72,
2026-06-04,16P-B,wholesale,1,0,30,287.91,
2026-06-04,16P-C,wholesale,0,0,10,230.33,
2026-06-04,16P-D,wholesale,0,0,1,142.26,
2026-06-04,17-A,wholesale,0,0,3,370.36,
2026-06-04,17-B,wholesale,0,0,17,314.81,
2026-06-04,17-C,wholesale,0,0,18,251.85,
2026-06-04,17-D,wholesale,0,0,5,155.55,
2026-06-05,14-A,retail,0,0,13,171.08,1.091814
2026-06-05,14-B,retail,0,0,29,144.49,1.084885
2026-06-05,14-C,retail,1,0,23,143.52,1.347023
2026-06-05,14-D,retail,0,0,12,73.72,1.120174
2026-06-05,15-A,retail,1,0,18,226.3,1.091814
2026-06-05,15-B,retail,6,0,35,191.14,1.084885
2026-06-05,15-C,retail,1,0,2,189.86,1.347023
2026-06-05,15-D,retail,0,0,16,97.52,1.120174
2026-06-05,16P-A,retail,0,0,25,372.83,1.091814
2026-06-05,16P-B,retail,6,0,29,314.9,1.084885
2026-06-05,16P-C,retail,1,0,10,312.79,1.347023
2026-06-05,16P-D,retail,0,0,1,160.66,1.120174
2026-06-05,17-A,retail,1,0,3,407.67,1.091814
2026-06-05,17-B,retail,0,0,17,344.32,1.084885
2026-06-05,17-C,retail,0,0,18,342.01,1.347023
2026-06-05,17-D,retail,0,0,5,175.67,1.120174
2026-06-05,14-A,wholesale,0,0,13,155.34,
2026-06-05,14-B,wholesale,0,0,29,132.04,
2026-06-05,14-C,wholesale,0,0,22,105.63,
2026-06-05,14-D,wholesale,0,0,12,65.24,
2026-06-05,15-A,wholesale,0,0,17,205.48,
2026-06-05,15-B,wholesale,0,0,29,174.66,
2026-06-05,15-C,wholesale,1,1,1,139.73,
2026-06-05,15-D,wholesale,0,0,16,86.3,
2026-06-05,16P-A,wholesale,0,0,25,338.53,
2026-06-05,16P-B,wholesale,0,0,23,287.75,
2026-06-05,16P-C,wholesale,0,0,9,230.2,
2026-06-05,16P-D,wholesale,1,1,1,142.18,
2026-06-05,17-A,wholesale,0,0,2,370.16,
2026-06-05,17-B,wholesale,0,0,17,314.63,
2026-06-05,17-C,wholesale,0,0,18,251.71,
2026-06-05,17-D,wholesale,1,0,5,155.47,
2026-06-06,14-A,retail,1,0,23,222.75,1.422405
2026-06-06,14-B,retail,1,0,29,192.3,1.444624
2026-06-06,14-C,retail,0,0,22,121.04,1.136661
2026-06-06,14-D,retail,0,0,12,71.47,1.086645
2026-06-06,15-A,retail,0,0,17,294.66,1.422405
2026-06-06,15-B,retail,0,0,29,254.38,1.444624
2026-06-06,15-C,retail,0,1,0,160.12,1.136661
2026-06-06,15-D,retail,1,0,16,94.54,1.086645
2026-06-06,16P-A,retail,0,0,25,485.45,1.422405
2026-06-06,16P-B,retail,0,0,23,419.08,1.444624
2026-06-06,16P-C,retail,1,0,9,263.79,1.136661
2026-06-06,16P-D,retail,0,0,21,155.76,1.086645
2026-06-06,17-A,retail,0,0,2,530.81,1.422405
2026-06-06,17-B,retail,6,0,17,458.23,1.444624
2026-06-06,17-C,retail,0,0,18,288.44,1.136661
2026-06-06,17-D,retail,0,0,4,170.31,1.086645
2026-06-06,14-A,wholesale,1,0,22,155.25,
2026-06-06,14-B,wholesale,2,0,28,131.96,
2026-06-06,14-C,wholesale,1,0,22,105.57,
2026-06-06,14-D,wholesale,0,0,12,65.2,
2026-06-06,15-A,wholesale,0,0,17,205.37,
2026-06-06,15-B,wholesale,1,0,29,174.56,
2026-06-06,15-C,wholesale,0,1,0,139.65,
2026-06-06,15-D,wholesale,0,0,15,86.25,
2026-06-06,16P-A,wholesale,2,0,25,338.34,
2026-06-06,16P-B,wholesale,1,0,23,287.59,
2026-06-06,16P-C,wholesale,2,0,8,230.07,
2026-06-06,16P-D,wholesale,0,0,21,142.1,
2026-06-06,17-A,wholesale,0,0,2,369.95,
2026-06-06,17-B,wholesale,0,0,11,314.46,
2026-06-06,17-C,wholesale,0,0,18,251.57,
2026-06-06,17-D,wholesale,0,0,4,155.38,
2026-06-07,14-A,retail,0,0,21,204.69,1.307784
2026-06-07,14-B,retail,0,0,26,158.89,1.194304
2026-06-07,14-C,retail,0,0,21,143.21,1.345565
2026-06-07,14-D,retail,1,0,12,83.78,1.274462
2026-06-07,15-A,retail,0,0,17,270.77,1.307784
2026-06-07,15-B,retail,1,0,28,210.18,1.194304
2026-06-07,15-C,retail,0,1,0,189.44,1.345565
2026-06-07,15-D,retail,1,0,25,110.82,1.274462
2026-06-07,16P-A,retail,0,0,23,446.08,1.307784
2026-06-07,16P-B,retail,1,0,22,346.27,1.194304
2026-06-07,16P-C,retail,0,0,16,312.1,1.345565
2026-06-07,16P-D,retail,0,0,21,182.58,1.274462
2026-06-07,17-A,retail,2,1,2,487.76,1.307784
2026-06-07,17-B,retail,1,0,11,378.62,1.194304
2026-06-07,17-C,retail,0,0,18,341.26,1.345565
2026-06-07,17-D,retail,0,0,4,199.64,1.274462
2026-06-07,14-A,wholesale,0,0,21,155.16,
2026-06-07,14-B,wholesale,0,0,26,131.89,
2026-06-07,14-C,wholesale,0,0,21,105.51,
2026-06-07,14-D,wholesale,0,0,11,65.17,
2026-06-07,15-A,wholesale,0,0,17,205.25,
2026-06-07,15-B,wholesale,1,0,27,174.46,
2026-06-07,15-C,wholesale,0,0,0,139.57,
2026-06-07,15-D,wholesale,1,0,24,86.21,
2026-06-07,16P-A,wholesale,0,0,23,338.15,
2026-06-07,16P-B,wholesale,0,0,21,287.43,
2026-06-07,16P-C,wholesale,0,0,16,229.94,
2026-06-07,16P-D,wholesale,1,0,21,142.02,
2026-06-07,17-A,wholesale,0,0,0,369.74,
2026-06-07,17-B,wholesale,0,0,10,314.28,
2026-06-07,17-C,wholesale,0,0,18,251.43,
2026-06-07,17-D,wholesale,1,0,4,155.29,
2026-06-08,14-A,retail,4,0,21,207.49,1.326418
2026-06-08,14-B,retail,1,0,26,147.74,1.111108
2026-06-08,14-C,retail,0,0,21,126.68,1.190884
2026-06-08,14-D,retail,0,0,11,72.22,1.099207
2026-06-08,15-A,retail,1,0,17,274.47,1.326418
2026-06-08,15-B,retail,1,0,26,195.43,1.111108
2026-06-08,15-C,retail,0,1,0,167.57,1.190884
2026-06-08,15-D,retail,0,0,23,95.53,1.099207
2026-06-08,16P-A,retail,2,0,23,452.19,1.326418
2026-06-08,16P-B,retail,2,0,21,321.97,1.111108
2026-06-08,16P-C,retail,1,0,16,276.07,1.190884
2026-06-08,16P-D,retail,0,0,20,157.39,1.099207
2026-06-08,17-A,retail,0,0,0,494.44,1.326418
2026-06-08,17-B,retail,2,0,10,352.05,1.111108
2026-06-08,17-C,retail,0,0,18,301.86,1.190884
2026-06-08,17-D,retail,0,0,3,172.09,1.099207
2026-06-08,14-A,wholesale,0,0,17,155.08,
2026-06-08,14-B,wholesale,0,0,25,131.81,
2026-06-08,14-C,wholesale,0,0,21,105.45,
2026-06-08,14-D,wholesale,0,0,11,65.13,
2026-06-08,15-A,wholesale,2,0,16,205.14,
2026-06-08,15-B,wholesale,0,0,25,174.37,
2026-06-08,15-C,wholesale,0,0,0,139.49,
2026-06-08,15-D,wholesale,0,0,23,86.16,
2026-06-08,16P-A,wholesale,0,0,21,337.96,
2026-06-08,16P-B,wholesale,1,0,19,287.27,
2026-06-08,16P-C,wholesale,1,0,15,229.81,
2026-06-08,16P-D,wholesale,4,0,20,141.94,
2026-06-08,17-A,wholesale,0,1,0,369.54,
2026-06-08,17-B,wholesale,0,0,8,314.11,
2026-06-08,17-C,wholesale,0,0,18,251.29,
2026-06-08,17-D,wholesale,0,0,3,155.21,
2026-06-09,14-A,retail,2,0,17,251.24,1.607016
2026-06-09,14-B,retail,2,0,25,152.89,1.150528
2026-06-09,14-C,retail,3,0,21,128.46,1.208375
2026-06-09,14-D,retail,0,0,11,90.76,1.38216
2026-06-09,15-A,retail,1,0,14,332.35,1.607016
2026-06-09,15-B,retail,3,0,25,202.25,1.150528
2026-06-09,15-C,retail,1,0,10,169.94,1.208375
2026-06-09,15-D,retail,0,0,23,120.06,1.38216
2026-06-09,16P-A,retail,1,0,21,547.54,1.607016
2026-06-09,16P-B,retail,3,0,18,333.2,1.150528
2026-06-09,16P-C,retail,1,0,14,279.97,1.208375
2026-06-09,16P-D,retail,0,0,16,197.79,1.38216
2026-06-09,17-A,retail,0,0,10,598.7,1.607016
2026-06-09,17-B,retail,0,0,8,364.34,1.150528
2026-06-09,17-C,retail,0,0,18,306.12,1.208375
2026-06-09,17-D,retail,1,0,3,216.27,1.38216
2026-06-09,14-A,wholesale,0,0,15,154.99,
2026-06-09,14-B,wholesale,1,0,23,131.74,
2026-06-09,14-C,wholesale,0,0,18,105.39,
2026-06-09,14-D,wholesale,0,0,11,65.1,
2026-06-09,15-A,wholesale,0,0,13,205.02,
2026-06-09,15-B,wholesale,1,0,22,174.27,
2026-06-09,15-C,wholesale,2,0,9,139.42,
2026-06-09,15-D,wholesale,0,0,23,86.11,
2026-06-09,16P-A,wholesale,1,0,20,337.77,
2026-06-09,16P-B,wholesale,0,0,15,287.11,
2026-06-09,16P-C,wholesale,2,0,13,229.69,
2026-06-09,16P-D,wholesale,0,0,16,141.86,
2026-06-09,17-A,wholesale,0,0,10,369.33,
2026-06-09,17-B,wholesale,0,0,8,313.93,
2026-06-09,17-C,wholesale,0,0,18,251.14,
2026-06-09,17-D,wholesale,0,0,2,155.12,
2026-06-10,14-A,retail,1,0,15,234.79,1.502617
2026-06-10,14-B,retail,1,0,22,213.66,1.608733
2026-06-10,14-C,retail,0,0,18,125.8,1.184015
2026-06-10,14-D,retail,0,0,11,80.57,1.227736
2026-06-10,15-A,retail,0,0,13,310.58,1.502617
2026-06-10,15-B,retail,0,0,21,282.64,1.608733
2026-06-10,15-C,retail,0,0,7,166.42,1.184015
2026-06-10,15-D,retail,0,0,23,106.58,1.227736
2026-06-10,16P-A,retail,1,0,19,511.68,1.502617
2026-06-10,16P-B,retail,0,0,15,465.65,1.608733
2026-06-10,16P-C,retail,1,0,11,274.17,1.184015
2026-06-10,16P-D,retail,0,0,16,175.59,1.227736
2026-06-10,17-A,retail,0,0,10,559.49,1.502617
2026-06-10,17-B,retail,0,0,8,509.15,1.608733
2026-06-10,17-C,retail,1,0,18,299.79,1.184015
2026-06-10,17-D,retail,0,0,2,192.0,1.227736
2026-06-10,14-A,wholesale,0,0,14,154.9,
2026-06-10,14-B,wholesale,1,0,21,131.67,
2026-06-10,14-C,wholesale,1,0,18,105.33,
2026-06-10,14-D,wholesale,0,0,11,65.06,
2026-06-10,15-A,wholesale,0,0,13,204.91,
2026-06-10,15-B,wholesale,1,0,21,174.17,
2026-06-10,15-C,wholesale,0,0,7,139.34,
2026-06-10,15-D,wholesale,0,0,23,86.06,
2026-06-10,16P-A,wholesale,0,0,18,337.58,
2026-06-10,16P-B,wholesale,0,0,15,286.95,
2026-06-10,16P-C,wholesale,1,0,10,229.56,
2026-06-10,16P-D,wholesale,1,0,16,141.79,
2026-06-10,17-A,wholesale,0,0,10,369.12,
2026-06-10,17-B,wholesale,0,0,8,313.76,
2026-06-10,17-C,wholesale,0,0,17,251.0,
2026-06-10,17-D,wholesale,0,0,2,155.03,
2026-06-11,14-A,retail,0,0,14,202.97,1.29971
2026-06-11,14-B,retail,3,0,20,167.09,1.258736
2026-06-11,14-C,retail,0,0,17,138.05,1.300027
2026-06-11,14-D,retail,0,0,11,85.67,1.306208
2026-06-11,15-A,retail,1,0,13,268.49,1.29971
2026-06-11,15-B,retail,3,0,20,221.03,1.258736
2026-06-11,15-C,retail,0,0,7,182.62,1.300027
2026-06-11,15-D,retail,1,0,24,113.33,1.306208
2026-06-11,16P-A,retail,3,0,18,442.34,1.29971
2026-06-11,16P-B,retail,0,0,15,364.14,1.258736
2026-06-11,16P-C,retail,0,0,19,300.86,1.300027
2026-06-11,16P-D,retail,0,0,15,186.71,1.306208
2026-06-11,17-A,retail,0,0,10,483.67,1.29971
2026-06-11,17-B,retail,1,0,8,398.16,1.258736
2026-06-11,17-C,retail,0,0,17,328.97,1.300027
2026-06-11,17-D,retail,0,0,2,204.16,1.306208
2026-06-11,14-A,wholesale,0,0,14,154.82,
2026-06-11,14-B,wholesale,1,0,17,131.59,
2026-06-11,14-C,wholesale,2,0,17,105.28,
2026-06-11,14-D,wholesale,1,0,11,65.02,
2026-06-11,15-A,wholesale,0,0,12,204.79,
2026-06-11,15-B,wholesale,0,0,17,174.07,
2026-06-11,15-C,wholesale,0,0,7,139.26,
2026-06-11,15-D,wholesale,2,0,23,86.01,
2026-06-11,16P-A,wholesale,1,0,15,337.4,
2026-06-11,16P-B,wholesale,0,0,15,286.79,
2026-06-11,16P-C,wholesale,0,0,19,229.43,
2026-06-11,16P-D,wholesale,0,0,15,141.71,
2026-06-11,17-A,wholesale,0,0,10,368.92,
2026-06-11,17-B,wholesale,0,0,7,313.58,
2026-06-11,17-C,wholesale,2,0,17,250.86,
2026-06-11,17-D,wholesale,2,0,2,154.95,
2026-06-12,14-A,retail,1,0,14,204.77,1.311956
2026-06-12,14-B,retail,0,0,16,174.58,1.315912
2026-06-12,14-C,retail,0,0,15,136.76,1.288544
2026-06-12,14-D,retail,0,0,10,76.55,1.167773
2026-06-12,15-A,retail,1,0,12,270.87,1.311956
2026-06-12,15-B,retail,1,0,17,230.94,1.315912
2026-06-12,15-C,retail,0,0,7,180.91,1.288544
2026-06-12,15-D,retail,1,0,21,101.26,1.167773
2026-06-12,16P-A,retail,2,0,14,446.26,1.311956
2026-06-12,16P-B,retail,0,0,15,380.46,1.315912
2026-06-12,16P-C,retail,1,0,20,298.04,1.288544
2026-06-12,16P-D,retail,0,0,15,166.83,1.167773
2026-06-12,17-A,retail,0,0,10,487.95,1.311956
2026-06-12,17-B,retail,0,0,7,416.01,1.315912
2026-06-12,17-C,retail,1,0,15,325.89,1.288544
2026-06-12,17-D,retail,0,0,0,182.42,1.167773
2026-06-12,14-A,wholesale,1,0,13,154.73,
2026-06-12,14-B,wholesale,0,0,16,131.52,
2026-06-12,14-C,wholesale,0,0,15,105.22,
2026-06-12,14-D,wholesale,3,0,10,64.99,
2026-06-12,15-A,wholesale,0,0,11,204.68,
2026-06-12,15-B,wholesale,1,0,16,173.98,
2026-06-12,15-C,wholesale,0,0,7,139.18,
2026-06-12,15-D,wholesale,2,0,20,85.97,
2026-06-12,16P-A,wholesale,0,0,12,337.21,
2026-06-12,16P-B,wholesale,0,0,15,286.63,
2026-06-12,16P-C,wholesale,0,0,19,229.3,
2026-06-12,16P-D,wholesale,1,0,15,141.63,
2026-06-12,17-A,wholesale,0,0,10,368.71,
2026-06-12,17-B,wholesale,1,0,7,313.41,
2026-06-12,17-C,wholesale,0,0,14,250.72,
2026-06-12,17-D,wholesale,0,0,0,154.86,
2026-06-13,14-A,retail,0,0,12,196.77,1.261406
2026-06-13,14-B,retail,0,0,16,185.86,1.401706
2026-06-13,14-C,retail,0,0,15,134.41,1.2671
2026-06-13,14-D,retail,0,0,7,80.66,1.231134
2026-06-13,15-A,retail,0,0,21,260.29,1.261406
2026-06-13,15-B,retail,0,0,15,245.85,1.401706
2026-06-13,15-C,retail,0,0,8,177.8,1.2671
2026-06-13,15-D,retail,1,0,18,106.7,1.231134
2026-06-13,16P-A,retail,0,0,12,428.82,1.261406
2026-06-13,16P-B,retail,1,0,15,405.04,1.401706
2026-06-13,16P-C,retail,1,0,19,292.92,1.2671
2026-06-13,16P-D,retail,0,0,24,175.78,1.231134
2026-06-13,17-A,retail,0,0,10,468.89,1.261406
2026-06-13,17-B,retail,1,0,6,442.89,1.401706
2026-06-13,17-C,retail,2,0,14,320.28,1.2671
2026-06-13,17-D,retail,0,1,0,192.21,1.231134
2026-06-13,14-A,wholesale,0,0,12,154.64,
2026-06-13,14-B,wholesale,0,0,16,131.45,
2026-06-13,14-C,wholesale,2,0,15,105.16,
2026-06-13,14-D,wholesale,2,0,7,64.95,
2026-06-13,15-A,wholesale,0,0,21,204.57,
2026-06-13,15-B,wholesale,1,0,15,173.88,
2026-06-13,15-C,wholesale,2,0,8,139.1,
2026-06-13,15-D,wholesale,1,0,17,85.92,
2026-06-13,16P-A,wholesale,0,0,12,337.02,
2026-06-13,16P-B,wholesale,0,0,14,286.47,
2026-06-13,16P-C,wholesale,1,0,18,229.17,
2026-06-13,16P-D,wholesale,1,0,24,141.55,
2026-06-13,17-A,wholesale,0,0,10,368.51,
2026-06-13,17-B,wholesale,1,0,5,313.23,
2026-06-13,17-C,wholesale,1,0,12,250.58,
2026-06-13,17-D,wholesale,0,0,0,154.77,
2026-06-14,14-A,retail,1,0,12,260.35,1.66994
2026-06-14,14-B,retail,3,0,16,179.87,1.3573
2026-06-14,14-C,retail,2,0,13,146.1,1.378092
2026-06-14,14-D,retail,0,0,15,71.45,1.091139
2026-06-14,15-A,retail,0,0,21,344.4,1.66994
2026-06-14,15-B,retail,3,0,14,237.93,1.3573
2026-06-14,15-C,retail,2,0,6,193.26,1.378092
2026-06-14,15-D,retail,1,0,16,94.51,1.091139
2026-06-14,16P-A,retail,0,0,12,567.39,1.66994
2026-06-14,16P-B,retail,0,0,14,391.99,1.3573
2026-06-14,16P-C,retail,0,0,17,318.4,1.378092
2026-06-14,16P-D,retail,0,0,23,155.71,1.091139
2026-06-14,17-A,retail,0,0,10,620.4,1.66994
2026-06-14,17-B,retail,0,0,4,428.62,1.3573
2026-06-14,17-C,retail,0,0,11,348.15,1.378092
2026-06-14,17-D,retail,0,0,10,170.26,1.091139
2026-06-14,14-A,wholesale,0,0,11,154.56,
2026-06-14,14-B,wholesale,0,0,13,131.37,
2026-06-14,14-C,wholesale,1,0,11,105.1,
2026-06-14,14-D,wholesale,1,0,15,64.91,
2026-06-14,15-A,wholesale,0,0,21,204.45,
2026-06-14,15-B,wholesale,3,0,11,173.78,
2026-06-14,15-C,wholesale,0,0,4,139.03,
2026-06-14,15-D,wholesale,0,0,15,85.87,
2026-06-14,16P-A,wholesale,1,0,12,336.83,
2026-06-14,16P-B,wholesale,0,0,14,286.31,
2026-06-14,16P-C,wholesale,0,0,17,229.04,
2026-06-14,16P-D,wholesale,0,0,23,141.47,
2026-06-14,17-A,wholesale,0,0,10,368.3,
2026-06-14,17-B,wholesale,0,0,4,313.06,
2026-06-14,17-C,wholesale,0,0,11,250.44,
2026-06-14,17-D,wholesale,2,0,10,154.69,
2026-06-15,14-A,retail,2,0,11,199.42,1.279832
2026-06-15,14-B,retail,0,0,13,174.78,1.319616
2026-06-15,14-C,retail,0,0,10,135.68,1.280529
2026-06-15,14-D,retail,0,0,14,84.46,1.290525
2026-06-15,15-A,retail,0,0,21,263.8,1.279832
2026-06-15,15-B,retail,0,0,8,231.2,1.319616
2026-06-15,15-C,retail,0,0,4,179.48,1.280529
2026-06-15,15-D,retail,0,0,15,111.72,1.290525
2026-06-15,16P-A,retail,1,0,11,434.6,1.279832
2026-06-15,16P-B,retail,0,0,15,380.9,1.319616
2026-06-15,16P-C,retail,0,0,17,295.69,1.280529
2026-06-15,16P-D,retail,0,0,23,184.06,1.290525
2026-06-15,17-A,retail,0,0,10,475.21,1.279832
2026-06-15,17-B,retail,0,0,4,416.48,1.319616
2026-06-15,17-C,retail,2,0,11,323.32,1.280529
2026-06-15,17-D,retail,0,0,8,201.26,1.290525
2026-06-15,14-A,wholesale,0,0,9,154.47,
2026-06-15,14-B,wholesale,1,0,13,131.3,
2026-06-15,14-C,wholesale,1,0,10,105.04,
2026-06-15,14-D,wholesale,0,0,14,64.88,
2026-06-15,15-A,wholesale,0,0,21,204.34,
2026-06-15,15-B,wholesale,0,0,8,173.69,
2026-06-15,15-C,wholesale,3,0,4,138.95,
2026-06-15,15-D,wholesale,0,0,15,85.82,
2026-06-15,16P-A,wholesale,2,0,10,336.64,
2026-06-15,16P-B,wholesale,1,0,15,286.15,
2026-06-15,16P-C,wholesale,2,0,17,228.92,
2026-06-15,16P-D,wholesale,0,0,23,141.39,
2026-06-15,17-A,wholesale,0,0,10,368.1,
2026-06-15,17-B,wholesale,0,0,4,312.88,
2026-06-15,17-C,wholesale,0,0,9,250.3,
2026-06-15,17-D,wholesale,0,0,8,154.6,
2026-06-16,14-A,retail,0,0,9,216.19,1.388218
2026-06-16,14-B,retail,1,0,12,164.59,1.243365
2026-06-16,14-C,retail,0,0,9,132.59,1.25211
2026-06-16,14-D,retail,0,0,14,84.4,1.290317
2026-06-16,15-A,retail,1,0,21,285.98,1.388218
2026-06-16,15-B,retail,2,0,8,217.72,1.243365
2026-06-16,15-C,retail,0,0,1,175.4,1.25211
2026-06-16,15-D,retail,0,0,15,111.64,1.290317
2026-06-16,16P-A,retail,0,0,18,471.14,1.388218
2026-06-16,16P-B,retail,0,0,14,358.69,1.243365
2026-06-16,16P-C,retail,2,0,25,288.97,1.25211
2026-06-16,16P-D,retail,0,0,23,183.93,1.290317
2026-06-16,17-A,retail,0,0,10,515.16,1.388218
2026-06-16,17-B,retail,0,0,6,392.2,1.243365
2026-06-16,17-C,retail,0,0,9,315.97,1.25211
2026-06-16,17-D,retail,0,0,18,201.11,1.290317
2026-06-16,14-A,wholesale,0,0,9,154.38,
2026-06-16,14-B,wholesale,0,0,11,131.23,
2026-06-16,14-C,wholesale,0,0,9,104.98,
2026-06-16,14-D,wholesale,0,0,14,64.84,
2026-06-16,15-A,wholesale,1,0,20,204.22,
2026-06-16,15-B,wholesale,0,0,6,173.59,
2026-06-16,15-C,wholesale,1,0,1,138.87,
2026-06-16,15-D,wholesale,3,0,15,85.77,
2026-06-16,16P-A,wholesale,0,0,18,336.45,
2026-06-16,16P-B,wholesale,0,0,14,285.99,
2026-06-16,16P-C,wholesale,0,0,23,228.79,
2026-06-16,16P-D,wholesale,0,0,23,141.31,
2026-06-16,17-A,wholesale,0,0,10,367.89,
2026-06-16,17-B,wholesale,1,0,6,312.71,
2026-06-16,17-C,wholesale,1,0,9,250.17,
2026-06-16,17-D,wholesale,0,0,18,154.51,
2026-06-17,14-A,retail,1,0,9,215.67,1.385629
2026-06-17,14-B,retail,0,0,11,182.84,1.382071
2026-06-17,14-C,retail,0,0,19,136.8,1.292502
2026-06-17,14-D,retail,0,0,14,80.83,1.236435
2026-06-17,15-A,retail,0,0,19,285.29,1.385629
2026-06-17,15-B,retail,2,0,6,241.87,1.382071
2026-06-17,15-C,retail,1,0,20,180.96,1.292502
2026-06-17,15-D,retail,0,0,13,106.92,1.236435
2026-06-17,16P-A,retail,3,0,18,470.0,1.385629
2026-06-17,16P-B,retail,2,0,14,398.48,1.382071
2026-06-17,16P-C,retail,0,0,23,298.12,1.292502
2026-06-17,16P-D,retail,0,0,23,176.15,1.236435
2026-06-17,17-A,retail,0,0,10,513.92,1.385629
2026-06-17,17-B,retail,1,0,5,435.71,1.382071
2026-06-17,17-C,retail,0,0,8,325.98,1.292502
2026-06-17,17-D,retail,0,0,18,192.6,1.236435
2026-06-17,14-A,wholesale,1,0,8,154.3,
2026-06-17,14-B,wholesale,0,0,11,131.15,
2026-06-17,14-C,wholesale,0,0,19,104.92,
2026-06-17,14-D,wholesale,0,0,14,64.81,
2026-06-17,15-A,wholesale,0,0,19,204.11,
2026-06-17,15-B,wholesale,0,0,4,173.49,
2026-06-17,15-C,wholesale,0,0,19,138.79,
2026-06-17,15-D,wholesale,1,0,13,85.73,
2026-06-17,16P-A,wholesale,0,0,15,336.27,
2026-06-17,16P-B,wholesale,0,0,12,285.83,
2026-06-17,16P-C,wholesale,0,0,23,228.66,
2026-06-17,16P-D,wholesale,0,0,23,141.23,
2026-06-17,17-A,wholesale,0,0,10,367.68,
2026-06-17,17-B,wholesale,0,0,4,312.53,
2026-06-17,17-C,wholesale,0,0,8,250.03,
2026-06-17,17-D,wholesale,0,0,18,154.43,
2026-06-18,14-A,retail,1,0,7,231.56,1.488568
2026-06-18,14-B,retail,0,0,11,175.59,1.328009
2026-06-18,14-C,retail,0,0,19,132.2,1.249792
2026-06-18,14-D,retail,0,0,14,82.34,1.260258
2026-06-18,15-A,retail,0,0,19,306.31,1.488568
2026-06-18,15-B,retail,0,0,4,232.28,1.328009
2026-06-18,15-C,retail,1,0,19,174.88,1.249792
2026-06-18,15-D,retail,0,0,12,108.92,1.260258
2026-06-18,16P-A,retail,0,0,15,504.64,1.488568
2026-06-18,16P-B,retail,0,0,12,382.68,1.328009
2026-06-18,16P-C,retail,0,0,23,288.11,1.249792
2026-06-18,16P-D,retail,0,0,23,179.44,1.260258
2026-06-18,17-A,retail,0,0,10,551.79,1.488568
2026-06-18,17-B,retail,0,0,4,418.43,1.328009
2026-06-18,17-C,retail,0,0,8,315.03,1.249792
2026-06-18,17-D,retail,0,0,18,196.21,1.260258
2026-06-18,14-A,wholesale,0,0,6,154.21,
2026-06-18,14-B,wholesale,3,0,11,131.08,
2026-06-18,14-C,wholesale,1,0,19,104.86,
2026-06-18,14-D,wholesale,2,0,14,64.77,
2026-06-18,15-A,wholesale,1,0,19,203.99,
2026-06-18,15-B,wholesale,3,0,4,173.4,
2026-06-18,15-C,wholesale,0,0,18,138.72,
2026-06-18,15-D,wholesale,3,0,12,85.68,
2026-06-18,16P-A,wholesale,0,0,15,336.08,
2026-06-18,16P-B,wholesale,0,0,12,285.67,
2026-06-18,16P-C,wholesale,0,0,23,228.53,
2026-06-18,16P-D,wholesale,0,0,23,141.15,
2026-06-18,17-A,wholesale,1,0,10,367.48,
2026-06-18,17-B,wholesale,1,0,4,312.36,
2026-06-18,17-C,wholesale,1,0,8,249.89,
2026-06-18,17-D,wholesale,0,0,18,154.34,
2026-06-19,14-A,retail,0,0,6,185.76,1.194823
2026-06-19,14-B,retail,2,0,8,204.33,1.546207
2026-06-19,14-C,retail,1,0,18,133.11,1.259074
2026-06-19,14-D,retail,0,0,12,86.56,1.325629
2026-06-19,15-A,retail,2,0,18,245.73,1.194823
2026-06-19,15-B,retail,0,0,1,270.29,1.546207
2026-06-19,15-C,retail,0,0,18,176.08,1.259074
2026-06-19,15-D,retail,0,0,9,114.5,1.325629
2026-06-19,16P-A,retail,2,0,16,404.83,1.194823
2026-06-19,16P-B,retail,3,0,32,445.3,1.546207
2026-06-19,16P-C,retail,1,0,23,290.09,1.259074
2026-06-19,16P-D,retail,0,0,23,188.64,1.325629
2026-06-19,17-A,retail,0,0,9,442.65,1.194823
2026-06-19,17-B,retail,1,0,28,486.91,1.546207
2026-06-19,17-C,retail,0,0,7,317.19,1.259074
2026-06-19,17-D,retail,0,0,18,206.27,1.325629
2026-06-19,14-A,wholesale,0,0,6,154.13,
2026-06-19,14-B,wholesale,0,0,6,131.01,
2026-06-19,14-C,wholesale,0,0,17,104.81,
2026-06-19,14-D,wholesale,0,0,12,64.73,
2026-06-19,15-A,wholesale,0,0,16,203.88,
2026-06-19,15-B,wholesale,0,0,1,173.3,
2026-06-19,15-C,wholesale,0,0,18,138.64,
2026-06-19,15-D,wholesale,0,0,9,85.63,
2026-06-19,16P-A,wholesale,0,0,14,335.89,
2026-06-19,16P-B,wholesale,1,0,29,285.51,
2026-06-19,16P-C,wholesale,1,0,22,228.41,
2026-06-19,16P-D,wholesale,0,0,23,141.07,
2026-06-19,17-A,wholesale,0,0,9,367.27,
2026-06-19,17-B,wholesale,0,0,27,312.18,
2026-06-19,17-C,wholesale,0,0,7,249.75,
2026-06-19,17-D,wholesale,0,0,18,154.26,
2026-06-20,14-A,retail,3,0,6,180.99,1.164815
2026-06-20,14-B,retail,1,0,16,167.73,1.269935
2026-06-20,14-C,retail,0,0,17,124.24,1.175826
2026-06-20,14-D,retail,0,0,12,97.41,1.492633
2026-06-20,15-A,retail,0,0,26,239.42,1.164815
2026-06-20,15-B,retail,5,0,16,221.87,1.269935
2026-06-20,15-C,retail,2,0,18,164.35,1.175826
2026-06-20,15-D,retail,0,0,9,128.86,1.492633
2026-06-20,16P-A,retail,1,0,14,394.44,1.164815
2026-06-20,16P-B,retail,3,0,28,365.53,1.269935
2026-06-20,16P-C,retail,0,0,21,270.76,1.175826
2026-06-20,16P-D,retail,0,0,23,212.29,1.492633
2026-06-20,17-A,retail,2,0,19,431.3,1.164815
2026-06-20,17-B,retail,0,0,27,399.69,1.269935
2026-06-20,17-C,retail,0,0,7,296.05,1.175826
2026-06-20,17-D,retail,0,0,18,232.12,1.492633
2026-06-20,14-A,wholesale,1,0,3,154.04,
2026-06-20,14-B,wholesale,0,0,15,130.93,
2026-06-20,14-C,wholesale,0,0,17,104.75,
2026-06-20,14-D,wholesale,4,0,12,64.7,
2026-06-20,15-A,wholesale,0,0,26,203.77,
2026-06-20,15-B,wholesale,0,0,11,173.2,
2026-06-20,15-C,wholesale,0,0,16,138.56,
2026-06-20,15-D,wholesale,1,0,9,85.58,
2026-06-20,16P-A,wholesale,1,0,13,335.7,
2026-06-20,16P-B,wholesale,0,0,25,285.35,
2026-06-20,16P-C,wholesale,0,0,21,228.28,
2026-06-20,16P-D,wholesale,0,0,23,141.0,
2026-06-20,17-A,wholesale,0,0,17,367.07,
2026-06-20,17-B,wholesale,0,0,27,312.01,
2026-06-20,17-C,wholesale,0,0,7,249.61,
2026-06-20,17-D,wholesale,1,0,18,154.17,
2026-06-21,14-A,retail,0,0,2,189.83,1.222392
2026-06-21,14-B,retail,1,0,25,199.77,1.513362
2026-06-21,14-C,retail,0,0,27,129.21,1.223533
2026-06-21,14-D,retail,0,0,8,93.17,1.428388
2026-06-21,15-A,retail,1,0,26,251.12,1.222392
2026-06-21,15-B,retail,1,0,11,264.26,1.513362
2026-06-21,15-C,retail,0,0,16,170.92,1.223533
2026-06-21,15-D,retail,0,0,8,123.24,1.428388
2026-06-21,16P-A,retail,2,0,12,413.71,1.222392
2026-06-21,16P-B,retail,1,0,25,435.36,1.513362
2026-06-21,16P-C,retail,0,0,21,281.58,1.223533
2026-06-21,16P-D,retail,0,0,23,203.04,1.428388
2026-06-21,17-A,retail,0,0,17,452.36,1.222392
2026-06-21,17-B,retail,0,0,27,476.03,1.513362
2026-06-21,17-C,retail,1,0,7,307.89,1.223533
2026-06-21,17-D,retail,0,0,17,222.01,1.428388
2026-06-21,14-A,wholesale,1,0,2,153.95,
2026-06-21,14-B,wholesale,1,0,24,130.86,
2026-06-21,14-C,wholesale,0,0,27,104.69,
2026-06-21,14-D,wholesale,3,0,8,64.66,
2026-06-21,15-A,wholesale,0,0,25,203.65,
2026-06-21,15-B,wholesale,4,0,10,173.11,
2026-06-21,15-C,wholesale,1,0,16,138.48,
2026-06-21,15-D,wholesale,3,0,8,85.53,
2026-06-21,16P-A,wholesale,0,0,10,335.52,
2026-06-21,16P-B,wholesale,0,0,24,285.19,
2026-06-21,16P-C,wholesale,0,0,21,228.15,
2026-06-21,16P-D,wholesale,1,0,23,140.92,
2026-06-21,17-A,wholesale,0,0,17,366.86,
2026-06-21,17-B,wholesale,0,0,27,311.83,
2026-06-21,17-C,wholesale,0,0,6,249.47,
2026-06-21,17-D,wholesale,0,0,17,154.08,
2026-06-22,14-A,retail,1,0,1,223.56,1.440376
2026-06-22,14-B,retail,1,0,23,179.91,1.36369
2026-06-22,14-C,retail,0,0,27,154.14,1.46047
2026-06-22,14-D,retail,0,0,5,78.96,1.211261
2026-06-22,15-A,retail,0,0,25,295.73,1.440376
2026-06-22,15-B,retail,0,0,6,237.99,1.36369
2026-06-22,15-C,retail,2,0,25,203.9,1.46047
2026-06-22,15-D,retail,1,0,5,104.45,1.211261
2026-06-22,16P-A,retail,2,0,20,487.21,1.440376
2026-06-22,16P-B,retail,1,0,24,392.08,1.36369
2026-06-22,16P-C,retail,1,0,21,335.93,1.46047
2026-06-22,16P-D,retail,0,0,22,172.08,1.211261
2026-06-22,17-A,retail,0,0,17,532.73,1.440376
2026-06-22,17-B,retail,0,0,27,428.71,1.36369
2026-06-22,17-C,retail,0,0,6,367.31,1.46047
2026-06-22,17-D,retail,0,0,17,188.16,1.211261
2026-06-22,14-A,wholesale,0,0,0,153.87,
2026-06-22,14-B,wholesale,3,0,22,130.79,
2026-06-22,14-C,wholesale,3,0,27,104.63,
2026-06-22,14-D,wholesale,3,0,5,64.62,
2026-06-22,15-A,wholesale,0,0,25,203.54,
2026-06-22,15-B,wholesale,1,0,6,173.01,
2026-06-22,15-C,wholesale,0,0,23,138.41,
2026-06-22,15-D,wholesale,1,0,4,85.49,
2026-06-22,16P-A,wholesale,0,0,18,335.33,
2026-06-22,16P-B,wholesale,1,0,23,285.03,
2026-06-22,16P-C,wholesale,0,0,20,228.02,
2026-06-22,16P-D,wholesale,1,0,22,140.84,
2026-06-22,17-A,wholesale,0,0,17,366.66,
2026-06-22,17-B,wholesale,0,0,27,311.66,
2026-06-22,17-C,wholesale,1,0,6,249.33,
2026-06-22,17-D,wholesale,1,0,17,154.0,
2026-06-23,14-A,retail,0,0,0,205.06,1.321933
2026-06-23,14-B,retail,1,0,19,155.65,1.180465
2026-06-23,14-C,retail,0,0,24,139.35,1.321085
2026-06-23,14-D,retail,0,0,12,98.23,1.507732
2026-06-23,15-A,retail,0,0,25,271.26,1.321933
2026-06-23,15-B,retail,2,0,5,205.9,1.180465
2026-06-23,15-C,retail,0,0,23,184.34,1.321085
2026-06-23,15-D,retail,0,0,13,129.94,1.507732
2026-06-23,16P-A,retail,0,0,18,446.9,1.321933
2026-06-23,16P-B,retail,1,0,22,339.21,1.180465
2026-06-23,16P-C,retail,0,0,20,303.7,1.321085
2026-06-23,16P-D,retail,0,0,21,214.08,1.507732
2026-06-23,17-A,retail,0,0,17,488.65,1.321933
2026-06-23,17-B,retail,0,0,27,370.91,1.180465
2026-06-23,17-C,retail,0,0,5,332.07,1.321085
2026-06-23,17-D,retail,0,0,16,234.08,1.507732
2026-06-23,14-A,wholesale,0,0,0,153.78,
2026-06-23,14-B,wholesale,0,0,18,130.71,
2026-06-23,14-C,wholesale,0,0,24,104.57,
2026-06-23,14-D,wholesale,0,0,12,64.59,
2026-06-23,15-A,wholesale,1,0,25,203.43,
2026-06-23,15-B,wholesale,0,0,3,172.91,
2026-06-23,15-C,wholesale,0,0,23,138.33,
2026-06-23,15-D,wholesale,0,0,13,85.44,
2026-06-23,16P-A,wholesale,1,0,18,335.14,
2026-06-23,16P-B,wholesale,1,0,21,284.87,
2026-06-23,16P-C,wholesale,0,0,20,227.9,
2026-06-23,16P-D,wholesale,0,0,21,140.76,
2026-06-23,17-A,wholesale,0,0,17,366.45,
2026-06-23,17-B,wholesale,1,0,27,311.49,
2026-06-23,17-C,wholesale,0,0,5,249.19,
2026-06-23,17-D,wholesale,0,0,16,153.91,
2026-06-24,14-A,retail,0,1,0,188.96,1.218807
2026-06-24,14-B,retail,3,0,18,185.15,1.40497
2026-06-24,14-C,retail,0,0,24,137.09,1.300378
2026-06-24,14-D,retail,0,0,12,76.03,1.167633
2026-06-24,15-A,retail,1,0,24,249.96,1.218807
2026-06-24,15-B,retail,0,0,3,244.92,1.40497
2026-06-24,15-C,retail,0,0,23,181.35,1.300378
2026-06-24,15-D,retail,0,0,13,100.58,1.167633
2026-06-24,16P-A,retail,1,0,17,411.8,1.218807
2026-06-24,16P-B,retail,2,0,20,403.5,1.40497
2026-06-24,16P-C,retail,1,0,20,298.77,1.300378
2026-06-24,16P-D,retail,0,0,21,165.7,1.167633
2026-06-24,17-A,retail,0,0,17,450.28,1.218807
2026-06-24,17-B,retail,0,0,26,441.2,1.40497
2026-06-24,17-C,retail,0,0,5,326.68,1.300378
2026-06-24,17-D,retail,0,0,16,181.18,1.167633
2026-06-24,14-A,wholesale,0,0,0,153.7,
2026-06-24,14-B,wholesale,1,0,15,130.64,
2026-06-24,14-C,wholesale,1,0,24,104.51,
2026-06-24,14-D,wholesale,0,0,12,64.55,
2026-06-24,15-A,wholesale,1,0,23,203.31,
2026-06-24,15-B,wholesale,1,0,3,172.82,
2026-06-24,15-C,wholesale,0,0,23,138.25,
2026-06-24,15-D,wholesale,2,0,13,85.39,
2026-06-24,16P-A,wholesale,0,0,16,334.95,
2026-06-24,16P-B,wholesale,0,0,18,284.71,
2026-06-24,16P-C,wholesale,2,0,19,227.77,
2026-06-24,16P-D,wholesale,1,0,21,140.68,
2026-06-24,17-A,wholesale,0,0,17,366.25,
2026-06-24,17-B,wholesale,1,0,26,311.31,
2026-06-24,17-C,wholesale,0,0,5,249.05,
2026-06-24,17-D,wholesale,0,0,16,153.82,
2026-06-25,14-A,retail,0,1,0,197.88,1.277057
2026-06-25,14-B,retail,0,0,14,193.3,1.467641
2026-06-25,14-C,retail,1,0,23,145.35,1.379506
2026-06-25,14-D,retail,0,0,13,87.18,1.339627
2026-06-25,15-A,retail,2,0,22,261.76,1.277057
2026-06-25,15-B,retail,0,0,2,255.7,1.467641
2026-06-25,15-C,retail,0,0,23,192.28,1.379506
2026-06-25,15-D,retail,0,0,11,115.33,1.339627
2026-06-25,16P-A,retail,0,0,16,431.25,1.277057
2026-06-25,16P-B,retail,0,0,18,421.26,1.467641
2026-06-25,16P-C,retail,1,0,17,316.77,1.379506
2026-06-25,16P-D,retail,0,0,20,190.0,1.339627
2026-06-25,17-A,retail,1,0,17,471.54,1.277057
2026-06-25,17-B,retail,1,0,25,460.62,1.467641
2026-06-25,17-C,retail,0,0,15,346.37,1.379506
2026-06-25,17-D,retail,1,0,16,207.75,1.339627
2026-06-25,14-A,wholesale,0,0,0,153.61,
2026-06-25,14-B,wholesale,0,0,14,130.57,
2026-06-25,14-C,wholesale,0,0,22,104.46,
2026-06-25,14-D,wholesale,1,0,13,64.52,
2026-06-25,15-A,wholesale,0,0,20,203.2,
2026-06-25,15-B,wholesale,0,0,2,172.72,
2026-06-25,15-C,wholesale,0,0,23,138.18,
2026-06-25,15-D,wholesale,3,0,11,85.34,
2026-06-25,16P-A,wholesale,0,0,16,334.77,
2026-06-25,16P-B,wholesale,0,0,18,284.55,
2026-06-25,16P-C,wholesale,3,0,16,227.64,
2026-06-25,16P-D,wholesale,1,0,20,140.6,
2026-06-25,17-A,wholesale,0,0,16,366.05,
2026-06-25,17-B,wholesale,0,0,24,311.14,
2026-06-25,17-C,wholesale,0,0,15,248.91,
2026-06-25,17-D,wholesale,1,0,15,153.74,
2026-06-26,14-A,retail,0,0,0,206.27,1.331966
2026-06-26,14-B,retail,0,0,14,165.3,1.255729
2026-06-26,14-C,retail,2,0,22,146.47,1.390876
2026-06-26,14-D,retail,1,0,12,78.23,1.202757
2026-06-26,15-A,retail,1,0,20,272.86,1.331966
2026-06-26,15-B,retail,0,0,2,218.66,1.255729
2026-06-26,15-C,retail,1,0,23,193.75,1.390876
2026-06-26,15-D,retail,0,0,8,103.48,1.202757
2026-06-26,16P-A,retail,2,0,16,449.54,1.331966
2026-06-26,16P-B,retail,2,0,18,360.24,1.255729
2026-06-26,16P-C,retail,0,0,14,319.2,1.390876
2026-06-26,16P-D,retail,0,0,19,170.49,1.202757
2026-06-26,17-A,retail,4,0,16,491.54,1.331966
2026-06-26,17-B,retail,0,0,24,393.89,1.255729
2026-06-26,17-C,retail,1,0,15,349.03,1.390876
2026-06-26,17-D,retail,0,0,14,186.42,1.202757
2026-06-26,14-A,wholesale,0,1,0,153.52,
2026-06-26,14-B,wholesale,1,0,14,130.5,
2026-06-26,14-C,wholesale,1,0,20,104.4,
2026-06-26,14-D,wholesale,0,0,11,64.48,
2026-06-26,15-A,wholesale,0,0,19,203.09,
2026-06-26,15-B,wholesale,0,0,2,172.62,
2026-06-26,15-C,wholesale,0,0,22,138.1,
2026-06-26,15-D,wholesale,3,0,8,85.3,
2026-06-26,16P-A,wholesale,0,0,14,334.58,
2026-06-26,16P-B,wholesale,0,0,16,284.39,
2026-06-26,16P-C,wholesale,0,0,14,227.51,
2026-06-26,16P-D,wholesale,0,0,19,140.52,
2026-06-26,17-A,wholesale,0,0,12,365.84,
2026-06-26,17-B,wholesale,1,0,24,310.96,
2026-06-26,17-C,wholesale,1,0,14,248.77,
2026-06-26,17-D,wholesale,2,0,14,153.65,
2026-06-27,14-A,retail,0,0,0,193.63,1.251046
2026-06-27,14-B,retail,1,0,13,166.19,1.263202
2026-06-27,14-C,retail,0,0,19,138.02,1.31138
2026-06-27,14-D,retail,0,0,11,73.04,1.123516
2026-06-27,15-A,retail,3,0,19,256.14,1.251046
2026-06-27,15-B,retail,1,0,2,219.84,1.263202
2026-06-27,15-C,retail,0,0,22,182.58,1.31138
2026-06-27,15-D,retail,0,0,5,96.61,1.123516
2026-06-27,16P-A,retail,3,0,15,421.99,1.251046
2026-06-27,16P-B,retail,0,0,16,362.18,1.263202
2026-06-27,16P-C,retail,0,0,14,300.79,1.31138
2026-06-27,16P-D,retail,0,0,19,159.17,1.123516
2026-06-27,17-A,retail,1,0,12,461.42,1.251046
2026-06-27,17-B,retail,0,0,23,396.02,1.263202
2026-06-27,17-C,retail,0,0,13,328.9,1.31138
2026-06-27,17-D,retail,0,0,12,174.04,1.123516
2026-06-27,14-A,wholesale,0,1,0,153.44,
2026-06-27,14-B,wholesale,0,0,12,130.42,
2026-06-27,14-C,wholesale,1,0,19,104.34,
2026-06-27,14-D,wholesale,0,0,11,64.44,
2026-06-27,15-A,wholesale,0,0,16,202.97,
2026-06-27,15-B,wholesale,0,0,1,172.53,
2026-06-27,15-C,wholesale,0,0,22,138.02,
2026-06-27,15-D,wholesale,0,0,5,85.25,
2026-06-27,16P-A,wholesale,1,0,12,334.39,
2026-06-27,16P-B,wholesale,0,0,16,284.23,
2026-06-27,16P-C,wholesale,0,0,14,227.39,
2026-06-27,16P-D,wholesale,0,0,19,140.45,
2026-06-27,17-A,wholesale,1,0,11,365.64,
2026-06-27,17-B,wholesale,0,0,23,310.79,
2026-06-27,17-C,wholesale,0,0,13,248.63,
2026-06-27,17-D,wholesale,1,0,12,153.57,
2026-06-28,14-A,retail,3,0,10,220.97,1.428433
2026-06-28,14-B,retail,2,0,12,171.77,1.306385
2026-06-28,14-C,retail,0,0,18,143.37,1.362966
2026-06-28,14-D,retail,0,0,11,100.8,1.551442
2026-06-28,15-A,retail,0,0,16,292.3,1.428433
2026-06-28,15-B,retail,0,0,1,227.22,1.306385
2026-06-28,15-C,retail,0,0,22,189.65,1.362966
2026-06-28,15-D,retail,0,0,5,133.34,1.551442
2026-06-28,16P-A,retail,1,0,11,481.56,1.428433
2026-06-28,16P-B,retail,0,0,16,374.35,1.306385
2026-06-28,16P-C,retail,4,0,14,312.45,1.362966
2026-06-28,16P-D,retail,0,0,19,219.67,1.551442
2026-06-28,17-A,retail,0,0,10,526.55,1.428433
2026-06-28,17-B,retail,0,0,23,409.32,1.306385
2026-06-28,17-C,retail,1,0,13,341.64,1.362966
2026-06-28,17-D,retail,0,0,11,240.19,1.551442
2026-06-28,14-A,wholesale,1,0,7,153.35,
2026-06-28,14-B,wholesale,0,0,10,130.35,
2026-06-28,14-C,wholesale,0,0,18,104.28,
2026-06-28,14-D,wholesale,1,0,11,64.41,
2026-06-28,15-A,wholesale,1,0,16,202.86,
2026-06-28,15-B,wholesale,1,0,1,172.43,
2026-06-28,15-C,wholesale,0,0,22,137.94,
2026-06-28,15-D,wholesale,0,0,5,85.2,
2026-06-28,16P-A,wholesale,1,0,10,334.21,
2026-06-28,16P-B,wholesale,1,0,16,284.08,
2026-06-28,16P-C,wholesale,0,0,10,227.26,
2026-06-28,16P-D,wholesale,1,0,19,140.37,
2026-06-28,17-A,wholesale,0,0,10,365.43,
2026-06-28,17-B,wholesale,1,0,23,310.62,
2026-06-28,17-C,wholesale,0,0,12,248.49,
2026-06-28,17-D,wholesale,0,0,11,153.48,
2026-06-29,14-A,retail,0,0,6,207.8,1.344084
2026-06-29,14-B,retail,1,0,10,179.35,1.364799
2026-06-29,14-C,retail,0,0,19,167.47,1.592947
2026-06-29,14-D,retail,1,0,10,68.19,1.050075
2026-06-29,15-A,retail,0,0,15,274.88,1.344084
2026-06-29,15-B,retail,0,1,0,237.25,1.364799
2026-06-29,15-C,retail,0,0,22,221.53,1.592947
2026-06-29,15-D,retail,1,0,5,90.2,1.050075
2026-06-29,16P-A,retail,1,0,9,452.87,1.344084
2026-06-29,16P-B,retail,0,0,15,390.87,1.364799
2026-06-29,16P-C,retail,0,0,10,364.97,1.592947
2026-06-29,16P-D,retail,0,0,18,148.6,1.050075
2026-06-29,17-A,retail,2,0,10,495.18,1.344084
2026-06-29,17-B,retail,0,0,22,427.39,1.364799
2026-06-29,17-C,retail,0,0,12,399.07,1.592947
2026-06-29,17-D,retail,0,0,11,162.48,1.050075
2026-06-29,14-A,wholesale,0,0,6,153.27,
2026-06-29,14-B,wholesale,0,0,9,130.28,
2026-06-29,14-C,wholesale,0,0,19,104.22,
2026-06-29,14-D,wholesale,0,0,9,64.37,
2026-06-29,15-A,wholesale,2,0,15,202.75,
2026-06-29,15-B,wholesale,0,0,0,172.33,
2026-06-29,15-C,wholesale,0,0,22,137.87,
2026-06-29,15-D,wholesale,1,0,4,85.15,
2026-06-29,16P-A,wholesale,0,0,8,334.02,
2026-06-29,16P-B,wholesale,0,0,15,283.92,
2026-06-29,16P-C,wholesale,0,0,10,227.13,
2026-06-29,16P-D,wholesale,0,0,18,140.29,
2026-06-29,17-A,wholesale,0,0,8,365.23,
2026-06-29,17-B,wholesale,0,0,22,310.44,
2026-06-29,17-C,wholesale,0,0,12,248.36,
2026-06-29,17-D,wholesale,0,0,11,153.4,
2026-06-30,14-A,retail,1,0,7,192.46,1.245571
2026-06-30,14-B,retail,1,0,9,184.5,1.404711
2026-06-30,14-C,retail,0,0,19,139.34,1.326131
2026-06-30,14-D,retail,0,0,9,90.75,1.398384
2026-06-30,15-A,retail,1,0,13,254.59,1.245571
2026-06-30,15-B,retail,0,0,0,244.05,1.404711
2026-06-30,15-C,retail,2,0,32,184.32,1.326131
2026-06-30,15-D,retail,0,0,18,120.05,1.398384
2026-06-30,16P-A,retail,1,0,9,419.44,1.245571
2026-06-30,16P-B,retail,0,0,15,402.08,1.404711
2026-06-30,16P-C,retail,1,0,10,303.67,1.326131
2026-06-30,16P-D,retail,0,0,18,197.78,1.398384
2026-06-30,17-A,retail,1,0,8,458.63,1.245571
2026-06-30,17-B,retail,1,0,22,439.64,1.404711
2026-06-30,17-C,retail,0,0,12,332.04,1.326131
2026-06-30,17-D,retail,0,0,11,216.26,1.398384
2026-06-30,14-A,wholesale,1,0,6,153.18,
2026-06-30,14-B,wholesale,0,0,8,130.2,
2026-06-30,14-C,wholesale,0,0,19,104.16,
2026-06-30,14-D,wholesale,3,0,9,64.34,
2026-06-30,15-A,wholesale,0,0,12,202.63,
2026-06-30,15-B,wholesale,0,0,0,172.24,
2026-06-30,15-C,wholesale,0,0,30,137.79,
2026-06-30,15-D,wholesale,2,0,18,85.11,
2026-06-30,16P-A,wholesale,1,0,8,333.83,
2026-06-30,16P-B,wholesale,0,0,15,283.76,
2026-06-30,16P-C,wholesale,0,0,9,227.01,
2026-06-30,16P-D,wholesale,7,0,18,140.21,
2026-06-30,17-A,wholesale,0,0,7,365.02,
2026-06-30,17-B,wholesale,1,0,21,310.27,
2026-06-30,17-C,wholesale,0,0,12,248.22,
2026-06-30,17-D,wholesale,3,0,11,153.31,
2026-07-01,14-A,retail,0,0,5,220.73,1.429332
2026-07-01,14-B,retail,1,0,8,145.99,1.112197
2026-07-01,14-C,retail,0,0,19,153.27,1.459538
2026-07-01,14-D,retail,1,0,6,94.42,1.4557
2026-07-01,15-A,retail,1,0,12,291.99,1.429332
2026-07-01,15-B,retail,0,1,0,193.12,1.112197
2026-07-01,15-C,retail,0,0,30,202.75,1.459538
2026-07-01,15-D,retail,0,0,16,124.9,1.4557
2026-07-01,16P-A,retail,0,0,7,481.05,1.429332
2026-07-01,16P-B,retail,1,0,25,318.17,1.112197
2026-07-01,16P-C,retail,0,0,9,334.03,1.459538
2026-07-01,16P-D,retail,0,0,21,205.77,1.4557
2026-07-01,17-A,retail,1,0,7,526.0,1.429332
2026-07-01,17-B,retail,0,0,20,347.9,1.112197
2026-07-01,17-C,retail,0,0,13,365.24,1.459538
2026-07-01,17-D,retail,0,0,8,224.99,1.4557
2026-07-01,14-A,wholesale,2,0,5,153.1,
2026-07-01,14-B,wholesale,3,0,7,130.13,
2026-07-01,14-C,wholesale,2,0,19,104.11,
2026-07-01,14-D,wholesale,0,0,5,64.3,
2026-07-01,15-A,wholesale,0,0,11,202.52,
2026-07-01,15-B,wholesale,0,0,0,172.14,
2026-07-01,15-C,wholesale,1,0,30,137.71,
2026-07-01,15-D,wholesale,0,0,16,85.06,
2026-07-01,16P-A,wholesale,0,0,7,333.65,
2026-07-01,16P-B,wholesale,0,0,24,283.6,
2026-07-01,16P-C,wholesale,1,0,9,226.88,
2026-07-01,16P-D,wholesale,1,0,21,140.13,
2026-07-01,17-A,wholesale,0,0,6,364.82,
2026-07-01,17-B,wholesale,0,0,20,310.1,
2026-07-01,17-C,wholesale,0,0,13,248.08,
2026-07-01,17-D,wholesale,0,0,8,153.22,
2026-07-02,14-A,retail,3,1,3,187.73,1.21628
2026-07-02,14-B,retail,0,0,4,181.08,1.380258
2026-07-02,14-C,retail,0,0,17,145.51,1.386422
2026-07-02,14-D,retail,0,0,15,69.83,1.077268
2026-07-02,15-A,retail,0,0,11,248.33,1.21628
2026-07-02,15-B,retail,3,0,15,239.54,1.380258
2026-07-02,15-C,retail,0,0,29,192.49,1.386422
2026-07-02,15-D,retail,0,0,16,92.38,1.077268
2026-07-02,16P-A,retail,1,0,7,409.12,1.21628
2026-07-02,16P-B,retail,0,0,24,394.63,1.380258
2026-07-02,16P-C,retail,0,0,18,317.12,1.386422
2026-07-02,16P-D,retail,0,0,20,152.19,1.077268
2026-07-02,17-A,retail,0,0,6,447.34,1.21628
2026-07-02,17-B,retail,1,0,20,431.51,1.380258
2026-07-02,17-C,retail,0,0,13,346.75,1.386422
2026-07-02,17-D,retail,0,0,8,166.41,1.077268
2026-07-02,14-A,wholesale,0,0,0,153.01,
2026-07-02,14-B,wholesale,0,0,4,130.06,
2026-07-02,14-C,wholesale,1,0,17,104.05,
2026-07-02,14-D,wholesale,0,0,15,64.26,
2026-07-02,15-A,wholesale,0,0,11,202.41,
2026-07-02,15-B,wholesale,0,0,12,172.05,
2026-07-02,15-C,wholesale,0,0,29,137.64,
2026-07-02,15-D,wholesale,2,0,16,85.01,
2026-07-02,16P-A,wholesale,0,0,6,333.46,
2026-07-02,16P-B,wholesale,1,0,24,283.44,
2026-07-02,16P-C,wholesale,0,0,18,226.75,
2026-07-02,16P-D,wholesale,0,0,20,140.05,
2026-07-02,17-A,wholesale,0,0,6,364.62,
2026-07-02,17-B,wholesale,0,0,19,309.92,
2026-07-02,17-C,wholesale,0,0,13,247.94,
2026-07-02,17-D,wholesale,1,0,8,153.14,
2026-07-03,14-A,retail,0,1,0,182.47,1.18285
2026-07-03,14-B,retail,0,0,14,187.6,1.430742
2026-07-03,14-C,retail,1,0,16,121.83,1.161418
2026-07-03,14-D,retail,0,0,15,73.73,1.138066
2026-07-03,15-A,retail,3,0,21,241.37,1.18285
2026-07-03,15-B,retail,0,0,12,248.16,1.430742
2026-07-03,15-C,retail,2,0,29,161.16,1.161418
2026-07-03,15-D,retail,0,0,14,97.54,1.138066
2026-07-03,16P-A,retail,3,0,6,397.65,1.18285
2026-07-03,16P-B,retail,0,0,23,408.84,1.430742
2026-07-03,16P-C,retail,0,0,18,265.5,1.161418
2026-07-03,16P-D,retail,0,0,20,160.69,1.138066
2026-07-03,17-A,retail,1,0,6,434.81,1.18285
2026-07-03,17-B,retail,0,0,19,447.04,1.430742
2026-07-03,17-C,retail,0,0,13,290.31,1.161418
2026-07-03,17-D,retail,0,0,7,175.7,1.138066
2026-07-03,14-A,wholesale,0,0,0,152.93,
2026-07-03,14-B,wholesale,0,0,14,129.99,
2026-07-03,14-C,wholesale,0,0,15,103.99,
2026-07-03,14-D,wholesale,0,0,15,64.23,
2026-07-03,15-A,wholesale,0,0,18,202.29,
2026-07-03,15-B,wholesale,1,0,12,171.95,
2026-07-03,15-C,wholesale,0,0,27,137.56,
2026-07-03,15-D,wholesale,0,0,14,84.96,
2026-07-03,16P-A,wholesale,0,0,3,333.27,
2026-07-03,16P-B,wholesale,2,0,23,283.28,
2026-07-03,16P-C,wholesale,0,0,18,226.63,
2026-07-03,16P-D,wholesale,1,0,20,139.98,
2026-07-03,17-A,wholesale,0,0,5,364.41,
2026-07-03,17-B,wholesale,0,0,19,309.75,
2026-07-03,17-C,wholesale,1,0,13,247.8,
2026-07-03,17-D,wholesale,0,0,7,153.05,
2026-07-04,14-A,retail,0,0,0,197.62,1.281796
2026-07-04,14-B,retail,0,0,25,180.65,1.378519
2026-07-04,14-C,retail,2,0,15,120.95,1.153688
2026-07-04,14-D,retail,1,0,15,86.05,1.32889
2026-07-04,15-A,retail,1,0,18,261.41,1.281796
2026-07-04,15-B,retail,1,0,11,238.97,1.378519
2026-07-04,15-C,retail,0,0,27,160.0,1.153688
2026-07-04,15-D,retail,0,0,24,113.83,1.32889
2026-07-04,16P-A,retail,2,0,3,430.68,1.281796
2026-07-04,16P-B,retail,0,0,21,393.7,1.378519
2026-07-04,16P-C,retail,2,0,18,263.59,1.153688
2026-07-04,16P-D,retail,0,0,19,187.53,1.32889
2026-07-04,17-A,retail,0,0,5,470.91,1.281796
2026-07-04,17-B,retail,0,0,19,430.48,1.378519
2026-07-04,17-C,retail,0,0,22,288.22,1.153688
2026-07-04,17-D,retail,0,0,7,205.05,1.32889
2026-07-04,14-A,wholesale,0,0,0,152.84,
2026-07-04,14-B,wholesale,1,0,25,129.91,
2026-07-04,14-C,wholesale,1,0,13,103.93,
2026-07-04,14-D,wholesale,2,0,14,64.19,
2026-07-04,15-A,wholesale,0,0,17,202.18,
2026-07-04,15-B,wholesale,1,0,10,171.85,
2026-07-04,15-C,wholesale,0,0,27,137.48,
2026-07-04,15-D,wholesale,1,0,24,84.92,
2026-07-04,16P-A,wholesale,0,0,1,333.09,
2026-07-04,16P-B,wholesale,1,0,21,283.13,
2026-07-04,16P-C,wholesale,0,0,16,226.5,
2026-07-04,16P-D,wholesale,1,0,19,139.9,
2026-07-04,17-A,wholesale,0,0,5,364.21,
2026-07-04,17-B,wholesale,1,0,19,309.58,
2026-07-04,17-C,wholesale,0,0,22,247.66,
2026-07-04,17-D,wholesale,2,0,7,152.97,
2026-07-05,14-A,retail,1,0,15,240.93,1.563615
2026-07-05,14-B,retail,1,0,24,148.29,1.1322
2026-07-05,14-C,retail,0,0,12,146.27,1.395934
2026-07-05,14-D,retail,0,0,12,90.18,1.393424
2026-07-05,15-A,retail,0,0,17,318.71,1.563615
2026-07-05,15-B,retail,1,0,9,196.16,1.1322
2026-07-05,15-C,retail,1,0,27,193.48,1.395934
2026-07-05,15-D,retail,0,0,23,119.29,1.393424
2026-07-05,16P-A,retail,0,0,1,525.07,1.563615
2026-07-05,16P-B,retail,0,0,30,323.17,1.1322
2026-07-05,16P-C,retail,0,0,16,318.76,1.395934
2026-07-05,16P-D,retail,0,0,18,196.53,1.393424
2026-07-05,17-A,retail,0,0,5,574.13,1.563615
2026-07-05,17-B,retail,0,0,18,353.36,1.1322
2026-07-05,17-C,retail,0,0,22,348.54,1.395934
2026-07-05,17-D,retail,0,0,5,214.89,1.393424
2026-07-05,14-A,wholesale,1,0,14,152.76,
2026-07-05,14-B,wholesale,0,0,23,129.84,
2026-07-05,14-C,wholesale,1,0,12,103.87,
2026-07-05,14-D,wholesale,3,0,12,64.16,
2026-07-05,15-A,wholesale,0,0,17,202.07,
2026-07-05,15-B,wholesale,0,0,8,171.76,
2026-07-05,15-C,wholesale,0,0,26,137.41,
2026-07-05,15-D,wholesale,0,0,23,84.87,
2026-07-05,16P-A,wholesale,0,0,1,332.9,
2026-07-05,16P-B,wholesale,0,0,30,282.97,
2026-07-05,16P-C,wholesale,0,0,16,226.37,
2026-07-05,16P-D,wholesale,1,0,18,139.82,
2026-07-05,17-A,wholesale,0,0,5,364.01,
2026-07-05,17-B,wholesale,0,0,18,309.41,
2026-07-05,17-C,wholesale,1,0,22,247.52,
2026-07-05,17-D,wholesale,0,0,5,152.88,
2026-07-06,14-A,retail,2,0,13,208.44,1.353467
2026-07-06,14-B,retail,0,0,23,173.25,1.323527
2026-07-06,14-C,retail,0,0,12,138.3,1.320643
2026-07-06,14-D,retail,0,0,9,82.15,1.27015
2026-07-06,15-A,retail,2,0,17,275.72,1.353467
2026-07-06,15-B,retail,2,0,8,229.18,1.323527
2026-07-06,15-C,retail,1,0,26,182.94,1.320643
2026-07-06,15-D,retail,0,0,23,108.67,1.27015
2026-07-06,16P-A,retail,1,1,1,454.25,1.353467
2026-07-06,16P-B,retail,2,0,30,377.57,1.323527
2026-07-06,16P-C,retail,0,0,16,301.4,1.320643
2026-07-06,16P-D,retail,0,0,17,179.04,1.27015
2026-07-06,17-A,retail,0,0,5,496.69,1.353467
2026-07-06,17-B,retail,0,0,18,412.85,1.323527
2026-07-06,17-C,retail,0,0,21,329.56,1.320643
2026-07-06,17-D,retail,0,0,5,195.77,1.27015
2026-07-06,14-A,wholesale,0,0,11,152.67,
2026-07-06,14-B,wholesale,0,0,23,129.77,
2026-07-06,14-C,wholesale,0,0,12,103.82,
2026-07-06,14-D,wholesale,3,0,9,64.12,
2026-07-06,15-A,wholesale,0,0,15,201.95,
2026-07-06,15-B,wholesale,0,0,6,171.66,
2026-07-06,15-C,wholesale,1,0,25,137.33,
2026-07-06,15-D,wholesale,6,0,23,84.82,
2026-07-06,16P-A,wholesale,0,0,0,332.72,
2026-07-06,16P-B,wholesale,0,0,28,282.81,
2026-07-06,16P-C,wholesale,0,0,16,226.25,
2026-07-06,16P-D,wholesale,0,0,17,139.74,
2026-07-06,17-A,wholesale,0,0,5,363.8,
2026-07-06,17-B,wholesale,2,0,18,309.23,
2026-07-06,17-C,wholesale,0,0,21,247.39,
2026-07-06,17-D,wholesale,2,0,5,152.8,
2026-07-07,14-A,retail,0,0,11,224.96,1.461566
2026-07-07,14-B,retail,1,0,23,185.01,1.414185
2026-07-07,14-C,retail,0,0,12,129.78,1.239962
2026-07-07,14-D,retail,0,0,6,83.61,1.293345
2026-07-07,15-A,retail,0,0,15,297.58,1.461566
2026-07-07,15-B,retail,1,0,6,244.74,1.414185
2026-07-07,15-C,retail,1,0,24,171.67,1.239962
2026-07-07,15-D,retail,0,0,17,110.6,1.293345
2026-07-07,16P-A,retail,0,1,0,490.26,1.461566
2026-07-07,16P-B,retail,0,0,28,403.21,1.414185
2026-07-07,16P-C,retail,1,0,16,282.83,1.239962
2026-07-07,16P-D,retail,0,0,17,182.21,1.293345
2026-07-07,17-A,retail,0,0,5,536.06,1.461566
2026-07-07,17-B,retail,0,0,16,440.88,1.414185
2026-07-07,17-C,retail,0,0,21,309.25,1.239962
2026-07-07,17-D,retail,0,0,3,199.23,1.293345
2026-07-07,14-A,wholesale,1,0,11,152.58,
2026-07-07,14-B,wholesale,0,0,22,129.7,
2026-07-07,14-C,wholesale,0,0,12,103.76,
2026-07-07,14-D,wholesale,1,0,6,64.09,
2026-07-07,15-A,wholesale,0,0,15,201.84,
2026-07-07,15-B,wholesale,1,0,5,171.57,
2026-07-07,15-C,wholesale,1,0,23,137.25,
2026-07-07,15-D,wholesale,1,0,17,84.77,
2026-07-07,16P-A,wholesale,0,0,0,332.53,
2026-07-07,16P-B,wholesale,0,0,28,282.65,
2026-07-07,16P-C,wholesale,0,0,15,226.12,
2026-07-07,16P-D,wholesale,0,0,17,139.66,
2026-07-07,17-A,wholesale,0,0,5,363.6,
2026-07-07,17-B,wholesale,0,0,16,309.06,
2026-07-07,17-C,wholesale,0,0,21,247.25,
2026-07-07,17-D,wholesale,0,0,3,152.71,
2026-07-08,14-A,retail,0,0,10,230.69,1.499628
2026-07-08,14-B,retail,1,0,22,214.45,1.640099
2026-07-08,14-C,retail,0,0,12,138.28,1.321932
2026-07-08,14-D,retail,1,0,5,74.85,1.158597
2026-07-08,15-A,retail,1,0,15,305.16,1.499628
2026-07-08,15-B,retail,1,0,4,283.68,1.640099
2026-07-08,15-C,retail,0,0,22,182.92,1.321932
2026-07-08,15-D,retail,0,0,16,99.02,1.158597
2026-07-08,16P-A,retail,0,1,0,502.74,1.499628
2026-07-08,16P-B,retail,0,0,28,467.36,1.640099
2026-07-08,16P-C,retail,0,0,16,301.36,1.321932
2026-07-08,16P-D,retail,0,0,17,163.13,1.158597
2026-07-08,17-A,retail,0,0,5,549.71,1.499628
2026-07-08,17-B,retail,0,0,16,511.02,1.640099
2026-07-08,17-C,retail,0,0,21,329.51,1.321932
2026-07-08,17-D,retail,0,0,3,178.38,1.158597
2026-07-08,14-A,wholesale,0,0,10,152.5,
2026-07-08,14-B,wholesale,1,0,21,129.62,
2026-07-08,14-C,wholesale,0,0,12,103.7,
2026-07-08,14-D,wholesale,0,0,4,64.05,
2026-07-08,15-A,wholesale,0,0,14,201.73,
2026-07-08,15-B,wholesale,0,0,3,171.47,
2026-07-08,15-C,wholesale,1,0,22,137.18,
2026-07-08,15-D,wholesale,1,0,16,84.73,
2026-07-08,16P-A,wholesale,0,0,0,332.35,
2026-07-08,16P-B,wholesale,1,0,28,282.49,
2026-07-08,16P-C,wholesale,1,0,16,226.0,
2026-07-08,16P-D,wholesale,4,0,17,139.59,
2026-07-08,17-A,wholesale,0,0,5,363.4,
2026-07-08,17-B,wholesale,0,0,16,308.89,
2026-07-08,17-C,wholesale,0,0,21,247.11,
2026-07-08,17-D,wholesale,0,0,3,152.63,
2026-07-09,14-A,retail,1,0,10,217.24,1.413005
2026-07-09,14-B,retail,0,0,20,185.28,1.417764
2026-07-09,14-C,retail,1,0,12,125.03,1.195967
2026-07-09,14-D,retail,0,0,5,95.32,1.47617
2026-07-09,15-A,retail,0,0,14,287.37,1.413005
2026-07-09,15-B,retail,1,0,4,245.09,1.417764
2026-07-09,15-C,retail,1,0,21,165.4,1.195967
2026-07-09,15-D,retail,0,0,15,126.09,1.47617
2026-07-09,16P-A,retail,0,0,0,473.44,1.413005
2026-07-09,16P-B,retail,1,0,27,403.78,1.417764
2026-07-09,16P-C,retail,0,0,25,272.49,1.195967
2026-07-09,16P-D,retail,0,0,13,207.73,1.47617
2026-07-09,17-A,retail,0,0,15,517.67,1.413005
2026-07-09,17-B,retail,0,0,16,441.5,1.417764
2026-07-09,17-C,retail,0,0,21,297.95,1.195967
2026-07-09,17-D,retail,0,0,3,227.14,1.47617
2026-07-09,14-A,wholesale,1,0,9,152.41,
2026-07-09,14-B,wholesale,0,0,20,129.55,
2026-07-09,14-C,wholesale,3,0,11,103.64,
2026-07-09,14-D,wholesale,0,0,5,64.01,
2026-07-09,15-A,wholesale,2,0,14,201.62,
2026-07-09,15-B,wholesale,0,0,3,171.37,
2026-07-09,15-C,wholesale,1,0,20,137.1,
2026-07-09,15-D,wholesale,3,0,15,84.68,
2026-07-09,16P-A,wholesale,0,0,0,332.16,
2026-07-09,16P-B,wholesale,0,0,26,282.34,
2026-07-09,16P-C,wholesale,0,0,25,225.87,
2026-07-09,16P-D,wholesale,0,0,13,139.51,
2026-07-09,17-A,wholesale,0,0,15,363.19,
2026-07-09,17-B,wholesale,0,0,16,308.72,
2026-07-09,17-C,wholesale,1,0,21,246.97,
2026-07-09,17-D,wholesale,0,0,3,152.54,
2026-07-10,14-A,retail,0,0,8,197.88,1.28783
2026-07-10,14-B,retail,1,0,20,163.21,1.249626
2026-07-10,14-C,retail,0,0,18,162.09,1.551249
2026-07-10,14-D,retail,0,0,5,80.04,1.240228
2026-07-10,15-A,retail,1,0,12,261.77,1.28783
2026-07-10,15-B,retail,2,0,18,215.9,1.249626
2026-07-10,15-C,retail,0,0,19,214.41,1.551249
2026-07-10,15-D,retail,0,0,12,105.88,1.240228
2026-07-10,16P-A,retail,0,0,0,431.26,1.28783
2026-07-10,16P-B,retail,1,0,26,355.69,1.249626
2026-07-10,16P-C,retail,0,0,25,353.24,1.551249
2026-07-10,16P-D,retail,0,0,13,174.43,1.240228
2026-07-10,17-A,retail,0,0,15,471.55,1.28783
2026-07-10,17-B,retail,0,0,16,388.93,1.249626
2026-07-10,17-C,retail,1,0,20,386.24,1.551249
2026-07-10,17-D,retail,0,0,3,190.73,1.240228
2026-07-10,14-A,wholesale,0,0,8,152.33,
2026-07-10,14-B,wholesale,0,0,19,129.48,
2026-07-10,14-C,wholesale,1,0,18,103.58,
2026-07-10,14-D,wholesale,1,0,5,63.98,
2026-07-10,15-A,wholesale,1,0,11,201.5,
2026-07-10,15-B,wholesale,0,0,16,171.28,
2026-07-10,15-C,wholesale,2,0,19,137.02,
2026-07-10,15-D,wholesale,0,0,12,84.63,
2026-07-10,16P-A,wholesale,0,1,0,331.97,
2026-07-10,16P-B,wholesale,0,0,25,282.18,
2026-07-10,16P-C,wholesale,0,0,25,225.74,
2026-07-10,16P-D,wholesale,0,0,13,139.43,
2026-07-10,17-A,wholesale,0,0,15,362.99,
2026-07-10,17-B,wholesale,0,0,16,308.54,
2026-07-10,17-C,wholesale,1,0,19,246.83,
2026-07-10,17-D,wholesale,1,0,3,152.46,
2026-07-11,14-A,retail,1,0,8,193.39,1.259277
2026-07-11,14-B,retail,2,0,19,228.99,1.754239
2026-07-11,14-C,retail,0,0,17,134.22,1.285321
2026-07-11,14-D,retail,0,0,4,70.73,1.096618
2026-07-11,15-A,retail,0,0,10,255.82,1.259277
2026-07-11,15-B,retail,0,0,16,302.91,1.754239
2026-07-11,15-C,retail,1,0,17,177.55,1.285321
2026-07-11,15-D,retail,0,0,12,93.57,1.096618
2026-07-11,16P-A,retail,0,0,10,421.46,1.259277
2026-07-11,16P-B,retail,4,0,25,499.05,1.754239
2026-07-11,16P-C,retail,0,0,25,292.52,1.285321
2026-07-11,16P-D,retail,0,0,13,154.15,1.096618
2026-07-11,17-A,retail,0,0,15,460.84,1.259277
2026-07-11,17-B,retail,0,0,16,545.67,1.754239
2026-07-11,17-C,retail,1,0,18,319.85,1.285321
2026-07-11,17-D,retail,0,0,12,168.55,1.096618
2026-07-11,14-A,wholesale,0,0,7,152.24,
2026-07-11,14-B,wholesale,0,0,17,129.41,
2026-07-11,14-C,wholesale,0,0,17,103.53,
2026-07-11,14-D,wholesale,0,0,4,63.94,
2026-07-11,15-A,wholesale,0,0,10,201.39,
2026-07-11,15-B,wholesale,0,0,16,171.18,
2026-07-11,15-C,wholesale,0,0,16,136.95,
2026-07-11,15-D,wholesale,1,0,12,84.58,
2026-07-11,16P-A,wholesale,0,0,10,331.79,
2026-07-11,16P-B,wholesale,0,0,21,282.02,
2026-07-11,16P-C,wholesale,2,0,25,225.62,
2026-07-11,16P-D,wholesale,1,0,13,139.35,
2026-07-11,17-A,wholesale,0,0,15,362.79,
2026-07-11,17-B,wholesale,1,0,16,308.37,
2026-07-11,17-C,wholesale,0,0,17,246.7,
2026-07-11,17-D,wholesale,1,0,12,152.37,
2026-07-12,14-A,retail,0,0,7,208.0,1.355176
2026-07-12,14-B,retail,0,0,27,156.45,1.199169
2026-07-12,14-C,retail,0,0,17,133.48,1.27895
2026-07-12,14-D,retail,0,0,4,78.88,1.223609
2026-07-12,15-A,retail,2,0,10,275.15,1.355176
2026-07-12,15-B,retail,0,0,16,206.95,1.199169
2026-07-12,15-C,retail,1,0,16,176.58,1.27895
2026-07-12,15-D,retail,0,0,11,104.34,1.223609
2026-07-12,16P-A,retail,0,0,10,453.3,1.355176
2026-07-12,16P-B,retail,3,0,21,340.95,1.199169
2026-07-12,16P-C,retail,0,0,23,290.91,1.27895
2026-07-12,16P-D,retail,1,0,12,171.9,1.223609
2026-07-12,17-A,retail,0,0,15,495.65,1.355176
2026-07-12,17-B,retail,0,0,16,372.81,1.199169
2026-07-12,17-C,retail,0,0,17,318.09,1.27895
2026-07-12,17-D,retail,0,0,11,187.96,1.223609
2026-07-12,14-A,wholesale,0,0,7,152.16,
2026-07-12,14-B,wholesale,0,0,27,129.34,
2026-07-12,14-C,wholesale,0,0,17,103.47,
2026-07-12,14-D,wholesale,1,0,4,63.91,
2026-07-12,15-A,wholesale,0,0,8,201.28,
2026-07-12,15-B,wholesale,0,0,16,171.09,
2026-07-12,15-C,wholesale,0,0,15,136.87,
2026-07-12,15-D,wholesale,1,0,11,84.54,
2026-07-12,16P-A,wholesale,0,0,10,331.6,
2026-07-12,16P-B,wholesale,0,0,18,281.86,
2026-07-12,16P-C,wholesale,1,0,23,225.49,
2026-07-12,16P-D,wholesale,0,0,11,139.27,
2026-07-12,17-A,wholesale,1,0,15,362.59,
2026-07-12,17-B,wholesale,0,0,16,308.2,
2026-07-12,17-C,wholesale,2,0,17,246.56,
2026-07-12,17-D,wholesale,1,0,11,152.29,
2026-07-13,14-A,retail,0,0,7,192.05,1.251958
2026-07-13,14-B,retail,1,0,27,146.93,1.126818
2026-07-13,14-C,retail,1,0,17,120.6,1.156124
2026-07-13,14-D,retail,1,0,3,68.7,1.066304
2026-07-13,15-A,retail,2,0,8,254.05,1.251958
2026-07-13,15-B,retail,0,0,16,194.36,1.126818
2026-07-13,15-C,retail,2,0,25,159.53,1.156124
2026-07-13,15-D,retail,1,0,20,90.88,1.066304
2026-07-13,16P-A,retail,2,0,20,418.54,1.251958
2026-07-13,16P-B,retail,0,0,18,320.2,1.126818
2026-07-13,16P-C,retail,0,0,22,262.82,1.156124
2026-07-13,16P-D,retail,0,0,11,149.72,1.066304
2026-07-13,17-A,retail,0,0,14,457.65,1.251958
2026-07-13,17-B,retail,1,0,16,350.12,1.126818
2026-07-13,17-C,retail,0,0,15,287.38,1.156124
2026-07-13,17-D,retail,0,0,10,163.71,1.066304
2026-07-13,14-A,wholesale,1,0,7,152.07,
2026-07-13,14-B,wholesale,1,0,26,129.26,
2026-07-13,14-C,wholesale,0,0,16,103.41,
2026-07-13,14-D,wholesale,2,0,2,63.87,
2026-07-13,15-A,wholesale,0,0,6,201.17,
2026-07-13,15-B,wholesale,0,0,16,170.99,
2026-07-13,15-C,wholesale,1,0,23,136.79,
2026-07-13,15-D,wholesale,2,0,19,84.49,
2026-07-13,16P-A,wholesale,1,0,18,331.42,
2026-07-13,16P-B,wholesale,0,0,18,281.71,
2026-07-13,16P-C,wholesale,0,0,22,225.36,
2026-07-13,16P-D,wholesale,1,0,11,139.2,
2026-07-13,17-A,wholesale,0,0,14,362.38,
2026-07-13,17-B,wholesale,1,0,15,308.03,
2026-07-13,17-C,wholesale,1,0,15,246.42,
2026-07-13,17-D,wholesale,0,0,10,152.2,
2026-07-14,14-A,retail,0,0,16,191.78,1.250892
2026-07-14,14-B,retail,0,0,25,166.17,1.275093
2026-07-14,14-C,retail,0,0,16,148.11,1.420621
2026-07-14,14-D,retail,0,0,10,86.38,1.341465
2026-07-14,15-A,retail,0,0,6,253.69,1.250892
2026-07-14,15-B,retail,1,0,16,219.81,1.275093
2026-07-14,15-C,retail,0,0,22,195.92,1.420621
2026-07-14,15-D,retail,0,0,17,114.26,1.341465
2026-07-14,16P-A,retail,4,0,27,417.95,1.250892
2026-07-14,16P-B,retail,0,0,18,362.13,1.275093
2026-07-14,16P-C,retail,0,0,23,322.77,1.420621
2026-07-14,16P-D,retail,0,0,10,188.25,1.341465
2026-07-14,17-A,retail,1,0,14,457.0,1.250892
2026-07-14,17-B,retail,0,0,14,395.97,1.275093
2026-07-14,17-C,retail,0,0,14,352.93,1.420621
2026-07-14,17-D,retail,0,0,10,205.84,1.341465
2026-07-14,14-A,wholesale,2,0,16,151.99,
2026-07-14,14-B,wholesale,0,0,25,129.19,
2026-07-14,14-C,wholesale,1,0,16,103.35,
2026-07-14,14-D,wholesale,0,0,10,63.84,
2026-07-14,15-A,wholesale,1,0,6,201.05,
2026-07-14,15-B,wholesale,1,0,15,170.9,
2026-07-14,15-C,wholesale,0,0,22,136.72,
2026-07-14,15-D,wholesale,2,0,17,84.44,
2026-07-14,16P-A,wholesale,0,0,23,331.23,
2026-07-14,16P-B,wholesale,0,0,18,281.55,
2026-07-14,16P-C,wholesale,1,0,23,225.24,
2026-07-14,16P-D,wholesale,0,0,10,139.12,
2026-07-14,17-A,wholesale,0,0,13,362.18,
2026-07-14,17-B,wholesale,0,0,14,307.85,
2026-07-14,17-C,wholesale,0,0,14,246.28,
2026-07-14,17-D,wholesale,0,0,10,152.12,
2026-07-15,14-A,retail,1,0,14,192.04,1.253303
2026-07-15,14-B,retail,3,0,25,156.45,1.201179
2026-07-15,14-C,retail,0,0,15,121.04,1.161642
2026-07-15,14-D,retail,0,0,10,73.13,1.136315
2026-07-15,15-A,retail,0,0,15,254.04,1.253303
2026-07-15,15-B,retail,2,0,24,206.95,1.201179
2026-07-15,15-C,retail,2,0,22,160.11,1.161642
2026-07-15,15-D,retail,0,0,15,96.74,1.136315
2026-07-15,16P-A,retail,1,0,23,418.52,1.253303
2026-07-15,16P-B,retail,0,0,18,340.95,1.201179
2026-07-15,16P-C,retail,0,0,22,263.78,1.161642
2026-07-15,16P-D,retail,0,0,10,159.37,1.136315
2026-07-15,17-A,retail,0,0,13,457.63,1.253303
2026-07-15,17-B,retail,0,0,14,372.8,1.201179
2026-07-15,17-C,retail,0,0,14,288.43,1.161642
2026-07-15,17-D,retail,0,0,10,174.26,1.136315
2026-07-15,14-A,wholesale,0,0,13,151.9,
2026-07-15,14-B,wholesale,0,0,22,129.12,
2026-07-15,14-C,wholesale,1,0,15,103.29,
2026-07-15,14-D,wholesale,0,0,10,63.8,
2026-07-15,15-A,wholesale,1,0,15,200.94,
2026-07-15,15-B,wholesale,1,0,22,170.8,
2026-07-15,15-C,wholesale,0,0,20,136.64,
2026-07-15,15-D,wholesale,0,0,15,84.4,
2026-07-15,16P-A,wholesale,1,0,22,331.05,
2026-07-15,16P-B,wholesale,0,0,18,281.39,
2026-07-15,16P-C,wholesale,0,0,22,225.11,
2026-07-15,16P-D,wholesale,0,0,10,139.04,
2026-07-15,17-A,wholesale,0,0,13,361.98,
2026-07-15,17-B,wholesale,0,0,14,307.68,
2026-07-15,17-C,wholesale,0,0,14,246.15,
2026-07-15,17-D,wholesale,0,0,10,152.03,
2026-07-16,14-A,retail,3,0,13,165.45,1.080387
2026-07-16,14-B,retail,0,0,22,178.97,1.374838
2026-07-16,14-C,retail,1,0,14,150.68,1.446915
2026-07-16,14-D,retail,1,0,10,81.28,1.26363
2026-07-16,15-A,retail,2,0,14,218.87,1.080387
2026-07-16,15-B,retail,0,0,21,236.74,1.374838
2026-07-16,15-C,retail,0,0,20,199.32,1.446915
2026-07-16,15-D,retail,0,0,15,107.51,1.26363
2026-07-16,16P-A,retail,2,0,21,360.58,1.080387
2026-07-16,16P-B,retail,0,0,18,390.02,1.374838
2026-07-16,16P-C,retail,0,0,22,328.38,1.446915
2026-07-16,16P-D,retail,0,0,20,177.13,1.26363
2026-07-16,17-A,retail,2,0,13,394.27,1.080387
2026-07-16,17-B,retail,1,0,14,426.46,1.374838
2026-07-16,17-C,retail,0,0,14,359.06,1.446915
2026-07-16,17-D,retail,0,0,10,193.68,1.26363
2026-07-16,14-A,wholesale,0,0,10,151.82,
2026-07-16,14-B,wholesale,1,0,22,129.05,
2026-07-16,14-C,wholesale,0,0,13,103.24,
2026-07-16,14-D,wholesale,1,0,9,63.76,
2026-07-16,15-A,wholesale,0,0,12,200.83,
2026-07-16,15-B,wholesale,0,0,21,170.71,
2026-07-16,15-C,wholesale,1,0,20,136.56,
2026-07-16,15-D,wholesale,0,0,15,84.35,
2026-07-16,16P-A,wholesale,0,0,19,330.86,
2026-07-16,16P-B,wholesale,0,0,18,281.23,
2026-07-16,16P-C,wholesale,0,0,22,224.99,
2026-07-16,16P-D,wholesale,0,0,20,138.96,
2026-07-16,17-A,wholesale,0,0,11,361.78,
2026-07-16,17-B,wholesale,0,0,13,307.51,
2026-07-16,17-C,wholesale,1,0,14,246.01,
2026-07-16,17-D,wholesale,0,0,10,151.95,
2026-07-17,14-A,retail,0,0,10,192.94,1.260597
2026-07-17,14-B,retail,0,0,21,152.37,1.171204
2026-07-17,14-C,retail,0,0,13,131.79,1.266268
2026-07-17,14-D,retail,0,0,8,91.04,1.41626
2026-07-17,15-A,retail,1,0,12,255.23,1.260597
2026-07-17,15-B,retail,5,0,21,201.56,1.171204
2026-07-17,15-C,retail,1,0,20,174.34,1.266268
2026-07-17,15-D,retail,0,0,15,120.43,1.41626
2026-07-17,16P-A,retail,1,0,19,420.49,1.260597
2026-07-17,16P-B,retail,1,0,18,332.07,1.171204
2026-07-17,16P-C,retail,0,0,22,287.22,1.266268
2026-07-17,16P-D,retail,0,0,20,198.41,1.41626
2026-07-17,17-A,retail,0,0,11,459.78,1.260597
2026-07-17,17-B,retail,0,0,13,363.1,1.171204
2026-07-17,17-C,retail,0,0,13,314.05,1.266268
2026-07-17,17-D,retail,0,0,10,216.95,1.41626
2026-07-17,14-A,wholesale,0,0,10,151.73,
2026-07-17,14-B,wholesale,0,0,21,128.97,
2026-07-17,14-C,wholesale,1,0,13,103.18,
2026-07-17,14-D,wholesale,1,0,8,63.73,
2026-07-17,15-A,wholesale,0,0,11,200.72,
2026-07-17,15-B,wholesale,0,0,16,170.61,
2026-07-17,15-C,wholesale,2,0,19,136.49,
2026-07-17,15-D,wholesale,0,0,15,84.3,
2026-07-17,16P-A,wholesale,0,0,18,330.68,
2026-07-17,16P-B,wholesale,0,0,17,281.08,
2026-07-17,16P-C,wholesale,0,0,22,224.86,
2026-07-17,16P-D,wholesale,1,0,20,138.89,
2026-07-17,17-A,wholesale,0,0,11,361.58,
2026-07-17,17-B,wholesale,0,0,13,307.34,
2026-07-17,17-C,wholesale,0,0,13,245.87,
2026-07-17,17-D,wholesale,1,0,10,151.86,
2026-07-18,14-A,retail,1,0,10,185.7,1.213967
2026-07-18,14-B,retail,0,0,21,195.65,1.504678
2026-07-18,14-C,retail,0,0,12,153.29,1.473685
2026-07-18,14-D,retail,0,0,7,93.18,1.450247
2026-07-18,15-A,retail,1,0,11,245.65,1.213967
2026-07-18,15-B,retail,0,0,16,258.81,1.504678
2026-07-18,15-C,retail,0,0,17,202.78,1.473685
2026-07-18,15-D,retail,0,0,15,123.26,1.450247
2026-07-18,16P-A,retail,5,0,18,404.71,1.213967
2026-07-18,16P-B,retail,1,0,17,426.38,1.504678
2026-07-18,16P-C,retail,0,0,32,334.08,1.473685
2026-07-18,16P-D,retail,0,0,19,203.06,1.450247
2026-07-18,17-A,retail,1,0,11,442.52,1.213967
2026-07-18,17-B,retail,0,0,13,466.22,1.504678
2026-07-18,17-C,retail,0,0,13,365.29,1.473685
2026-07-18,17-D,retail,0,0,9,222.03,1.450247
2026-07-18,14-A,wholesale,0,0,9,151.65,
2026-07-18,14-B,wholesale,1,0,21,128.9,
2026-07-18,14-C,wholesale,2,0,12,103.12,
2026-07-18,14-D,wholesale,0,0,7,63.69,
2026-07-18,15-A,wholesale,0,0,10,200.61,
2026-07-18,15-B,wholesale,3,0,16,170.51,
2026-07-18,15-C,wholesale,1,0,17,136.41,
2026-07-18,15-D,wholesale,0,0,15,84.25,
2026-07-18,16P-A,wholesale,0,0,13,330.49,
2026-07-18,16P-B,wholesale,1,0,16,280.92,
2026-07-18,16P-C,wholesale,2,0,32,224.74,
2026-07-18,16P-D,wholesale,3,0,19,138.81,
2026-07-18,17-A,wholesale,0,0,10,361.37,
2026-07-18,17-B,wholesale,1,0,13,307.17,
2026-07-18,17-C,wholesale,0,0,13,245.73,
2026-07-18,17-D,wholesale,1,0,9,151.78,
2026-07-19,14-A,retail,2,0,19,195.67,1.279825
2026-07-19,14-B,retail,3,0,20,173.69,1.336529
2026-07-19,14-C,retail,2,0,10,147.46,1.418378
2026-07-19,14-D,retail,0,0,17,97.41,1.516954
2026-07-19,15-A,retail,1,0,10,258.83,1.279825
2026-07-19,15-B,retail,3,0,13,229.76,1.336529
2026-07-19,15-C,retail,0,0,16,195.06,1.418378
2026-07-19,15-D,retail,0,0,15,128.85,1.516954
2026-07-19,16P-A,retail,0,0,13,426.43,1.279825
2026-07-19,16P-B,retail,0,0,15,378.52,1.336529
2026-07-19,16P-C,retail,0,0,30,321.36,1.418378
2026-07-19,16P-D,retail,0,0,16,212.28,1.516954
2026-07-19,17-A,retail,2,0,10,466.27,1.279825
2026-07-19,17-B,retail,0,0,12,413.89,1.336529
2026-07-19,17-C,retail,2,0,13,351.39,1.418378
2026-07-19,17-D,retail,0,0,8,232.12,1.516954
2026-07-19,14-A,wholesale,1,0,17,151.57,
2026-07-19,14-B,wholesale,1,0,17,128.83,
2026-07-19,14-C,wholesale,4,0,8,103.06,
2026-07-19,14-D,wholesale,0,0,17,63.66,
2026-07-19,15-A,wholesale,0,0,9,200.49,
2026-07-19,15-B,wholesale,0,0,10,170.42,
2026-07-19,15-C,wholesale,4,0,16,136.34,
2026-07-19,15-D,wholesale,0,0,15,84.21,
2026-07-19,16P-A,wholesale,0,0,13,330.31,
2026-07-19,16P-B,wholesale,2,0,15,280.76,
2026-07-19,16P-C,wholesale,2,0,30,224.61,
2026-07-19,16P-D,wholesale,6,0,16,138.73,
2026-07-19,17-A,wholesale,0,0,8,361.17,
2026-07-19,17-B,wholesale,0,0,12,307.0,
2026-07-19,17-C,wholesale,0,0,11,245.6,
2026-07-19,17-D,wholesale,1,0,8,151.69,
2026-07-20,14-A,retail,0,0,16,223.43,1.462215
2026-07-20,14-B,retail,0,0,26,172.63,1.329126
2026-07-20,14-C,retail,0,0,14,146.56,1.41052
2026-07-20,14-D,retail,1,0,17,90.58,1.411432
2026-07-20,15-A,retail,0,0,9,295.56,1.462215
2026-07-20,15-B,retail,0,0,10,228.36,1.329126
2026-07-20,15-C,retail,0,0,12,193.87,1.41052
2026-07-20,15-D,retail,0,0,15,119.82,1.411432
2026-07-20,16P-A,retail,0,0,13,486.92,1.462215
2026-07-20,16P-B,retail,2,0,13,376.21,1.329126
2026-07-20,16P-C,retail,0,0,28,319.4,1.41052
2026-07-20,16P-D,retail,0,0,10,197.41,1.411432
2026-07-20,17-A,retail,0,0,8,532.42,1.462215
2026-07-20,17-B,retail,0,0,12,411.36,1.329126
2026-07-20,17-C,retail,0,0,11,349.25,1.41052
2026-07-20,17-D,retail,0,0,7,215.85,1.411432
2026-07-20,14-A,wholesale,0,0,16,151.48,
2026-07-20,14-B,wholesale,0,0,26,128.76,
2026-07-20,14-C,wholesale,1,0,14,103.01,
2026-07-20,14-D,wholesale,1,0,16,63.62,
2026-07-20,15-A,wholesale,0,0,9,200.38,
2026-07-20,15-B,wholesale,0,0,10,170.32,
2026-07-20,15-C,wholesale,0,0,12,136.26,
2026-07-20,15-D,wholesale,0,0,15,84.16,
2026-07-20,16P-A,wholesale,1,0,13,330.13,
2026-07-20,16P-B,wholesale,0,0,11,280.61,
2026-07-20,16P-C,wholesale,0,0,28,224.49,
2026-07-20,16P-D,wholesale,0,0,10,138.65,
2026-07-20,17-A,wholesale,0,0,8,360.97,
2026-07-20,17-B,wholesale,0,0,12,306.82,
2026-07-20,17-C,wholesale,0,0,11,245.46,
2026-07-20,17-D,wholesale,0,0,7,151.61,
2026-07-21,14-A,retail,0,0,16,194.47,1.2734
2026-07-21,14-B,retail,4,0,26,148.78,1.146115
2026-07-21,14-C,retail,0,0,13,136.76,1.316977
2026-07-21,14-D,retail,0,0,15,80.99,1.262648
2026-07-21,15-A,retail,1,0,19,257.25,1.2734
2026-07-21,15-B,retail,2,0,10,196.8,1.146115
2026-07-21,15-C,retail,1,0,12,180.91,1.316977
2026-07-21,15-D,retail,0,0,15,107.13,1.262648
2026-07-21,16P-A,retail,0,0,12,423.81,1.2734
2026-07-21,16P-B,retail,1,0,11,324.23,1.146115
2026-07-21,16P-C,retail,0,0,28,298.05,1.316977
2026-07-21,16P-D,retail,0,0,10,176.5,1.262648
2026-07-21,17-A,retail,1,0,8,463.41,1.2734
2026-07-21,17-B,retail,1,0,12,354.53,1.146115
2026-07-21,17-C,retail,0,0,11,325.9,1.316977
2026-07-21,17-D,retail,0,0,17,192.99,1.262648
2026-07-21,14-A,wholesale,0,0,16,151.4,
2026-07-21,14-B,wholesale,0,0,22,128.69,
2026-07-21,14-C,wholesale,0,0,13,102.95,
2026-07-21,14-D,wholesale,1,0,15,63.59,
2026-07-21,15-A,wholesale,2,0,18,200.27,
2026-07-21,15-B,wholesale,0,0,8,170.23,
2026-07-21,15-C,wholesale,0,0,11,136.18,
2026-07-21,15-D,wholesale,2,0,15,84.11,
2026-07-21,16P-A,wholesale,0,0,12,329.94,
2026-07-21,16P-B,wholesale,0,0,10,280.45,
2026-07-21,16P-C,wholesale,0,0,28,224.36,
2026-07-21,16P-D,wholesale,0,0,10,138.58,
2026-07-21,17-A,wholesale,0,0,7,360.77,
2026-07-21,17-B,wholesale,0,0,11,306.65,
2026-07-21,17-C,wholesale,0,0,11,245.32,
2026-07-21,17-D,wholesale,0,0,17,151.52,
2026-07-22,14-A,retail,0,0,16,232.21,1.521382
2026-07-22,14-B,retail,0,0,22,156.4,1.205544
2026-07-22,14-C,retail,1,0,13,148.04,1.426354
2026-07-22,14-D,retail,0,0,14,90.95,1.418696
2026-07-22,15-A,retail,1,0,16,307.17,1.521382
2026-07-22,15-B,retail,2,0,8,206.89,1.205544
2026-07-22,15-C,retail,0,0,11,195.83,1.426354
2026-07-22,15-D,retail,0,0,23,120.3,1.418696
2026-07-22,16P-A,retail,1,0,12,506.06,1.521382
2026-07-22,16P-B,retail,0,0,20,340.85,1.205544
2026-07-22,16P-C,retail,1,0,28,322.63,1.426354
2026-07-22,16P-D,retail,0,0,10,198.2,1.418696
2026-07-22,17-A,retail,0,0,7,553.34,1.521382
2026-07-22,17-B,retail,1,0,11,372.7,1.205544
2026-07-22,17-C,retail,0,0,21,352.77,1.426354
2026-07-22,17-D,retail,0,0,17,216.72,1.418696
2026-07-22,14-A,wholesale,0,0,16,151.31,
2026-07-22,14-B,wholesale,2,0,22,128.61,
2026-07-22,14-C,wholesale,0,0,12,102.89,
2026-07-22,14-D,wholesale,2,0,14,63.55,
2026-07-22,15-A,wholesale,0,0,15,200.16,
2026-07-22,15-B,wholesale,2,0,6,170.13,
2026-07-22,15-C,wholesale,1,0,11,136.11,
2026-07-22,15-D,wholesale,0,0,23,84.07,
2026-07-22,16P-A,wholesale,0,0,11,329.76,
2026-07-22,16P-B,wholesale,1,0,20,280.29,
2026-07-22,16P-C,wholesale,0,0,27,224.23,
2026-07-22,16P-D,wholesale,1,0,10,138.5,
2026-07-22,17-A,wholesale,0,0,7,360.57,
2026-07-22,17-B,wholesale,0,0,10,306.48,
2026-07-22,17-C,wholesale,0,0,21,245.19,
2026-07-22,17-D,wholesale,1,0,17,151.44,
2026-07-23,14-A,retail,0,0,16,192.43,1.261485
2026-07-23,14-B,retail,0,0,20,155.6,1.20001
2026-07-23,14-C,retail,1,0,12,123.56,1.191128
2026-07-23,14-D,retail,0,0,12,91.45,1.427405
2026-07-23,15-A,retail,2,0,15,254.56,1.261485
2026-07-23,15-B,retail,1,0,4,205.83,1.20001
2026-07-23,15-C,retail,1,0,20,163.44,1.191128
2026-07-23,15-D,retail,0,0,23,120.98,1.427405
2026-07-23,16P-A,retail,0,0,11,419.38,1.261485
2026-07-23,16P-B,retail,1,0,19,339.1,1.20001
2026-07-23,16P-C,retail,0,0,27,269.27,1.191128
2026-07-23,16P-D,retail,0,0,19,199.31,1.427405
2026-07-23,17-A,retail,2,0,7,458.56,1.261485
2026-07-23,17-B,retail,2,0,20,370.78,1.20001
2026-07-23,17-C,retail,1,0,21,294.43,1.191128
2026-07-23,17-D,retail,0,0,16,217.93,1.427405
2026-07-23,14-A,wholesale,0,0,16,151.23,
2026-07-23,14-B,wholesale,0,0,20,128.54,
2026-07-23,14-C,wholesale,1,0,11,102.83,
2026-07-23,14-D,wholesale,1,0,12,63.52,
2026-07-23,15-A,wholesale,1,0,13,200.05,
2026-07-23,15-B,wholesale,0,0,3,170.04,
2026-07-23,15-C,wholesale,0,0,19,136.03,
2026-07-23,15-D,wholesale,2,0,23,84.02,
2026-07-23,16P-A,wholesale,1,0,11,329.57,
2026-07-23,16P-B,wholesale,0,0,18,280.14,
2026-07-23,16P-C,wholesale,0,0,27,224.11,
2026-07-23,16P-D,wholesale,2,0,19,138.42,
2026-07-23,17-A,wholesale,0,0,5,360.37,
2026-07-23,17-B,wholesale,0,0,18,306.31,
2026-07-23,17-C,wholesale,3,0,20,245.05,
2026-07-23,17-D,wholesale,2,0,16,151.35,
2026-07-24,14-A,retail,1,0,16,204.37,1.340492
2026-07-24,14-B,retail,0,0,20,156.07,1.204359
2026-07-24,14-C,retail,0,0,10,115.7,1.116035
2026-07-24,14-D,retail,0,0,11,86.77,1.354995
2026-07-24,15-A,retail,2,0,12,270.35,1.340492
2026-07-24,15-B,retail,1,0,3,206.46,1.204359
2026-07-24,15-C,retail,0,0,19,153.05,1.116035
2026-07-24,15-D,retail,1,0,21,114.77,1.354995
2026-07-24,16P-A,retail,1,0,10,445.39,1.340492
2026-07-24,16P-B,retail,1,0,28,340.14,1.204359
2026-07-24,16P-C,retail,3,0,27,252.15,1.116035
2026-07-24,16P-D,retail,0,0,17,189.09,1.354995
2026-07-24,17-A,retail,0,0,5,487.01,1.340492
2026-07-24,17-B,retail,3,0,18,371.92,1.204359
2026-07-24,17-C,retail,0,0,17,275.71,1.116035
2026-07-24,17-D,retail,0,0,14,206.76,1.354995
2026-07-24,14-A,wholesale,0,0,15,151.14,
2026-07-24,14-B,wholesale,0,0,20,128.47,
2026-07-24,14-C,wholesale,0,0,10,102.78,
2026-07-24,14-D,wholesale,1,0,11,63.48,
2026-07-24,15-A,wholesale,0,0,10,199.93,
2026-07-24,15-B,wholesale,2,0,2,169.94,
2026-07-24,15-C,wholesale,0,0,19,135.96,
2026-07-24,15-D,wholesale,0,0,20,83.97,
2026-07-24,16P-A,wholesale,0,0,9,329.39,
2026-07-24,16P-B,wholesale,2,0,27,279.98,
2026-07-24,16P-C,wholesale,0,0,24,223.98,
2026-07-24,16P-D,wholesale,1,0,17,138.34,
2026-07-24,17-A,wholesale,0,0,5,360.16,
2026-07-24,17-B,wholesale,0,0,15,306.14,
2026-07-24,17-C,wholesale,0,0,17,244.91,
2026-07-24,17-D,wholesale,0,0,14,151.27,
2026-07-25,14-A,retail,0,0,15,248.68,1.631992
2026-07-25,14-B,retail,1,0,20,170.1,1.313324
2026-07-25,14-C,retail,1,0,10,143.11,1.381198
2026-07-25,14-D,retail,0,0,10,88.47,1.382435
2026-07-25,15-A,retail,0,0,10,328.95,1.631992
2026-07-25,15-B,retail,0,0,0,225.01,1.313324
2026-07-25,15-C,retail,1,0,19,189.31,1.381198
2026-07-25,15-D,retail,0,0,20,117.03,1.382435
2026-07-25,16P-A,retail,1,0,9,541.95,1.631992
2026-07-25,16P-B,retail,0,0,25,370.71,1.313324
2026-07-25,16P-C,retail,0,0,24,311.89,1.381198
2026-07-25,16P-D,retail,0,0,16,192.81,1.382435
2026-07-25,17-A,retail,0,0,5,592.58,1.631992
2026-07-25,17-B,retail,0,0,15,405.34,1.313324
2026-07-25,17-C,retail,0,0,17,341.03,1.381198
2026-07-25,17-D,retail,0,0,14,210.83,1.382435
2026-07-25,14-A,wholesale,0,0,15,151.06,
2026-07-25,14-B,wholesale,0,0,19,128.4,
2026-07-25,14-C,wholesale,0,0,9,102.72,
2026-07-25,14-D,wholesale,1,0,10,63.44,
2026-07-25,15-A,wholesale,0,0,10,199.82,
2026-07-25,15-B,wholesale,0,0,0,169.85,
2026-07-25,15-C,wholesale,0,0,18,135.88,
2026-07-25,15-D,wholesale,2,0,20,83.93,
2026-07-25,16P-A,wholesale,0,0,8,329.21,
2026-07-25,16P-B,wholesale,1,0,25,279.82,
2026-07-25,16P-C,wholesale,2,0,24,223.86,
2026-07-25,16P-D,wholesale,0,0,16,138.27,
2026-07-25,17-A,wholesale,0,0,5,359.96,
2026-07-25,17-B,wholesale,1,0,15,305.97,
2026-07-25,17-C,wholesale,0,0,17,244.78,
2026-07-25,17-D,wholesale,0,0,14,151.18,
2026-07-26,14-A,retail,0,0,15,163.69,1.074847
2026-07-26,14-B,retail,0,0,19,163.02,1.259329
2026-07-26,14-C,retail,0,0,9,150.5,1.453333
2026-07-26,14-D,retail,0,0,9,75.2,1.175683
2026-07-26,15-A,retail,2,0,10,216.53,1.074847
2026-07-26,15-B,retail,0,0,10,215.64,1.259329
2026-07-26,15-C,retail,0,0,18,199.09,1.453333
2026-07-26,15-D,retail,0,0,18,99.47,1.175683
2026-07-26,16P-A,retail,0,0,8,356.73,1.074847
2026-07-26,16P-B,retail,1,0,24,355.27,1.259329
2026-07-26,16P-C,retail,0,0,22,328.0,1.453333
2026-07-26,16P-D,retail,0,0,16,163.88,1.175683
2026-07-26,17-A,retail,0,0,5,390.06,1.074847
2026-07-26,17-B,retail,0,0,14,388.46,1.259329
2026-07-26,17-C,retail,0,0,17,358.64,1.453333
2026-07-26,17-D,retail,0,0,14,179.2,1.175683
2026-07-26,14-A,wholesale,0,0,15,150.97,
2026-07-26,14-B,wholesale,1,0,19,128.33,
2026-07-26,14-C,wholesale,0,0,9,102.66,
2026-07-26,14-D,wholesale,0,0,9,63.41,
2026-07-26,15-A,wholesale,0,0,8,199.71,
2026-07-26,15-B,wholesale,0,0,10,169.75,
2026-07-26,15-C,wholesale,1,0,18,135.8,
2026-07-26,15-D,wholesale,0,0,18,83.88,
2026-07-26,16P-A,wholesale,1,0,8,329.02,
2026-07-26,16P-B,wholesale,0,0,23,279.67,
2026-07-26,16P-C,wholesale,0,0,22,223.73,
2026-07-26,16P-D,wholesale,0,0,16,138.19,
2026-07-26,17-A,wholesale,0,0,5,359.76,
2026-07-26,17-B,wholesale,1,0,14,305.8,
2026-07-26,17-C,wholesale,1,0,17,244.64,
2026-07-26,17-D,wholesale,0,0,14,151.1,
2026-07-27,14-A,retail,2,0,15,186.86,1.227674
2026-07-27,14-B,retail,1,0,19,164.17,1.268969
2026-07-27,14-C,retail,0,0,9,148.22,1.432118
2026-07-27,14-D,retail,0,0,9,107.96,1.688832
2026-07-27,15-A,retail,1,0,8,247.18,1.227674
2026-07-27,15-B,retail,0,0,11,217.17,1.268969
2026-07-27,15-C,retail,0,0,17,196.07,1.432118
2026-07-27,15-D,retail,0,0,18,142.81,1.688832
2026-07-27,16P-A,retail,1,0,7,407.23,1.227674
2026-07-27,16P-B,retail,2,0,23,357.79,1.268969
2026-07-27,16P-C,retail,0,0,22,323.03,1.432118
2026-07-27,16P-D,retail,0,0,16,235.28,1.688832
2026-07-27,17-A,retail,1,0,5,445.27,1.227674
2026-07-27,17-B,retail,0,0,13,391.21,1.268969
2026-07-27,17-C,retail,0,0,16,353.21,1.432118
2026-07-27,17-D,retail,0,0,14,257.26,1.688832
2026-07-27,14-A,wholesale,2,0,13,150.89,
2026-07-27,14-B,wholesale,0,0,18,128.26,
2026-07-27,14-C,wholesale,0,0,9,102.61,
2026-07-27,14-D,wholesale,0,0,9,63.37,
2026-07-27,15-A,wholesale,1,0,7,199.6,
2026-07-27,15-B,wholesale,1,0,11,169.66,
2026-07-27,15-C,wholesale,0,0,17,135.73,
2026-07-27,15-D,wholesale,1,0,18,83.83,
2026-07-27,16P-A,wholesale,0,0,6,328.84,
2026-07-27,16P-B,wholesale,0,0,21,279.51,
2026-07-27,16P-C,wholesale,1,0,22,223.61,
2026-07-27,16P-D,wholesale,2,0,16,138.11,
2026-07-27,17-A,wholesale,2,0,4,359.56,
2026-07-27,17-B,wholesale,1,0,13,305.63,
2026-07-27,17-C,wholesale,1,0,16,244.5,
2026-07-27,17-D,wholesale,1,0,14,151.02,
2026-07-28,14-A,retail,1,0,11,193.84,1.274262
2026-07-28,14-B,retail,1,0,18,158.97,1.229464
2026-07-28,14-C,retail,0,0,9,140.48,1.358082
2026-07-28,14-D,retail,0,0,9,82.07,1.284586
2026-07-28,15-A,retail,2,0,6,256.42,1.274262
2026-07-28,15-B,retail,2,0,10,210.29,1.229464
2026-07-28,15-C,retail,0,0,17,185.83,1.358082
2026-07-28,15-D,retail,0,0,17,108.57,1.284586
2026-07-28,16P-A,retail,0,0,7,422.44,1.274262
2026-07-28,16P-B,retail,6,0,21,346.45,1.229464
2026-07-28,16P-C,retail,1,0,21,306.16,1.358082
2026-07-28,16P-D,retail,0,0,14,178.86,1.284586
2026-07-28,17-A,retail,2,1,2,461.91,1.274262
2026-07-28,17-B,retail,2,0,12,378.82,1.229464
2026-07-28,17-C,retail,3,0,15,334.76,1.358082
2026-07-28,17-D,retail,0,0,13,195.58,1.284586
2026-07-28,14-A,wholesale,1,0,10,150.81,
2026-07-28,14-B,wholesale,0,0,17,128.18,
2026-07-28,14-C,wholesale,0,0,9,102.55,
2026-07-28,14-D,wholesale,0,0,9,63.34,
2026-07-28,15-A,wholesale,0,0,4,199.49,
2026-07-28,15-B,wholesale,2,0,8,169.57,
2026-07-28,15-C,wholesale,0,0,17,135.65,
2026-07-28,15-D,wholesale,2,0,17,83.79,
2026-07-28,16P-A,wholesale,0,0,7,328.65,
2026-07-28,16P-B,wholesale,1,0,15,279.36,
2026-07-28,16P-C,wholesale,0,0,20,223.48,
2026-07-28,16P-D,wholesale,0,0,14,138.03,
2026-07-28,17-A,wholesale,0,0,0,359.36,
2026-07-28,17-B,wholesale,1,0,10,305.46,
2026-07-28,17-C,wholesale,2,0,12,244.37,
2026-07-28,17-D,wholesale,2,0,13,150.93,
2026-07-29,14-A,retail,1,0,9,205.5,1.351651
2026-07-29,14-B,retail,1,0,17,160.24,1.239972
2026-07-29,14-C,retail,2,0,20,126.37,1.222323
2026-07-29,14-D,retail,0,0,9,92.28,1.445145
2026-07-29,15-A,retail,0,0,4,271.84,1.351651
2026-07-29,15-B,retail,6,0,26,211.97,1.239972
2026-07-29,15-C,retail,1,0,17,167.16,1.222323
2026-07-29,15-D,retail,0,0,15,122.07,1.445145
2026-07-29,16P-A,retail,1,0,7,447.85,1.351651
2026-07-29,16P-B,retail,0,0,14,349.22,1.239972
2026-07-29,16P-C,retail,2,0,20,275.4,1.222323
2026-07-29,16P-D,retail,0,0,14,201.11,1.445145
2026-07-29,17-A,retail,1,0,10,489.69,1.351651
2026-07-29,17-B,retail,2,0,19,381.85,1.239972
2026-07-29,17-C,retail,0,0,10,301.13,1.222323
2026-07-29,17-D,retail,1,0,11,219.9,1.445145
2026-07-29,14-A,wholesale,0,0,8,150.72,
2026-07-29,14-B,wholesale,1,0,16,128.11,
2026-07-29,14-C,wholesale,0,0,18,102.49,
2026-07-29,14-D,wholesale,1,0,9,63.3,
2026-07-29,15-A,wholesale,0,0,4,199.38,
2026-07-29,15-B,wholesale,2,0,20,169.47,
2026-07-29,15-C,wholesale,1,0,16,135.58,
2026-07-29,15-D,wholesale,1,0,15,83.74,
2026-07-29,16P-A,wholesale,0,0,6,328.47,
2026-07-29,16P-B,wholesale,0,0,14,279.2,
2026-07-29,16P-C,wholesale,2,0,18,223.36,
2026-07-29,16P-D,wholesale,0,0,14,137.96,
2026-07-29,17-A,wholesale,0,0,9,359.16,
2026-07-29,17-B,wholesale,0,0,17,305.29,
2026-07-29,17-C,wholesale,1,0,10,244.23,
2026-07-29,17-D,wholesale,2,0,10,150.85,
2026-07-30,14-A,retail,1,0,8,228.7,1.505091
2026-07-30,14-B,retail,4,0,15,142.6,1.104108
2026-07-30,14-C,retail,2,0,18,111.72,1.081185
2026-07-30,14-D,retail,0,0,8,76.24,1.194666
2026-07-30,15-A,retail,1,0,4,302.53,1.505091
2026-07-30,15-B,retail,7,0,18,188.64,1.104108
2026-07-30,15-C,retail,2,0,15,147.78,1.081185
2026-07-30,15-D,retail,0,0,14,100.86,1.194666
2026-07-30,16P-A,retail,0,0,6,498.41,1.505091
2026-07-30,16P-B,retail,4,0,24,310.78,1.104108
2026-07-30,16P-C,retail,0,0,16,243.46,1.081185
2026-07-30,16P-D,retail,0,0,14,166.16,1.194666
2026-07-30,17-A,retail,0,0,9,544.98,1.505091
2026-07-30,17-B,retail,1,0,17,339.82,1.104108
2026-07-30,17-C,retail,0,0,9,266.21,1.081185
2026-07-30,17-D,retail,0,0,8,181.68,1.194666
2026-07-30,14-A,wholesale,0,0,7,150.64,
2026-07-30,14-B,wholesale,0,0,11,128.04,
2026-07-30,14-C,wholesale,0,0,16,102.43,
2026-07-30,14-D,wholesale,0,0,8,63.27,
2026-07-30,15-A,wholesale,0,0,3,199.27,
2026-07-30,15-B,wholesale,0,0,11,169.38,
2026-07-30,15-C,wholesale,0,0,13,135.5,
2026-07-30,15-D,wholesale,2,0,14,83.69,
2026-07-30,16P-A,wholesale,1,0,6,328.29,
2026-07-30,16P-B,wholesale,0,0,20,279.04,
2026-07-30,16P-C,wholesale,3,0,16,223.24,
2026-07-30,16P-D,wholesale,0,0,14,137.88,
2026-07-30,17-A,wholesale,0,0,9,358.96,
2026-07-30,17-B,wholesale,0,0,16,305.12,
2026-07-30,17-C,wholesale,1,0,9,244.09,
2026-07-30,17-D,wholesale,0,0,8,150.76,
2026-07-31,14-A,retail,3,0,7,204.81,1.348604
2026-07-31,14-B,retail,0,0,11,168.94,1.30872
2026-07-31,14-C,retail,0,0,16,152.47,1.476423
2026-07-31,14-D,retail,1,0,8,83.65,1.311446
2026-07-31,15-A,retail,2,0,3,270.92,1.348604
2026-07-31,15-B,retail,0,0,11,223.47,1.30872
2026-07-31,15-C,retail,0,0,13,201.69,1.476423
2026-07-31,15-D,retail,1,0,12,110.65,1.311446
2026-07-31,16P-A,retail,0,0,5,446.34,1.348604
2026-07-31,16P-B,retail,1,0,20,368.17,1.30872
2026-07-31,16P-C,retail,0,0,13,332.28,1.476423
2026-07-31,16P-D,retail,0,0,14,182.3,1.311446
2026-07-31,17-A,retail,0,0,9,488.04,1.348604
2026-07-31,17-B,retail,0,0,16,402.57,1.30872
2026-07-31,17-C,retail,0,0,8,363.32,1.476423
2026-07-31,17-D,retail,0,0,8,199.33,1.311446
2026-07-31,14-A,wholesale,0,0,4,150.55,
2026-07-31,14-B,wholesale,0,0,11,127.97,
2026-07-31,14-C,wholesale,3,0,16,102.38,
2026-07-31,14-D,wholesale,0,0,7,63.23,
2026-07-31,15-A,wholesale,0,0,1,199.15,
2026-07-31,15-B,wholesale,0,0,11,169.28,
2026-07-31,15-C,wholesale,0,0,13,135.43,
2026-07-31,15-D,wholesale,0,0,11,83.64,
2026-07-31,16P-A,wholesale,0,0,5,328.1,
2026-07-31,16P-B,wholesale,0,0,19,278.89,
2026-07-31,16P-C,wholesale,4,0,13,223.11,
2026-07-31,16P-D,wholesale,1,0,14,137.8,
2026-07-31,17-A,wholesale,0,0,9,358.76,
2026-07-31,17-B,wholesale,0,0,16,304.95,
2026-07-31,17-C,wholesale,0,0,8,243.96,
2026-07-31,17-D,wholesale,0,0,8,150.68,
2026-08-01,14-A,retail,0,0,5,206.66,1.361558
2026-08-01,14-B,retail,1,0,11,149.9,1.161888
2026-08-01,14-C,retail,1,0,13,110.53,1.070864
2026-08-01,14-D,retail,0,0,17,85.34,1.338726
2026-08-01,15-A,retail,0,0,1,273.37,1.361558
2026-08-01,15-B,retail,1,0,21,198.29,1.161888
2026-08-01,15-C,retail,0,0,23,146.2,1.070864
2026-08-01,15-D,retail,0,0,11,112.89,1.338726
2026-08-01,16P-A,retail,0,0,20,450.38,1.361558
2026-08-01,16P-B,retail,5,0,19,326.68,1.161888
2026-08-01,16P-C,retail,4,0,9,240.87,1.070864
2026-08-01,16P-D,retail,1,0,13,185.99,1.338726
2026-08-01,17-A,retail,0,0,9,492.46,1.361558
2026-08-01,17-B,retail,1,0,16,357.2,1.161888
2026-08-01,17-C,retail,1,0,8,263.38,1.070864
2026-08-01,17-D,retail,0,0,8,203.36,1.338726
2026-08-01,14-A,wholesale,0,0,5,150.47,
2026-08-01,14-B,wholesale,0,0,10,127.9,
2026-08-01,14-C,wholesale,1,0,12,102.32,
2026-08-01,14-D,wholesale,1,0,17,63.2,
2026-08-01,15-A,wholesale,1,0,1,199.04,
2026-08-01,15-B,wholesale,1,0,20,169.19,
2026-08-01,15-C,wholesale,0,0,23,135.35,
2026-08-01,15-D,wholesale,3,0,11,83.6,
2026-08-01,16P-A,wholesale,0,0,20,327.92,
2026-08-01,16P-B,wholesale,0,0,14,278.73,
2026-08-01,16P-C,wholesale,4,0,5,222.99,
2026-08-01,16P-D,wholesale,0,0,12,137.73,
2026-08-01,17-A,wholesale,0,0,9,358.56,
2026-08-01,17-B,wholesale,0,0,15,304.78,
2026-08-01,17-C,wholesale,0,0,7,243.82,
2026-08-01,17-D,wholesale,0,0,8,150.59,
2026-08-02,14-A,retail,2,0,15,188.77,1.244375
2026-08-02,14-B,retail,1,0,10,181.87,1.410481
2026-08-02,14-C,retail,0,0,11,143.3,1.389181
2026-08-02,14-D,retail,0,0,16,76.66,1.203227
2026-08-02,15-A,retail,1,0,10,249.71,1.244375
2026-08-02,15-B,retail,2,0,19,240.58,1.410481
2026-08-02,15-C,retail,0,0,23,189.56,1.389181
2026-08-02,15-D,retail,0,0,8,101.41,1.203227
2026-08-02,16P-A,retail,1,0,20,411.39,1.244375
2026-08-02,16P-B,retail,0,0,24,396.35,1.410481
2026-08-02,16P-C,retail,0,0,1,312.3,1.389181
2026-08-02,16P-D,retail,0,0,22,167.07,1.203227
2026-08-02,17-A,retail,1,0,9,449.82,1.244375
2026-08-02,17-B,retail,2,0,15,433.39,1.410481
2026-08-02,17-C,retail,0,0,7,341.47,1.389181
2026-08-02,17-D,retail,0,0,8,182.68,1.203227
2026-08-02,14-A,wholesale,0,0,13,150.39,
2026-08-02,14-B,wholesale,0,0,9,127.83,
2026-08-02,14-C,wholesale,0,0,11,102.26,
2026-08-02,14-D,wholesale,2,0,16,63.16,
2026-08-02,15-A,wholesale,0,0,9,198.93,
2026-08-02,15-B,wholesale,0,0,17,169.09,
2026-08-02,15-C,wholesale,0,0,23,135.27,
2026-08-02,15-D,wholesale,2,0,8,83.55,
2026-08-02,16P-A,wholesale,0,0,19,327.74,
2026-08-02,16P-B,wholesale,1,0,24,278.58,
2026-08-02,16P-C,wholesale,1,0,1,222.86,
2026-08-02,16P-D,wholesale,0,0,22,137.65,
2026-08-02,17-A,wholesale,0,0,8,358.36,
2026-08-02,17-B,wholesale,0,0,13,304.61,
2026-08-02,17-C,wholesale,0,0,7,243.68,
2026-08-02,17-D,wholesale,0,0,8,150.51,
2026-08-03,14-A,retail,1,0,13,176.47,1.163947
2026-08-03,14-B,retail,0,0,9,181.38,1.407445
2026-08-03,14-C,retail,1,0,11,153.28,1.48675
2026-08-03,14-D,retail,0,0,14,75.48,1.18541
2026-08-03,15-A,retail,0,0,9,233.44,1.163947
2026-08-03,15-B,retail,0,0,17,239.93,1.407445
2026-08-03,15-C,retail,0,0,23,202.76,1.48675
2026-08-03,15-D,retail,0,0,6,99.85,1.18541
2026-08-03,16P-A,retail,0,0,19,384.58,1.163947
2026-08-03,16P-B,retail,0,0,23,395.28,1.407445
2026-08-03,16P-C,retail,0,0,1,334.04,1.48675
2026-08-03,16P-D,retail,1,0,22,164.5,1.18541
2026-08-03,17-A,retail,0,0,8,420.51,1.163947
2026-08-03,17-B,retail,0,0,13,432.21,1.407445
2026-08-03,17-C,retail,0,0,17,365.25,1.48675
2026-08-03,17-D,retail,0,0,8,179.87,1.18541
2026-08-03,14-A,wholesale,0,0,12,150.3,
2026-08-03,14-B,wholesale,0,0,9,127.76,
2026-08-03,14-C,wholesale,1,0,10,102.2,
2026-08-03,14-D,wholesale,1,0,14,63.13,
2026-08-03,15-A,wholesale,1,0,9,198.82,
2026-08-03,15-B,wholesale,0,0,17,169.0,
2026-08-03,15-C,wholesale,1,0,23,135.2,
2026-08-03,15-D,wholesale,1,0,6,83.5,
2026-08-03,16P-A,wholesale,0,0,19,327.55,
2026-08-03,16P-B,wholesale,0,0,23,278.42,
2026-08-03,16P-C,wholesale,1,0,1,222.74,
2026-08-03,16P-D,wholesale,1,0,21,137.57,
2026-08-03,17-A,wholesale,0,0,8,358.16,
2026-08-03,17-B,wholesale,1,0,13,304.43,
2026-08-03,17-C,wholesale,0,0,17,243.55,
2026-08-03,17-D,wholesale,1,0,8,150.43,
2026-08-04,14-A,retail,0,0,12,198.75,1.311678
2026-08-04,14-B,retail,5,0,9,162.98,1.265392
2026-08-04,14-C,retail,0,0,9,145.72,1.414182
2026-08-04,14-D,retail,0,0,13,93.28,1.465646
2026-08-04,15-A,retail,0,0,8,262.92,1.311678
2026-08-04,15-B,retail,6,0,17,215.59,1.265392
2026-08-04,15-C,retail,1,0,22,192.75,1.414182
2026-08-04,15-D,retail,0,0,5,123.39,1.465646
2026-08-04,16P-A,retail,0,0,19,433.15,1.311678
2026-08-04,16P-B,retail,3,0,23,355.19,1.265392
2026-08-04,16P-C,retail,0,0,0,317.56,1.414182
2026-08-04,16P-D,retail,0,0,20,203.28,1.465646
2026-08-04,17-A,retail,0,0,8,473.62,1.311678
2026-08-04,17-B,retail,1,0,12,388.37,1.265392
2026-08-04,17-C,retail,0,0,17,347.23,1.414182
2026-08-04,17-D,retail,0,0,7,222.27,1.465646
2026-08-04,14-A,wholesale,0,0,12,150.22,
2026-08-04,14-B,wholesale,0,0,4,127.68,
2026-08-04,14-C,wholesale,0,0,9,102.15,
2026-08-04,14-D,wholesale,0,0,13,63.09,
2026-08-04,15-A,wholesale,1,0,8,198.71,
2026-08-04,15-B,wholesale,0,0,11,168.9,
2026-08-04,15-C,wholesale,1,0,21,135.12,
2026-08-04,15-D,wholesale,1,0,5,83.46,
2026-08-04,16P-A,wholesale,0,0,19,327.37,
2026-08-04,16P-B,wholesale,1,0,20,278.27,
2026-08-04,16P-C,wholesale,0,0,0,222.61,
2026-08-04,16P-D,wholesale,0,0,20,137.5,
2026-08-04,17-A,wholesale,0,0,8,357.96,
2026-08-04,17-B,wholesale,0,0,11,304.26,
2026-08-04,17-C,wholesale,0,0,17,243.41,
2026-08-04,17-D,wholesale,1,0,7,150.34,
2026-08-05,14-A,retail,1,0,12,194.68,1.285487
2026-08-05,14-B,retail,0,0,4,174.3,1.354028
2026-08-05,14-C,retail,0,0,20,114.89,1.115679
2026-08-05,14-D,retail,0,0,23,78.4,1.232564
2026-08-05,15-A,retail,2,0,7,257.52,1.285487
2026-08-05,15-B,retail,1,0,11,230.57,1.354028
2026-08-05,15-C,retail,2,0,20,151.98,1.115679
2026-08-05,15-D,retail,1,0,4,103.71,1.232564
2026-08-05,16P-A,retail,1,0,19,424.27,1.285487
2026-08-05,16P-B,retail,3,0,19,379.85,1.354028
2026-08-05,16P-C,retail,0,0,0,250.39,1.115679
2026-08-05,16P-D,retail,0,0,20,170.86,1.232564
2026-08-05,17-A,retail,0,0,8,463.91,1.285487
2026-08-05,17-B,retail,2,0,11,415.34,1.354028
2026-08-05,17-C,retail,1,0,17,273.78,1.115679
2026-08-05,17-D,retail,0,0,16,186.82,1.232564
2026-08-05,14-A,wholesale,0,0,11,150.13,
2026-08-05,14-B,wholesale,2,0,4,127.61,
2026-08-05,14-C,wholesale,0,0,20,102.09,
2026-08-05,14-D,wholesale,1,0,23,63.06,
2026-08-05,15-A,wholesale,0,0,5,198.6,
2026-08-05,15-B,wholesale,0,0,10,168.81,
2026-08-05,15-C,wholesale,0,0,18,135.05,
2026-08-05,15-D,wholesale,0,0,3,83.41,
2026-08-05,16P-A,wholesale,0,0,18,327.19,
2026-08-05,16P-B,wholesale,0,0,16,278.11,
2026-08-05,16P-C,wholesale,0,1,0,222.49,
2026-08-05,16P-D,wholesale,1,0,20,137.42,
2026-08-05,17-A,wholesale,0,0,8,357.76,
2026-08-05,17-B,wholesale,0,0,9,304.1,
2026-08-05,17-C,wholesale,1,0,16,243.28,
2026-08-05,17-D,wholesale,0,0,16,150.26,
2026-08-06,14-A,retail,3,0,11,172.52,1.139829
2026-08-06,14-B,retail,0,0,2,174.89,1.359353
2026-08-06,14-C,retail,1,0,20,144.83,1.407179
2026-08-06,14-D,retail,0,0,22,70.14,1.103295
2026-08-06,15-A,retail,3,0,5,228.22,1.139829
2026-08-06,15-B,retail,0,0,10,231.34,1.359353
2026-08-06,15-C,retail,1,0,18,191.59,1.407179
2026-08-06,15-D,retail,0,0,3,92.78,1.103295
2026-08-06,16P-A,retail,0,0,28,375.98,1.139829
2026-08-06,16P-B,retail,0,0,16,381.13,1.359353
2026-08-06,16P-C,retail,0,1,0,315.64,1.407179
2026-08-06,16P-D,retail,0,0,19,152.85,1.103295
2026-08-06,17-A,retail,0,0,8,411.11,1.139829
2026-08-06,17-B,retail,3,0,9,416.74,1.359353
2026-08-06,17-C,retail,1,0,15,345.13,1.407179
2026-08-06,17-D,retail,0,0,16,167.13,1.103295
2026-08-06,14-A,wholesale,0,0,8,150.05,
2026-08-06,14-B,wholesale,0,0,2,127.54,
2026-08-06,14-C,wholesale,0,0,19,102.03,
2026-08-06,14-D,wholesale,1,0,22,63.02,
2026-08-06,15-A,wholesale,0,0,2,198.49,
2026-08-06,15-B,wholesale,2,0,10,168.72,
2026-08-06,15-C,wholesale,2,0,17,134.97,
2026-08-06,15-D,wholesale,0,0,3,83.37,
2026-08-06,16P-A,wholesale,1,0,28,327.01,
2026-08-06,16P-B,wholesale,3,0,16,277.96,
2026-08-06,16P-C,wholesale,0,0,0,222.36,
2026-08-06,16P-D,wholesale,1,0,19,137.34,
2026-08-06,17-A,wholesale,0,0,8,357.56,
2026-08-06,17-B,wholesale,2,0,6,303.93,
2026-08-06,17-C,wholesale,2,0,14,243.14,
2026-08-06,17-D,wholesale,1,0,16,150.17,
2026-08-07,14-A,retail,1,0,8,209.28,1.383454
2026-08-07,14-B,retail,1,0,2,174.56,1.357591
2026-08-07,14-C,retail,0,0,19,126.3,1.227792
2026-08-07,14-D,retail,0,0,21,91.28,1.436724
2026-08-07,15-A,retail,1,0,3,276.84,1.383454
2026-08-07,15-B,retail,0,0,8,230.91,1.357591
2026-08-07,15-C,retail,1,0,15,167.07,1.227792
2026-08-07,15-D,retail,0,0,3,120.75,1.436724
2026-08-07,16P-A,retail,1,0,27,456.09,1.383454
2026-08-07,16P-B,retail,1,0,13,380.43,1.357591
2026-08-07,16P-C,retail,0,0,0,275.24,1.227792
2026-08-07,16P-D,retail,0,0,18,198.93,1.436724
2026-08-07,17-A,retail,0,0,8,498.7,1.383454
2026-08-07,17-B,retail,0,0,4,415.97,1.357591
2026-08-07,17-C,retail,0,0,12,300.96,1.227792
2026-08-07,17-D,retail,0,0,15,217.52,1.436724
2026-08-07,14-A,wholesale,0,0,7,149.97,
2026-08-07,14-B,wholesale,0,0,1,127.47,
2026-08-07,14-C,wholesale,0,0,19,101.98,
2026-08-07,14-D,wholesale,3,0,21,62.99,
2026-08-07,15-A,wholesale,0,0,2,198.38,
2026-08-07,15-B,wholesale,0,0,8,168.62,
2026-08-07,15-C,wholesale,4,0,14,134.9,
2026-08-07,15-D,wholesale,2,0,3,83.32,
2026-08-07,16P-A,wholesale,1,0,26,326.82,
2026-08-07,16P-B,wholesale,0,0,12,277.8,
2026-08-07,16P-C,wholesale,0,0,0,222.24,
2026-08-07,16P-D,wholesale,0,0,18,137.27,
2026-08-07,17-A,wholesale,0,0,8,357.36,
2026-08-07,17-B,wholesale,0,0,4,303.76,
2026-08-07,17-C,wholesale,2,0,12,243.0,
2026-08-07,17-D,wholesale,1,0,15,150.09,
2026-08-08,14-A,retail,1,0,7,189.36,1.252503
2026-08-08,14-B,retail,1,0,11,158.2,1.231051
2026-08-08,14-C,retail,2,0,19,123.05,1.196882
2026-08-08,14-D,retail,0,0,18,82.35,1.29679
2026-08-08,15-A,retail,0,0,2,250.5,1.252503
2026-08-08,15-B,retail,4,0,8,209.27,1.231051
2026-08-08,15-C,retail,0,0,10,162.77,1.196882
2026-08-08,15-D,retail,0,0,1,108.93,1.29679
2026-08-08,16P-A,retail,2,0,25,412.69,1.252503
2026-08-08,16P-B,retail,0,0,12,344.78,1.231051
2026-08-08,16P-C,retail,0,0,0,268.17,1.196882
2026-08-08,16P-D,retail,0,0,18,179.46,1.29679
2026-08-08,17-A,retail,0,0,18,451.25,1.252503
2026-08-08,17-B,retail,1,0,4,376.99,1.231051
2026-08-08,17-C,retail,0,0,10,293.22,1.196882
2026-08-08,17-D,retail,1,0,15,196.22,1.29679
2026-08-08,14-A,wholesale,0,0,6,149.88,
2026-08-08,14-B,wholesale,0,0,10,127.4,
2026-08-08,14-C,wholesale,2,0,17,101.92,
2026-08-08,14-D,wholesale,0,0,18,62.95,
2026-08-08,15-A,wholesale,0,0,2,198.27,
2026-08-08,15-B,wholesale,0,0,4,168.53,
2026-08-08,15-C,wholesale,3,0,10,134.82,
2026-08-08,15-D,wholesale,1,1,1,83.27,
2026-08-08,16P-A,wholesale,0,0,23,326.64,
2026-08-08,16P-B,wholesale,0,0,12,277.65,
2026-08-08,16P-C,wholesale,0,1,0,222.12,
2026-08-08,16P-D,wholesale,1,0,18,137.19,
2026-08-08,17-A,wholesale,0,0,18,357.16,
2026-08-08,17-B,wholesale,0,0,3,303.59,
2026-08-08,17-C,wholesale,0,0,10,242.87,
2026-08-08,17-D,wholesale,2,0,14,150.01,
2026-08-09,14-A,retail,0,0,6,191.27,1.26583
2026-08-09,14-B,retail,1,0,11,139.92,1.089407
2026-08-09,14-C,retail,0,0,15,141.67,1.378739
2026-08-09,14-D,retail,0,0,18,78.76,1.241069
2026-08-09,15-A,retail,0,0,2,253.02,1.26583
2026-08-09,15-B,retail,1,0,4,185.09,1.089407
2026-08-09,15-C,retail,0,0,7,187.4,1.378739
2026-08-09,15-D,retail,0,0,0,104.19,1.241069
2026-08-09,16P-A,retail,0,0,23,416.85,1.26583
2026-08-09,16P-B,retail,1,0,12,304.94,1.089407
2026-08-09,16P-C,retail,0,0,10,308.74,1.378739
2026-08-09,16P-D,retail,0,0,17,171.65,1.241069
2026-08-09,17-A,retail,0,0,18,455.79,1.26583
2026-08-09,17-B,retail,2,0,14,333.43,1.089407
2026-08-09,17-C,retail,0,0,10,337.58,1.378739
2026-08-09,17-D,retail,0,0,12,187.69,1.241069
2026-08-09,14-A,wholesale,1,0,6,149.8,
2026-08-09,14-B,wholesale,0,0,10,127.33,
2026-08-09,14-C,wholesale,0,0,15,101.86,
2026-08-09,14-D,wholesale,0,0,18,62.92,
2026-08-09,15-A,wholesale,1,0,2,198.16,
2026-08-09,15-B,wholesale,3,0,3,168.43,
2026-08-09,15-C,wholesale,3,0,7,134.75,
2026-08-09,15-D,wholesale,0,1,0,83.23,
2026-08-09,16P-A,wholesale,0,0,23,326.46,
2026-08-09,16P-B,wholesale,0,0,11,277.49,
2026-08-09,16P-C,wholesale,1,0,10,221.99,
2026-08-09,16P-D,wholesale,2,0,17,137.11,
2026-08-09,17-A,wholesale,0,0,18,356.96,
2026-08-09,17-B,wholesale,1,0,12,303.42,
2026-08-09,17-C,wholesale,0,0,10,242.73,
2026-08-09,17-D,wholesale,0,0,12,149.92,
2026-08-10,14-A,retail,0,0,5,204.51,1.354162
2026-08-10,14-B,retail,3,0,20,151.88,1.183169
2026-08-10,14-C,retail,0,0,15,130.82,1.273846
2026-08-10,14-D,retail,0,0,18,101.4,1.598605
2026-08-10,15-A,retail,1,1,1,270.52,1.354162
2026-08-10,15-B,retail,0,1,0,200.91,1.183169
2026-08-10,15-C,retail,0,0,4,173.05,1.273846
2026-08-10,15-D,retail,0,0,0,134.13,1.598605
2026-08-10,16P-A,retail,1,0,23,445.68,1.354162
2026-08-10,16P-B,retail,0,0,26,331.0,1.183169
2026-08-10,16P-C,retail,1,0,9,285.09,1.273846
2026-08-10,16P-D,retail,0,0,25,220.98,1.598605
2026-08-10,17-A,retail,0,0,18,487.33,1.354162
2026-08-10,17-B,retail,0,0,11,361.92,1.183169
2026-08-10,17-C,retail,0,0,10,311.73,1.273846
2026-08-10,17-D,retail,0,0,12,241.62,1.598605
2026-08-10,14-A,wholesale,0,0,5,149.71,
2026-08-10,14-B,wholesale,1,0,17,127.26,
2026-08-10,14-C,wholesale,0,0,15,101.81,
2026-08-10,14-D,wholesale,0,0,18,62.88,
2026-08-10,15-A,wholesale,0,0,0,198.05,
2026-08-10,15-B,wholesale,0,1,0,168.34,
2026-08-10,15-C,wholesale,1,0,4,134.67,
2026-08-10,15-D,wholesale,0,1,0,83.18,
2026-08-10,16P-A,wholesale,0,0,22,326.28,
2026-08-10,16P-B,wholesale,0,0,26,277.34,
2026-08-10,16P-C,wholesale,0,0,8,221.87,
2026-08-10,16P-D,wholesale,3,0,25,137.04,
2026-08-10,17-A,wholesale,0,0,18,356.76,
2026-08-10,17-B,wholesale,0,0,11,303.25,
2026-08-10,17-C,wholesale,0,0,10,242.6,
2026-08-10,17-D,wholesale,0,0,12,149.84,
2026-08-11,14-A,retail,2,0,15,177.77,1.177811
2026-08-11,14-B,retail,2,0,16,147.03,1.146039
2026-08-11,14-C,retail,0,0,15,106.72,1.039744
2026-08-11,14-D,retail,0,0,18,74.7,1.178436
2026-08-11,15-A,retail,1,0,10,235.16,1.177811
2026-08-11,15-B,retail,0,1,0,194.5,1.146039
2026-08-11,15-C,retail,0,0,13,141.17,1.039744
2026-08-11,15-D,retail,0,0,0,98.82,1.178436
2026-08-11,16P-A,retail,0,0,22,387.43,1.177811
2026-08-11,16P-B,retail,1,0,26,320.43,1.146039
2026-08-11,16P-C,retail,1,0,9,232.57,1.039744
2026-08-11,16P-D,retail,0,0,22,162.81,1.178436
2026-08-11,17-A,retail,2,0,18,423.63,1.177811
2026-08-11,17-B,retail,0,0,11,350.37,1.146039
2026-08-11,17-C,retail,0,0,10,254.3,1.039744
2026-08-11,17-D,retail,0,0,12,178.02,1.178436
2026-08-11,14-A,wholesale,0,0,13,149.63,
2026-08-11,14-B,wholesale,0,0,14,127.19,
2026-08-11,14-C,wholesale,1,0,15,101.75,
2026-08-11,14-D,wholesale,0,0,18,62.85,
2026-08-11,15-A,wholesale,1,0,9,197.93,
2026-08-11,15-B,wholesale,0,1,0,168.24,
2026-08-11,15-C,wholesale,2,0,13,134.6,
2026-08-11,15-D,wholesale,0,1,0,83.13,
2026-08-11,16P-A,wholesale,0,0,22,326.09,
2026-08-11,16P-B,wholesale,0,0,25,277.18,
2026-08-11,16P-C,wholesale,0,0,8,221.74,
2026-08-11,16P-D,wholesale,0,0,22,136.96,
2026-08-11,17-A,wholesale,1,0,16,356.56,
2026-08-11,17-B,wholesale,0,0,11,303.08,
2026-08-11,17-C,wholesale,0,0,10,242.46,
2026-08-11,17-D,wholesale,0,0,12,149.76,
2026-08-12,14-A,retail,0,0,13,230.69,1.529249
2026-08-12,14-B,retail,2,0,14,168.28,1.312367
2026-08-12,14-C,retail,0,0,14,141.8,1.382306
2026-08-12,14-D,retail,0,0,18,73.28,1.156614
2026-08-12,15-A,retail,2,0,18,305.16,1.529249
2026-08-12,15-B,retail,0,1,0,222.6,1.312367
2026-08-12,15-C,retail,1,0,11,187.57,1.382306
2026-08-12,15-D,retail,0,0,0,96.94,1.156614
2026-08-12,16P-A,retail,1,0,22,502.75,1.529249
2026-08-12,16P-B,retail,0,0,25,366.73,1.312367
2026-08-12,16P-C,retail,0,0,8,309.02,1.382306
2026-08-12,16P-D,retail,0,0,22,159.7,1.156614
2026-08-12,17-A,retail,0,0,15,549.72,1.529249
2026-08-12,17-B,retail,1,0,11,400.99,1.312367
2026-08-12,17-C,retail,0,0,10,337.89,1.382306
2026-08-12,17-D,retail,0,0,12,174.62,1.156614
2026-08-12,14-A,wholesale,1,0,13,149.55,
2026-08-12,14-B,wholesale,0,0,12,127.12,
2026-08-12,14-C,wholesale,1,0,14,101.69,
2026-08-12,14-D,wholesale,0,0,18,62.81,
2026-08-12,15-A,wholesale,1,0,16,197.82,
2026-08-12,15-B,wholesale,0,0,0,168.15,
2026-08-12,15-C,wholesale,1,0,10,134.52,
2026-08-12,15-D,wholesale,0,1,0,83.09,
2026-08-12,16P-A,wholesale,0,0,21,325.91,
2026-08-12,16P-B,wholesale,0,0,25,277.03,
2026-08-12,16P-C,wholesale,0,0,8,221.62,
2026-08-12,16P-D,wholesale,0,0,22,136.88,
2026-08-12,17-A,wholesale,0,0,15,356.36,
2026-08-12,17-B,wholesale,0,0,10,302.91,
2026-08-12,17-C,wholesale,0,0,10,242.33,
2026-08-12,17-D,wholesale,1,0,12,149.67,
2026-08-13,14-A,retail,0,0,12,204.9,1.359074
2026-08-13,14-B,retail,0,0,22,183.6,1.432691
2026-08-13,14-C,retail,0,0,13,114.05,1.11245
2026-08-13,14-D,retail,0,0,18,74.88,1.182599
2026-08-13,15-A,retail,1,0,15,271.05,1.359074
2026-08-13,15-B,retail,0,0,0,242.87,1.432691
2026-08-13,15-C,retail,0,0,9,150.87,1.11245
2026-08-13,15-D,retail,0,0,10,99.06,1.182599
2026-08-13,16P-A,retail,0,0,21,446.55,1.359074
2026-08-13,16P-B,retail,1,0,25,400.13,1.432691
2026-08-13,16P-C,retail,1,0,28,248.55,1.11245
2026-08-13,16P-D,retail,0,0,22,163.2,1.182599
2026-08-13,17-A,retail,0,0,15,488.27,1.359074
2026-08-13,17-B,retail,0,0,20,437.51,1.432691
2026-08-13,17-C,retail,0,0,10,271.78,1.11245
2026-08-13,17-D,retail,0,0,11,178.45,1.182599
2026-08-13,14-A,wholesale,0,0,12,149.46,
2026-08-13,14-B,wholesale,0,0,22,127.04,
2026-08-13,14-C,wholesale,2,0,13,101.64,
2026-08-13,14-D,wholesale,0,0,18,62.77,
2026-08-13,15-A,wholesale,0,0,14,197.71,
2026-08-13,15-B,wholesale,0,0,0,168.06,
2026-08-13,15-C,wholesale,2,0,9,134.45,
2026-08-13,15-D,wholesale,0,0,10,83.04,
2026-08-13,16P-A,wholesale,0,0,21,325.73,
2026-08-13,16P-B,wholesale,3,0,24,276.87,
2026-08-13,16P-C,wholesale,3,0,27,221.5,
2026-08-13,16P-D,wholesale,3,0,22,136.81,
2026-08-13,17-A,wholesale,1,0,15,356.16,
2026-08-13,17-B,wholesale,0,0,20,302.74,
2026-08-13,17-C,wholesale,0,0,10,242.19,
2026-08-13,17-D,wholesale,2,0,11,149.59,
2026-08-14,14-A,retail,0,0,12,209.47,1.390118
2026-08-14,14-B,retail,1,0,22,158.01,1.233673
2026-08-14,14-C,retail,0,0,11,129.21,1.261054
2026-08-14,14-D,retail,0,0,18,76.41,1.207342
2026-08-14,15-A,retail,3,0,14,277.09,1.390118
2026-08-14,15-B,retail,1,0,25,209.02,1.233673
2026-08-14,15-C,retail,1,0,7,170.93,1.261054
2026-08-14,15-D,retail,0,0,10,101.08,1.207342
2026-08-14,16P-A,retail,1,0,21,456.5,1.390118
2026-08-14,16P-B,retail,1,0,21,344.35,1.233673
2026-08-14,16P-C,retail,1,0,24,281.6,1.261054
2026-08-14,16P-D,retail,1,0,19,166.52,1.207342
2026-08-14,17-A,retail,2,0,14,499.15,1.390118
2026-08-14,17-B,retail,0,0,20,376.53,1.233673
2026-08-14,17-C,retail,1,0,10,307.91,1.261054
2026-08-14,17-D,retail,0,0,9,182.08,1.207342
2026-08-14,14-A,wholesale,0,0,12,149.38,
2026-08-14,14-B,wholesale,0,0,21,126.97,
2026-08-14,14-C,wholesale,0,0,11,101.58,
2026-08-14,14-D,wholesale,0,0,18,62.74,
2026-08-14,15-A,wholesale,0,0,11,197.6,
2026-08-14,15-B,wholesale,0,0,24,167.96,
2026-08-14,15-C,wholesale,0,0,6,134.37,
2026-08-14,15-D,wholesale,0,0,10,82.99,
2026-08-14,16P-A,wholesale,1,0,20,325.55,
2026-08-14,16P-B,wholesale,0,0,20,276.72,
2026-08-14,16P-C,wholesale,0,0,23,221.37,
2026-08-14,16P-D,wholesale,0,0,18,136.73,
2026-08-14,17-A,wholesale,1,0,12,355.97,
2026-08-14,17-B,wholesale,0,0,20,302.57,
2026-08-14,17-C,wholesale,0,0,9,242.06,
2026-08-14,17-D,wholesale,2,0,9,149.51,
2026-08-15,14-A,retail,0,0,13,204.87,1.360349
2026-08-15,14-B,retail,1,0,21,164.56,1.285515
2026-08-15,14-C,retail,1,0,21,140.86,1.375499
2026-08-15,14-D,retail,0,0,18,92.89,1.468538
2026-08-15,15-A,retail,0,0,11,271.0,1.360349
2026-08-15,15-B,retail,5,0,24,217.68,1.285515
2026-08-15,15-C,retail,1,0,6,186.33,1.375499
2026-08-15,15-D,retail,0,0,10,122.87,1.468538
2026-08-15,16P-A,retail,0,0,19,446.47,1.360349
2026-08-15,16P-B,retail,2,0,20,358.62,1.285515
2026-08-15,16P-C,retail,2,0,23,306.98,1.375499
2026-08-15,16P-D,retail,0,0,18,202.43,1.468538
2026-08-15,17-A,retail,0,0,11,488.19,1.360349
2026-08-15,17-B,retail,3,0,20,392.13,1.285515
2026-08-15,17-C,retail,0,0,9,335.66,1.375499
2026-08-15,17-D,retail,0,0,7,221.35,1.468538
2026-08-15,14-A,wholesale,0,0,13,149.3,
2026-08-15,14-B,wholesale,0,0,20,126.9,
2026-08-15,14-C,wholesale,2,0,20,101.52,
2026-08-15,14-D,wholesale,0,0,18,62.7,
2026-08-15,15-A,wholesale,0,0,11,197.49,
2026-08-15,15-B,wholesale,1,0,19,167.87,
2026-08-15,15-C,wholesale,0,0,5,134.3,
2026-08-15,15-D,wholesale,1,0,10,82.95,
2026-08-15,16P-A,wholesale,0,0,19,325.37,
2026-08-15,16P-B,wholesale,0,0,18,276.56,
2026-08-15,16P-C,wholesale,0,0,21,221.25,
2026-08-15,16P-D,wholesale,0,0,18,136.65,
2026-08-15,17-A,wholesale,0,0,11,355.77,
2026-08-15,17-B,wholesale,1,0,17,302.4,
2026-08-15,17-C,wholesale,1,0,9,241.92,
2026-08-15,17-D,wholesale,0,0,7,149.42,
2026-08-16,14-A,retail,0,0,13,184.71,1.227163
2026-08-16,14-B,retail,1,0,20,170.69,1.334172
2026-08-16,14-C,retail,0,0,18,101.38,0.990555
2026-08-16,14-D,retail,0,0,18,75.16,1.188996
2026-08-16,15-A,retail,1,0,11,244.33,1.227163
2026-08-16,15-B,retail,0,0,18,225.79,1.334172
2026-08-16,15-C,retail,1,0,5,134.11,0.990555
2026-08-16,15-D,retail,1,0,9,99.43,1.188996
2026-08-16,16P-A,retail,2,0,19,402.54,1.227163
2026-08-16,16P-B,retail,1,0,18,371.99,1.334172
2026-08-16,16P-C,retail,1,0,21,220.95,0.990555
2026-08-16,16P-D,retail,0,0,18,163.81,1.188996
2026-08-16,17-A,retail,1,0,11,440.15,1.227163
2026-08-16,17-B,retail,1,0,16,406.75,1.334172
2026-08-16,17-C,retail,0,0,8,241.59,0.990555
2026-08-16,17-D,retail,1,0,7,179.11,1.188996
2026-08-16,14-A,wholesale,0,0,13,149.21,
2026-08-16,14-B,wholesale,0,0,19,126.83,
2026-08-16,14-C,wholesale,4,0,18,101.47,
2026-08-16,14-D,wholesale,2,0,18,62.67,
2026-08-16,15-A,wholesale,0,0,10,197.38,
2026-08-16,15-B,wholesale,3,0,18,167.78,
2026-08-16,15-C,wholesale,1,0,4,134.22,
2026-08-16,15-D,wholesale,1,0,8,82.9,
2026-08-16,16P-A,wholesale,1,0,17,325.19,
2026-08-16,16P-B,wholesale,0,0,17,276.41,
2026-08-16,16P-C,wholesale,0,0,20,221.13,
2026-08-16,16P-D,wholesale,0,0,18,136.58,
2026-08-16,17-A,wholesale,0,0,10,355.57,
2026-08-16,17-B,wholesale,0,0,15,302.23,
2026-08-16,17-C,wholesale,0,0,8,241.79,
2026-08-16,17-D,wholesale,1,0,6,149.34,
2026-08-17,14-A,retail,0,0,13,169.65,1.127756
2026-08-17,14-B,retail,0,0,19,191.98,1.501393
2026-08-17,14-C,retail,3,0,14,133.22,1.302319
2026-08-17,14-D,retail,1,0,16,76.76,1.214899
2026-08-17,15-A,retail,1,0,10,224.42,1.127756
2026-08-17,15-B,retail,0,0,15,253.95,1.501393
2026-08-17,15-C,retail,0,0,3,176.22,1.302319
2026-08-17,15-D,retail,0,0,7,101.54,1.214899
2026-08-17,16P-A,retail,0,0,16,369.72,1.127756
2026-08-17,16P-B,retail,0,0,17,418.38,1.501393
2026-08-17,16P-C,retail,2,0,20,290.33,1.302319
2026-08-17,16P-D,retail,0,0,18,167.28,1.214899
2026-08-17,17-A,retail,0,0,10,404.26,1.127756
2026-08-17,17-B,retail,0,0,25,457.47,1.501393
2026-08-17,17-C,retail,0,0,18,317.45,1.302319
2026-08-17,17-D,retail,0,0,15,182.91,1.214899
2026-08-17,14-A,wholesale,0,0,13,149.13,
2026-08-17,14-B,wholesale,1,0,19,126.76,
2026-08-17,14-C,wholesale,0,0,11,101.41,
2026-08-17,14-D,wholesale,0,0,15,62.63,
2026-08-17,15-A,wholesale,1,0,9,197.27,
2026-08-17,15-B,wholesale,1,0,15,167.68,
2026-08-17,15-C,wholesale,0,0,3,134.15,
2026-08-17,15-D,wholesale,0,0,7,82.85,
2026-08-17,16P-A,wholesale,0,0,16,325.0,
2026-08-17,16P-B,wholesale,1,0,17,276.25,
2026-08-17,16P-C,wholesale,0,0,18,221.0,
2026-08-17,16P-D,wholesale,3,0,18,136.5,
2026-08-17,17-A,wholesale,0,0,10,355.37,
2026-08-17,17-B,wholesale,2,0,25,302.06,
2026-08-17,17-C,wholesale,0,0,18,241.65,
2026-08-17,17-D,wholesale,0,0,15,149.26,
2026-08-18,14-A,retail,0,0,13,218.95,1.45633
2026-08-18,14-B,retail,0,0,18,197.52,1.545637
2026-08-18,14-C,retail,0,0,11,126.89,1.241152
2026-08-18,14-D,retail,0,0,15,90.46,1.432515
2026-08-18,15-A,retail,2,0,8,289.64,1.45633
2026-08-18,15-B,retail,0,0,14,261.29,1.545637
2026-08-18,15-C,retail,1,0,18,167.85,1.241152
2026-08-18,15-D,retail,0,0,7,119.66,1.432515
2026-08-18,16P-A,retail,1,0,16,477.17,1.45633
2026-08-18,16P-B,retail,0,0,16,430.47,1.545637
2026-08-18,16P-C,retail,0,0,18,276.54,1.241152
2026-08-18,16P-D,retail,0,0,15,197.14,1.432515
2026-08-18,17-A,retail,0,0,10,521.76,1.45633
2026-08-18,17-B,retail,0,0,23,470.69,1.545637
2026-08-18,17-C,retail,1,0,18,302.37,1.241152
2026-08-18,17-D,retail,0,0,15,215.55,1.432515
2026-08-18,14-A,wholesale,1,0,13,149.05,
2026-08-18,14-B,wholesale,0,0,18,126.69,
2026-08-18,14-C,wholesale,0,0,11,101.35,
2026-08-18,14-D,wholesale,1,0,15,62.6,
2026-08-18,15-A,wholesale,0,0,6,197.16,
2026-08-18,15-B,wholesale,1,0,14,167.59,
2026-08-18,15-C,wholesale,0,0,17,134.07,
2026-08-18,15-D,wholesale,1,0,7,82.81,
2026-08-18,16P-A,wholesale,0,0,15,324.82,
2026-08-18,16P-B,wholesale,0,0,16,276.1,
2026-08-18,16P-C,wholesale,0,0,18,220.88,
2026-08-18,16P-D,wholesale,4,0,15,136.43,
2026-08-18,17-A,wholesale,0,0,10,355.17,
2026-08-18,17-B,wholesale,1,0,23,301.9,
2026-08-18,17-C,wholesale,1,0,17,241.52,
2026-08-18,17-D,wholesale,1,0,15,149.17,
2026-08-19,14-A,retail,0,0,12,186.1,1.238487
2026-08-19,14-B,retail,0,0,18,169.75,1.329031
2026-08-19,14-C,retail,0,0,11,111.8,1.09415
2026-08-19,14-D,retail,0,0,14,88.86,1.408013
2026-08-19,15-A,retail,3,0,6,246.18,1.238487
2026-08-19,15-B,retail,0,0,13,224.55,1.329031
2026-08-19,15-C,retail,1,0,17,147.89,1.09415
2026-08-19,15-D,retail,0,0,6,117.55,1.408013
2026-08-19,16P-A,retail,1,0,15,405.57,1.238487
2026-08-19,16P-B,retail,1,0,26,369.94,1.329031
2026-08-19,16P-C,retail,0,0,18,243.65,1.09415
2026-08-19,16P-D,retail,0,0,11,193.66,1.408013
2026-08-19,17-A,retail,0,0,10,443.46,1.238487
2026-08-19,17-B,retail,0,0,22,404.5,1.329031
2026-08-19,17-C,retail,1,0,16,266.41,1.09415
2026-08-19,17-D,retail,0,0,14,211.75,1.408013
2026-08-19,14-A,wholesale,0,0,12,148.96,
2026-08-19,14-B,wholesale,0,0,18,126.62,
2026-08-19,14-C,wholesale,0,0,11,101.3,
2026-08-19,14-D,wholesale,2,0,14,62.56,
2026-08-19,15-A,wholesale,0,0,3,197.05,
2026-08-19,15-B,wholesale,0,0,13,167.49,
2026-08-19,15-C,wholesale,1,0,16,134.0,
2026-08-19,15-D,wholesale,0,0,6,82.76,
2026-08-19,16P-A,wholesale,0,0,14,324.64,
2026-08-19,16P-B,wholesale,0,0,25,275.94,
2026-08-19,16P-C,wholesale,0,0,18,220.76,
2026-08-19,16P-D,wholesale,1,0,11,136.35,
2026-08-19,17-A,wholesale,0,0,10,354.97,
2026-08-19,17-B,wholesale,0,0,22,301.73,
2026-08-19,17-C,wholesale,0,0,15,241.38,
2026-08-19,17-D,wholesale,0,0,14,149.09,
2026-08-20,14-A,retail,1,0,12,249.05,1.658376
2026-08-20,14-B,retail,0,0,18,148.19,1.160917
2026-08-20,14-C,retail,0,0,11,134.57,1.317775
2026-08-20,14-D,retail,0,0,12,74.56,1.182103
2026-08-20,15-A,retail,0,0,3,329.45,1.658376
2026-08-20,15-B,retail,0,0,13,196.03,1.160917
2026-08-20,15-C,retail,1,0,15,178.02,1.317775
2026-08-20,15-D,retail,1,0,6,98.63,1.182103
2026-08-20,16P-A,retail,0,0,14,542.77,1.658376
2026-08-20,16P-B,retail,1,0,25,322.96,1.160917
2026-08-20,16P-C,retail,0,0,18,293.28,1.317775
2026-08-20,16P-D,retail,0,0,10,162.49,1.182103
2026-08-20,17-A,retail,0,0,10,593.48,1.658376
2026-08-20,17-B,retail,1,0,22,353.14,1.160917
2026-08-20,17-C,retail,0,0,15,320.68,1.317775
2026-08-20,17-D,retail,0,0,14,177.68,1.182103
2026-08-20,14-A,wholesale,1,0,11,148.88,
2026-08-20,14-B,wholesale,1,0,18,126.55,
2026-08-20,14-C,wholesale,0,0,11,101.24,
2026-08-20,14-D,wholesale,1,0,12,62.53,
2026-08-20,15-A,wholesale,0,0,3,196.94,
2026-08-20,15-B,wholesale,1,0,13,167.4,
2026-08-20,15-C,wholesale,0,0,14,133.92,
2026-08-20,15-D,wholesale,0,0,5,82.72,
2026-08-20,16P-A,wholesale,2,0,14,324.46,
2026-08-20,16P-B,wholesale,0,0,24,275.79,
2026-08-20,16P-C,wholesale,0,0,18,220.63,
2026-08-20,16P-D,wholesale,0,0,10,136.27,
2026-08-20,17-A,wholesale,0,0,10,354.77,
2026-08-20,17-B,wholesale,0,0,21,301.56,
2026-08-20,17-C,wholesale,2,0,15,241.25,
2026-08-20,17-D,wholesale,2,0,14,149.01,
2026-08-21,14-A,retail,1,0,10,220.17,1.466887
2026-08-21,14-B,retail,1,0,17,169.54,1.328912
2026-08-21,14-C,retail,0,0,11,144.12,1.412014
2026-08-21,14-D,retail,0,0,11,86.77,1.376393
2026-08-21,15-A,retail,1,0,13,291.25,1.466887
2026-08-21,15-B,retail,0,0,27,224.28,1.328912
2026-08-21,15-C,retail,0,0,14,190.64,1.412014
2026-08-21,15-D,retail,1,0,5,114.78,1.376393
2026-08-21,16P-A,retail,0,0,12,479.83,1.466887
2026-08-21,16P-B,retail,2,0,24,369.49,1.328912
2026-08-21,16P-C,retail,0,0,18,314.08,1.412014
2026-08-21,16P-D,retail,0,0,10,189.1,1.376393
2026-08-21,17-A,retail,1,0,10,524.66,1.466887
2026-08-21,17-B,retail,0,0,21,404.01,1.328912
2026-08-21,17-C,retail,0,0,13,343.42,1.412014
2026-08-21,17-D,retail,0,0,12,206.76,1.376393
2026-08-21,14-A,wholesale,2,0,9,148.8,
2026-08-21,14-B,wholesale,0,0,16,126.48,
2026-08-21,14-C,wholesale,2,0,11,101.18,
2026-08-21,14-D,wholesale,1,0,11,62.5,
2026-08-21,15-A,wholesale,0,0,12,196.83,
2026-08-21,15-B,wholesale,0,0,27,167.31,
2026-08-21,15-C,wholesale,0,0,14,133.85,
2026-08-21,15-D,wholesale,0,0,4,82.67,
2026-08-21,16P-A,wholesale,1,0,12,324.28,
2026-08-21,16P-B,wholesale,1,0,22,275.64,
2026-08-21,16P-C,wholesale,1,0,18,220.51,
2026-08-21,16P-D,wholesale,1,0,10,136.2,
2026-08-21,17-A,wholesale,0,0,9,354.58,
2026-08-21,17-B,wholesale,1,0,21,301.39,
2026-08-21,17-C,wholesale,0,0,13,241.11,
2026-08-21,17-D,wholesale,1,0,12,148.92,
2026-08-22,14-A,retail,0,0,7,184.4,1.229225
2026-08-22,14-B,retail,1,0,18,185.25,1.452822
2026-08-22,14-C,retail,0,0,9,142.33,1.395252
2026-08-22,14-D,retail,0,0,10,85.25,1.353008
2026-08-22,15-A,retail,0,0,12,243.93,1.229225
2026-08-22,15-B,retail,1,0,27,245.05,1.452822
2026-08-22,15-C,retail,0,0,14,188.27,1.395252
2026-08-22,15-D,retail,0,0,4,112.77,1.353008
2026-08-22,16P-A,retail,0,0,11,401.86,1.229225
2026-08-22,16P-B,retail,2,0,31,403.72,1.452822
2026-08-22,16P-C,retail,1,0,17,310.18,1.395252
2026-08-22,16P-D,retail,0,0,9,185.78,1.353008
2026-08-22,17-A,retail,1,0,9,439.41,1.229225
2026-08-22,17-B,retail,2,0,20,441.44,1.452822
2026-08-22,17-C,retail,0,0,13,339.16,1.395252
2026-08-22,17-D,retail,0,0,11,203.14,1.353008
2026-08-22,14-A,wholesale,2,0,7,148.71,
2026-08-22,14-B,wholesale,0,0,17,126.41,
2026-08-22,14-C,wholesale,0,0,9,101.13,
2026-08-22,14-D,wholesale,1,0,10,62.46,
2026-08-22,15-A,wholesale,2,0,12,196.72,
2026-08-22,15-B,wholesale,0,0,26,167.21,
2026-08-22,15-C,wholesale,0,0,14,133.77,
2026-08-22,15-D,wholesale,1,0,4,82.62,
2026-08-22,16P-A,wholesale,0,0,11,324.1,
2026-08-22,16P-B,wholesale,0,0,29,275.48,
2026-08-22,16P-C,wholesale,1,0,16,220.39,
2026-08-22,16P-D,wholesale,1,0,9,136.12,
2026-08-22,17-A,wholesale,0,0,8,354.38,
2026-08-22,17-B,wholesale,0,0,18,301.22,
2026-08-22,17-C,wholesale,1,0,13,240.98,
2026-08-22,17-D,wholesale,0,0,11,148.84,
2026-08-23,14-A,retail,0,0,5,239.12,1.594932
2026-08-23,14-B,retail,1,0,17,193.57,1.518962
2026-08-23,14-C,retail,0,0,9,124.6,1.222184
2026-08-23,14-D,retail,0,0,9,80.28,1.274826
2026-08-23,15-A,retail,0,0,10,316.32,1.594932
2026-08-23,15-B,retail,0,0,26,256.06,1.518962
2026-08-23,15-C,retail,0,0,14,164.83,1.222184
2026-08-23,15-D,retail,0,0,14,106.19,1.274826
2026-08-23,16P-A,retail,1,0,11,521.13,1.594932
2026-08-23,16P-B,retail,0,0,29,421.86,1.518962
2026-08-23,16P-C,retail,1,0,15,271.55,1.222184
2026-08-23,16P-D,retail,0,0,8,174.95,1.274826
2026-08-23,17-A,retail,0,0,8,569.82,1.594932
2026-08-23,17-B,retail,0,0,18,461.28,1.518962
2026-08-23,17-C,retail,0,0,22,296.92,1.222184
2026-08-23,17-D,retail,0,0,11,191.29,1.274826
2026-08-23,14-A,wholesale,0,0,5,148.63,
2026-08-23,14-B,wholesale,0,0,16,126.34,
2026-08-23,14-C,wholesale,1,0,9,101.07,
2026-08-23,14-D,wholesale,0,0,9,62.43,
2026-08-23,15-A,wholesale,0,0,10,196.61,
2026-08-23,15-B,wholesale,1,0,26,167.12,
2026-08-23,15-C,wholesale,2,0,14,133.7,
2026-08-23,15-D,wholesale,0,0,14,82.58,
2026-08-23,16P-A,wholesale,0,0,10,323.92,
2026-08-23,16P-B,wholesale,0,0,29,275.33,
2026-08-23,16P-C,wholesale,0,0,14,220.26,
2026-08-23,16P-D,wholesale,1,0,8,136.04,
2026-08-23,17-A,wholesale,0,0,8,354.18,
2026-08-23,17-B,wholesale,0,0,18,301.05,
2026-08-23,17-C,wholesale,0,0,22,240.84,
2026-08-23,17-D,wholesale,0,0,11,148.76,
2026-08-24,14-A,retail,1,0,15,143.4,0.95698
2026-08-24,14-B,retail,2,0,16,150.0,1.177721
2026-08-24,14-C,retail,0,0,8,131.49,1.290506
2026-08-24,14-D,retail,0,0,19,100.97,1.604308
2026-08-24,15-A,retail,4,0,10,189.69,0.95698
2026-08-24,15-B,retail,1,0,25,198.43,1.177721
2026-08-24,15-C,retail,0,0,12,173.94,1.290506
2026-08-24,15-D,retail,0,0,14,133.56,1.604308
2026-08-24,16P-A,retail,1,0,10,312.51,0.95698
2026-08-24,16P-B,retail,1,0,30,326.91,1.177721
2026-08-24,16P-C,retail,0,0,14,286.57,1.290506
2026-08-24,16P-D,retail,0,0,7,220.04,1.604308
2026-08-24,17-A,retail,1,0,8,341.71,0.95698
2026-08-24,17-B,retail,2,0,18,357.45,1.177721
2026-08-24,17-C,retail,0,0,22,313.34,1.290506
2026-08-24,17-D,retail,0,0,11,240.6,1.604308
2026-08-24,14-A,wholesale,0,0,14,148.55,
2026-08-24,14-B,wholesale,0,0,14,126.27,
2026-08-24,14-C,wholesale,0,0,8,101.01,
2026-08-24,14-D,wholesale,1,0,19,62.39,
2026-08-24,15-A,wholesale,0,0,6,196.5,
2026-08-24,15-B,wholesale,0,0,24,167.03,
2026-08-24,15-C,wholesale,0,0,12,133.62,
2026-08-24,15-D,wholesale,0,0,14,82.53,
2026-08-24,16P-A,wholesale,0,0,9,323.74,
2026-08-24,16P-B,wholesale,0,0,29,275.18,
2026-08-24,16P-C,wholesale,0,0,14,220.14,
2026-08-24,16P-D,wholesale,0,0,7,135.97,
2026-08-24,17-A,wholesale,0,0,7,353.98,
2026-08-24,17-B,wholesale,0,0,16,300.89,
2026-08-24,17-C,wholesale,0,0,22,240.71,
2026-08-24,17-D,wholesale,0,0,11,148.67,
2026-08-25,14-A,retail,0,0,14,199.44,1.331709
2026-08-25,14-B,retail,1,0,14,157.15,1.234541
2026-08-25,14-C,retail,1,0,8,134.98,1.325452
2026-08-25,14-D,retail,0,0,18,83.9,1.333824
2026-08-25,15-A,retail,1,0,6,263.82,1.331709
2026-08-25,15-B,retail,0,0,25,207.88,1.234541
2026-08-25,15-C,retail,1,0,12,178.55,1.325452
2026-08-25,15-D,retail,0,0,24,110.98,1.333824
2026-08-25,16P-A,retail,0,0,9,434.64,1.331709
2026-08-25,16P-B,retail,0,0,29,342.49,1.234541
2026-08-25,16P-C,retail,1,0,25,294.17,1.325452
2026-08-25,16P-D,retail,0,0,7,182.84,1.333824
2026-08-25,17-A,retail,0,0,7,475.25,1.331709
2026-08-25,17-B,retail,0,0,16,374.49,1.234541
2026-08-25,17-C,retail,0,0,22,321.65,1.325452
2026-08-25,17-D,retail,0,0,11,199.92,1.333824
2026-08-25,14-A,wholesale,0,0,14,148.47,
2026-08-25,14-B,wholesale,0,0,13,126.2,
2026-08-25,14-C,wholesale,2,0,7,100.96,
2026-08-25,14-D,wholesale,2,0,18,62.36,
2026-08-25,15-A,wholesale,0,0,5,196.39,
2026-08-25,15-B,wholesale,1,0,25,166.93,
2026-08-25,15-C,wholesale,0,0,11,133.55,
2026-08-25,15-D,wholesale,0,0,24,82.49,
2026-08-25,16P-A,wholesale,0,0,9,323.55,
2026-08-25,16P-B,wholesale,1,0,29,275.02,
2026-08-25,16P-C,wholesale,2,0,24,220.02,
2026-08-25,16P-D,wholesale,0,0,7,135.89,
2026-08-25,17-A,wholesale,0,0,7,353.79,
2026-08-25,17-B,wholesale,0,0,16,300.72,
2026-08-25,17-C,wholesale,1,0,22,240.57,
2026-08-25,17-D,wholesale,0,0,11,148.59,
2026-08-26,14-A,retail,2,0,14,161.22,1.077125
2026-08-26,14-B,retail,0,0,13,173.72,1.365449
2026-08-26,14-C,retail,2,0,5,125.84,1.236434
2026-08-26,14-D,retail,0,0,16,79.34,1.262069
2026-08-26,15-A,retail,0,0,5,213.27,1.077125
2026-08-26,15-B,retail,1,0,24,229.8,1.365449
2026-08-26,15-C,retail,0,0,11,166.47,1.236434
2026-08-26,15-D,retail,0,0,24,104.95,1.262069
2026-08-26,16P-A,retail,1,0,19,351.35,1.077125
2026-08-26,16P-B,retail,0,0,28,378.59,1.365449
2026-08-26,16P-C,retail,2,0,22,274.26,1.236434
2026-08-26,16P-D,retail,0,0,7,172.91,1.262069
2026-08-26,17-A,retail,1,0,7,384.18,1.077125
2026-08-26,17-B,retail,1,0,16,413.96,1.365449
2026-08-26,17-C,retail,1,0,21,299.88,1.236434
2026-08-26,17-D,retail,0,0,11,189.06,1.262069
2026-08-26,14-A,wholesale,0,0,12,148.38,
2026-08-26,14-B,wholesale,3,0,13,126.13,
2026-08-26,14-C,wholesale,0,0,3,100.9,
2026-08-26,14-D,wholesale,0,0,16,62.32,
2026-08-26,15-A,wholesale,2,0,5,196.28,
2026-08-26,15-B,wholesale,0,0,23,166.84,
2026-08-26,15-C,wholesale,0,0,11,133.47,
2026-08-26,15-D,wholesale,0,0,24,82.44,
2026-08-26,16P-A,wholesale,0,0,18,323.37,
2026-08-26,16P-B,wholesale,1,0,28,274.87,
2026-08-26,16P-C,wholesale,1,0,20,219.89,
2026-08-26,16P-D,wholesale,2,0,7,135.82,
2026-08-26,17-A,wholesale,0,0,6,353.59,
2026-08-26,17-B,wholesale,1,0,15,300.55,
2026-08-26,17-C,wholesale,0,0,20,240.44,
2026-08-26,17-D,wholesale,0,0,11,148.51,
2026-08-27,14-A,retail,0,0,12,203.44,1.359928
2026-08-27,14-B,retail,1,0,20,220.78,1.736283
2026-08-27,14-C,retail,0,0,3,132.02,1.297811
2026-08-27,14-D,retail,0,0,16,85.08,1.354069
2026-08-27,15-A,retail,1,0,3,269.11,1.359928
2026-08-27,15-B,retail,0,0,23,292.05,1.736283
2026-08-27,15-C,retail,1,0,11,174.64,1.297811
2026-08-27,15-D,retail,0,0,24,112.54,1.354069
2026-08-27,16P-A,retail,0,0,18,443.35,1.359928
2026-08-27,16P-B,retail,0,0,27,481.14,1.736283
2026-08-27,16P-C,retail,2,0,19,287.71,1.297811
2026-08-27,16P-D,retail,1,0,5,185.41,1.354069
2026-08-27,17-A,retail,1,0,6,484.78,1.359928
2026-08-27,17-B,retail,0,0,14,526.1,1.736283
2026-08-27,17-C,retail,0,0,20,314.59,1.297811
2026-08-27,17-D,retail,0,0,11,202.73,1.354069
2026-08-27,14-A,wholesale,0,0,12,148.3,
2026-08-27,14-B,wholesale,1,0,19,126.05,
2026-08-27,14-C,wholesale,0,0,3,100.84,
2026-08-27,14-D,wholesale,0,0,16,62.29,
2026-08-27,15-A,wholesale,2,0,2,196.17,
2026-08-27,15-B,wholesale,1,0,23,166.75,
2026-08-27,15-C,wholesale,0,0,10,133.4,
2026-08-27,15-D,wholesale,0,0,24,82.39,
2026-08-27,16P-A,wholesale,0,0,18,323.19,
2026-08-27,16P-B,wholesale,1,0,27,274.71,
2026-08-27,16P-C,wholesale,0,0,17,219.77,
2026-08-27,16P-D,wholesale,2,0,4,135.74,
2026-08-27,17-A,wholesale,0,0,5,353.39,
2026-08-27,17-B,wholesale,0,0,14,300.38,
2026-08-27,17-C,wholesale,0,0,20,240.31,
2026-08-27,17-D,wholesale,0,0,11,148.42,
2026-08-28,14-A,retail,1,0,12,170.36,1.139484
2026-08-28,14-B,retail,2,0,18,155.16,1.220907
2026-08-28,14-C,retail,0,0,3,144.97,1.425931
2026-08-28,14-D,retail,0,0,16,77.98,1.241818
2026-08-28,15-A,retail,1,0,10,225.36,1.139484
2026-08-28,15-B,retail,4,0,32,205.24,1.220907
2026-08-28,15-C,retail,1,0,10,191.77,1.425931
2026-08-28,15-D,retail,0,0,24,103.15,1.241818
2026-08-28,16P-A,retail,0,0,18,371.28,1.139484
2026-08-28,16P-B,retail,1,0,26,338.14,1.220907
2026-08-28,16P-C,retail,1,0,17,315.94,1.425931
2026-08-28,16P-D,retail,0,0,2,169.94,1.241818
2026-08-28,17-A,retail,2,0,5,405.97,1.139484
2026-08-28,17-B,retail,1,0,24,369.73,1.220907
2026-08-28,17-C,retail,0,0,20,345.45,1.425931
2026-08-28,17-D,retail,0,0,11,185.82,1.241818
2026-08-28,14-A,wholesale,1,0,11,148.22,
2026-08-28,14-B,wholesale,0,0,16,125.98,
2026-08-28,14-C,wholesale,1,0,3,100.79,
2026-08-28,14-D,wholesale,0,0,16,62.25,
2026-08-28,15-A,wholesale,0,0,9,196.06,
2026-08-28,15-B,wholesale,0,0,28,166.65,
2026-08-28,15-C,wholesale,0,0,9,133.32,
2026-08-28,15-D,wholesale,2,0,24,82.35,
2026-08-28,16P-A,wholesale,0,0,18,323.01,
2026-08-28,16P-B,wholesale,0,0,25,274.56,
2026-08-28,16P-C,wholesale,0,0,16,219.65,
2026-08-28,16P-D,wholesale,1,0,2,135.67,
2026-08-28,17-A,wholesale,0,0,3,353.19,
2026-08-28,17-B,wholesale,1,0,23,300.21,
2026-08-28,17-C,wholesale,0,0,20,240.17,
2026-08-28,17-D,wholesale,0,0,11,148.34,
2026-08-29,14-A,retail,0,0,10,198.14,1.326017
2026-08-29,14-B,retail,2,0,16,193.37,1.522457
2026-08-29,14-C,retail,0,0,2,114.8,1.12977
2026-08-29,14-D,retail,0,0,16,86.34,1.375783
2026-08-29,15-A,retail,1,0,9,262.11,1.326017
2026-08-29,15-B,retail,0,0,28,255.79,1.522457
2026-08-29,15-C,retail,0,0,9,151.85,1.12977
2026-08-29,15-D,retail,0,0,22,114.22,1.375783
2026-08-29,16P-A,retail,0,0,18,431.82,1.326017
2026-08-29,16P-B,retail,3,0,25,421.42,1.522457
2026-08-29,16P-C,retail,2,0,16,250.18,1.12977
2026-08-29,16P-D,retail,0,0,1,188.17,1.375783
2026-08-29,17-A,retail,0,0,3,472.16,1.326017
2026-08-29,17-B,retail,1,0,22,460.79,1.522457
2026-08-29,17-C,retail,1,0,20,273.55,1.12977
2026-08-29,17-D,retail,0,0,11,205.75,1.375783
2026-08-29,14-A,wholesale,0,0,10,148.13,
2026-08-29,14-B,wholesale,0,0,14,125.91,
2026-08-29,14-C,wholesale,0,0,2,100.73,
2026-08-29,14-D,wholesale,2,0,16,62.22,
2026-08-29,15-A,wholesale,2,0,8,195.96,
2026-08-29,15-B,wholesale,0,0,28,166.56,
2026-08-29,15-C,wholesale,0,0,9,133.25,
2026-08-29,15-D,wholesale,2,0,22,82.3,
2026-08-29,16P-A,wholesale,0,0,18,322.83,
2026-08-29,16P-B,wholesale,0,0,22,274.41,
2026-08-29,16P-C,wholesale,2,0,14,219.53,
2026-08-29,16P-D,wholesale,1,0,1,135.59,
2026-08-29,17-A,wholesale,0,0,3,353.0,
2026-08-29,17-B,wholesale,2,0,21,300.05,
2026-08-29,17-C,wholesale,1,0,19,240.04,
2026-08-29,17-D,wholesale,1,0,11,148.26,
2026-08-30,14-A,retail,1,0,10,181.04,1.212267
2026-08-30,14-B,retail,0,0,14,144.75,1.140288
2026-08-30,14-C,retail,2,0,17,151.89,1.495719
2026-08-30,14-D,retail,0,0,14,85.99,1.370861
2026-08-30,15-A,retail,0,0,6,239.49,1.212267
2026-08-30,15-B,retail,4,0,28,191.48,1.140288
2026-08-30,15-C,retail,1,0,9,200.93,1.495719
2026-08-30,15-D,retail,0,0,20,113.74,1.370861
2026-08-30,16P-A,retail,0,0,18,394.55,1.212267
2026-08-30,16P-B,retail,1,0,22,315.46,1.140288
2026-08-30,16P-C,retail,0,0,12,331.03,1.495719
2026-08-30,16P-D,retail,0,0,0,187.39,1.370861
2026-08-30,17-A,retail,0,0,3,431.42,1.212267
2026-08-30,17-B,retail,2,0,19,344.93,1.140288
2026-08-30,17-C,retail,0,0,18,361.96,1.495719
2026-08-30,17-D,retail,0,0,10,204.9,1.370861
2026-08-30,14-A,wholesale,1,0,9,148.05,
2026-08-30,14-B,wholesale,1,0,14,125.84,
2026-08-30,14-C,wholesale,0,0,15,100.68,
2026-08-30,14-D,wholesale,0,0,14,62.18,
2026-08-30,15-A,wholesale,0,0,6,195.85,
2026-08-30,15-B,wholesale,0,0,24,166.47,
2026-08-30,15-C,wholesale,0,0,8,133.18,
2026-08-30,15-D,wholesale,1,0,20,82.26,
2026-08-30,16P-A,wholesale,0,0,18,322.65,
2026-08-30,16P-B,wholesale,0,0,21,274.25,
2026-08-30,16P-C,wholesale,2,0,12,219.4,
2026-08-30,16P-D,wholesale,0,1,0,135.51,
2026-08-30,17-A,wholesale,0,0,3,352.8,
2026-08-30,17-B,wholesale,0,0,17,299.88,
2026-08-30,17-C,wholesale,1,0,18,239.9,
2026-08-30,17-D,wholesale,1,0,10,148.18,
2026-08-31,14-A,retail,1,0,8,187.74,1.257813
2026-08-31,14-B,retail,1,0,13,149.73,1.180153
2026-08-31,14-C,retail,1,0,15,115.8,1.14097
2026-08-31,14-D,retail,0,0,14,87.28,1.392245
2026-08-31,15-A,retail,3,0,6,248.35,1.257813
2026-08-31,15-B,retail,2,0,24,198.06,1.180153
2026-08-31,15-C,retail,0,0,8,153.19,1.14097
2026-08-31,15-D,retail,0,0,19,115.45,1.392245
2026-08-31,16P-A,retail,0,0,18,409.15,1.257813
2026-08-31,16P-B,retail,1,0,21,326.3,1.180153
2026-08-31,16P-C,retail,0,0,10,252.38,1.14097
2026-08-31,16P-D,retail,0,0,0,190.21,1.392245
2026-08-31,17-A,retail,1,0,3,447.37,1.257813
2026-08-31,17-B,retail,0,0,17,356.79,1.180153
2026-08-31,17-C,retail,0,0,17,275.96,1.14097
2026-08-31,17-D,retail,1,0,9,207.98,1.392245
2026-08-31,14-A,wholesale,0,0,7,147.97,
2026-08-31,14-B,wholesale,1,0,12,125.77,
2026-08-31,14-C,wholesale,0,0,14,100.62,
2026-08-31,14-D,wholesale,0,0,14,62.15,
2026-08-31,15-A,wholesale,0,0,3,195.74,
2026-08-31,15-B,wholesale,1,0,22,166.38,
2026-08-31,15-C,wholesale,2,0,8,133.1,
2026-08-31,15-D,wholesale,1,0,19,82.21,
2026-08-31,16P-A,wholesale,0,0,18,322.47,
2026-08-31,16P-B,wholesale,0,0,20,274.1,
2026-08-31,16P-C,wholesale,1,0,10,219.28,
2026-08-31,16P-D,wholesale,0,1,0,135.44,
2026-08-31,17-A,wholesale,0,0,2,352.6,
2026-08-31,17-B,wholesale,1,0,17,299.71,
2026-08-31,17-C,wholesale,0,0,17,239.77,
2026-08-31,17-D,wholesale,0,0,8,148.09,
2026-09-01,14-A,retail,0,0,17,188.31,1.262327
2026-09-01,14-B,retail,3,0,11,167.33,1.319606
2026-09-01,14-C,retail,0,0,14,120.99,1.192699
2026-09-01,14-D,retail,1,0,14,81.21,1.296096
2026-09-01,15-A,retail,0,0,3,249.1,1.262327
2026-09-01,15-B,retail,0,0,21,221.34,1.319606
2026-09-01,15-C,retail,1,0,6,160.04,1.192699
2026-09-01,15-D,retail,0,0,18,107.42,1.296096
2026-09-01,16P-A,retail,1,0,28,410.39,1.262327
2026-09-01,16P-B,retail,0,0,20,364.66,1.319606
2026-09-01,16P-C,retail,1,0,9,263.67,1.192699
2026-09-01,16P-D,retail,0,0,0,176.97,1.296096
2026-09-01,17-A,retail,0,0,2,448.73,1.262327
2026-09-01,17-B,retail,0,0,16,398.73,1.319606
2026-09-01,17-C,retail,0,0,17,288.31,1.192699
2026-09-01,17-D,retail,0,0,8,193.51,1.296096
2026-09-01,14-A,wholesale,1,0,17,147.89,
2026-09-01,14-B,wholesale,0,0,8,125.7,
2026-09-01,14-C,wholesale,0,0,14,100.56,
2026-09-01,14-D,wholesale,0,0,13,62.11,
2026-09-01,15-A,wholesale,0,0,3,195.63,
2026-09-01,15-B,wholesale,1,0,21,166.28,
2026-09-01,15-C,wholesale,4,0,5,133.03,
2026-09-01,15-D,wholesale,2,0,18,82.16,
2026-09-01,16P-A,wholesale,0,0,27,322.29,
2026-09-01,16P-B,wholesale,0,0,20,273.95,
2026-09-01,16P-C,wholesale,0,0,8,219.16,
2026-09-01,16P-D,wholesale,0,1,0,135.36,
2026-09-01,17-A,wholesale,0,0,2,352.4,
2026-09-01,17-B,wholesale,3,0,16,299.54,
2026-09-01,17-C,wholesale,1,0,17,239.64,
2026-09-01,17-D,wholesale,1,0,8,148.01,
2026-09-02,14-A,retail,3,0,16,188.86,1.2667
2026-09-02,14-B,retail,0,0,8,210.94,1.664521
2026-09-02,14-C,retail,2,0,14,124.67,1.229676
2026-09-02,14-D,retail,1,0,13,77.92,1.244419
2026-09-02,15-A,retail,1,0,3,249.82,1.2667
2026-09-02,15-B,retail,0,0,20,279.04,1.664521
2026-09-02,15-C,retail,0,0,1,164.91,1.229676
2026-09-02,15-D,retail,0,0,16,103.08,1.244419
2026-09-02,16P-A,retail,0,0,27,411.58,1.2667
2026-09-02,16P-B,retail,0,0,20,459.71,1.664521
2026-09-02,16P-C,retail,0,0,18,271.69,1.229676
2026-09-02,16P-D,retail,0,0,0,169.82,1.244419
2026-09-02,17-A,retail,0,0,2,450.03,1.2667
2026-09-02,17-B,retail,0,0,13,502.66,1.664521
2026-09-02,17-C,retail,1,0,16,297.08,1.229676
2026-09-02,17-D,retail,0,0,7,185.69,1.244419
2026-09-02,14-A,wholesale,1,0,13,147.8,
2026-09-02,14-B,wholesale,1,0,8,125.63,
2026-09-02,14-C,wholesale,5,0,12,100.51,
2026-09-02,14-D,wholesale,1,0,12,62.08,
2026-09-02,15-A,wholesale,0,0,2,195.52,
2026-09-02,15-B,wholesale,0,0,20,166.19,
2026-09-02,15-C,wholesale,1,0,1,132.95,
2026-09-02,15-D,wholesale,2,0,16,82.12,
2026-09-02,16P-A,wholesale,0,0,27,322.11,
2026-09-02,16P-B,wholesale,0,0,20,273.8,
2026-09-02,16P-C,wholesale,0,0,18,219.04,
2026-09-02,16P-D,wholesale,0,0,0,135.29,
2026-09-02,17-A,wholesale,1,0,2,352.21,
2026-09-02,17-B,wholesale,1,0,13,299.38,
2026-09-02,17-C,wholesale,0,0,15,239.5,
2026-09-02,17-D,wholesale,0,0,7,147.93,
2026-09-03,14-A,retail,0,0,12,181.99,1.221362
2026-09-03,14-B,retail,2,0,7,147.49,1.1645
2026-09-03,14-C,retail,0,0,7,134.23,1.324679
2026-09-03,14-D,retail,0,0,11,81.69,1.305243
2026-09-03,15-A,retail,0,0,2,240.75,1.221362
2026-09-03,15-B,retail,3,0,20,195.11,1.1645
2026-09-03,15-C,retail,1,0,15,177.56,1.324679
2026-09-03,15-D,retail,0,0,14,108.06,1.305243
2026-09-03,16P-A,retail,2,0,27,396.63,1.221362
2026-09-03,16P-B,retail,0,0,30,321.44,1.1645
2026-09-03,16P-C,retail,1,0,18,292.52,1.324679
2026-09-03,16P-D,retail,0,0,0,178.02,1.305243
2026-09-03,17-A,retail,1,0,11,433.68,1.221362
2026-09-03,17-B,retail,2,0,12,351.47,1.1645
2026-09-03,17-C,retail,0,0,15,319.85,1.324679
2026-09-03,17-D,retail,0,0,7,194.66,1.305243
2026-09-03,14-A,wholesale,0,0,12,147.72,
2026-09-03,14-B,wholesale,0,0,5,125.56,
2026-09-03,14-C,wholesale,0,0,7,100.45,
2026-09-03,14-D,wholesale,2,0,11,62.04,
2026-09-03,15-A,wholesale,0,0,2,195.41,
2026-09-03,15-B,wholesale,1,0,17,166.1,
2026-09-03,15-C,wholesale,1,0,14,132.88,
2026-09-03,15-D,wholesale,1,0,14,82.07,
2026-09-03,16P-A,wholesale,0,0,25,321.93,
2026-09-03,16P-B,wholesale,0,0,30,273.64,
2026-09-03,16P-C,wholesale,2,0,17,218.91,
2026-09-03,16P-D,wholesale,0,0,0,135.21,
2026-09-03,17-A,wholesale,0,0,10,352.01,
2026-09-03,17-B,wholesale,0,0,10,299.21,
2026-09-03,17-C,wholesale,1,0,15,239.37,
2026-09-03,17-D,wholesale,1,0,7,147.84,
2026-09-04,14-A,retail,0,0,12,199.39,1.338866
2026-09-04,14-B,retail,0,0,5,182.67,1.443022
2026-09-04,14-C,retail,0,0,7,146.21,1.443731
2026-09-04,14-D,retail,0,0,9,77.55,1.239809
2026-09-04,15-A,retail,1,0,2,263.76,1.338866
2026-09-04,15-B,retail,1,0,16,241.64,1.443022
2026-09-04,15-C,retail,0,0,13,193.4,1.443731
2026-09-04,15-D,retail,0,0,13,102.58,1.239809
2026-09-04,16P-A,retail,2,0,25,434.54,1.338866
2026-09-04,16P-B,retail,2,0,30,398.09,1.443022
2026-09-04,16P-C,retail,0,0,15,318.63,1.443731
2026-09-04,16P-D,retail,0,0,0,169.0,1.239809
2026-09-04,17-A,retail,0,0,10,475.14,1.338866
2026-09-04,17-B,retail,0,0,10,435.29,1.443022
2026-09-04,17-C,retail,0,0,14,348.4,1.443731
2026-09-04,17-D,retail,0,0,16,184.79,1.239809
2026-09-04,14-A,wholesale,1,0,12,147.64,
2026-09-04,14-B,wholesale,1,0,5,125.49,
2026-09-04,14-C,wholesale,0,0,7,100.39,
2026-09-04,14-D,wholesale,0,0,9,62.01,
2026-09-04,15-A,wholesale,1,0,1,195.3,
2026-09-04,15-B,wholesale,2,0,15,166.0,
2026-09-04,15-C,wholesale,0,0,13,132.8,
2026-09-04,15-D,wholesale,1,0,13,82.03,
2026-09-04,16P-A,wholesale,0,0,23,321.75,
2026-09-04,16P-B,wholesale,0,0,28,273.49,
2026-09-04,16P-C,wholesale,0,0,15,218.79,
2026-09-04,16P-D,wholesale,0,1,0,135.14,
2026-09-04,17-A,wholesale,0,0,10,351.81,
2026-09-04,17-B,wholesale,0,0,10,299.04,
2026-09-04,17-C,wholesale,0,0,14,239.23,
2026-09-04,17-D,wholesale,0,0,16,147.76,
2026-09-05,14-A,retail,0,0,11,230.45,1.548276
2026-09-05,14-B,retail,0,0,4,175.0,1.383212
2026-09-05,14-C,retail,0,0,7,152.2,1.50379
2026-09-05,14-D,retail,0,0,9,87.05,1.392502
2026-09-05,15-A,retail,0,1,0,304.84,1.548276
2026-09-05,15-B,retail,1,0,13,231.49,1.383212
2026-09-05,15-C,retail,0,0,13,201.34,1.50379
2026-09-05,15-D,retail,0,0,12,115.15,1.392502
2026-09-05,16P-A,retail,1,0,23,502.23,1.548276
2026-09-05,16P-B,retail,2,0,28,381.38,1.383212
2026-09-05,16P-C,retail,0,0,15,331.7,1.50379
2026-09-05,16P-D,retail,0,0,0,189.71,1.392502
2026-09-05,17-A,retail,0,0,10,549.15,1.548276
2026-09-05,17-B,retail,0,0,10,417.01,1.383212
2026-09-05,17-C,retail,0,0,14,362.69,1.50379
2026-09-05,17-D,retail,0,0,16,207.44,1.392502
2026-09-05,14-A,wholesale,1,0,11,147.56,
2026-09-05,14-B,wholesale,1,0,4,125.42,
2026-09-05,14-C,wholesale,3,0,7,100.34,
2026-09-05,14-D,wholesale,0,0,9,61.97,
2026-09-05,15-A,wholesale,0,1,0,195.19,
2026-09-05,15-B,wholesale,0,0,12,165.91,
2026-09-05,15-C,wholesale,0,0,13,132.73,
2026-09-05,15-D,wholesale,0,0,12,81.98,
2026-09-05,16P-A,wholesale,0,0,22,321.57,
2026-09-05,16P-B,wholesale,0,0,26,273.34,
2026-09-05,16P-C,wholesale,0,0,15,218.67,
2026-09-05,16P-D,wholesale,0,1,0,135.06,
2026-09-05,17-A,wholesale,1,0,10,351.62,
2026-09-05,17-B,wholesale,0,0,10,298.88,
2026-09-05,17-C,wholesale,0,0,14,239.1,
2026-09-05,17-D,wholesale,0,0,16,147.68,
2026-09-06,14-A,retail,0,0,10,190.82,1.282702
2026-09-06,14-B,retail,1,0,13,160.4,1.268543
2026-09-06,14-C,retail,0,0,4,130.35,1.288638
2026-09-06,14-D,retail,0,0,9,84.77,1.35678
2026-09-06,15-A,retail,0,0,0,252.41,1.282702
2026-09-06,15-B,retail,3,0,12,212.18,1.268543
2026-09-06,15-C,retail,0,0,13,172.44,1.288638
2026-09-06,15-D,retail,0,0,12,112.14,1.35678
2026-09-06,16P-A,retail,0,0,22,415.85,1.282702
2026-09-06,16P-B,retail,1,0,26,349.57,1.268543
2026-09-06,16P-C,retail,0,0,16,284.08,1.288638
2026-09-06,16P-D,retail,0,0,0,184.74,1.35678
2026-09-06,17-A,retail,0,0,9,454.7,1.282702
2026-09-06,17-B,retail,0,0,10,382.23,1.268543
2026-09-06,17-C,retail,0,0,14,310.63,1.288638
2026-09-06,17-D,retail,0,0,16,202.0,1.35678
2026-09-06,14-A,wholesale,0,0,10,147.47,
2026-09-06,14-B,wholesale,0,0,12,125.35,
2026-09-06,14-C,wholesale,0,0,4,100.28,
2026-09-06,14-D,wholesale,0,0,9,61.94,
2026-09-06,15-A,wholesale,0,1,0,195.08,
2026-09-06,15-B,wholesale,1,0,9,165.82,
2026-09-06,15-C,wholesale,2,0,13,132.66,
2026-09-06,15-D,wholesale,1,0,12,81.93,
2026-09-06,16P-A,wholesale,0,0,22,321.39,
2026-09-06,16P-B,wholesale,0,0,25,273.18,
2026-09-06,16P-C,wholesale,2,0,16,218.55,
2026-09-06,16P-D,wholesale,0,0,0,134.99,
2026-09-06,17-A,wholesale,0,0,9,351.42,
2026-09-06,17-B,wholesale,0,0,10,298.71,
2026-09-06,17-C,wholesale,0,0,14,238.97,
2026-09-06,17-D,wholesale,0,0,16,147.6,
2026-09-07,14-A,retail,0,0,10,201.46,1.355046
2026-09-07,14-B,retail,2,0,13,149.07,1.179559
2026-09-07,14-C,retail,0,0,4,138.27,1.367667
2026-09-07,14-D,retail,0,0,9,90.0,1.441229
2026-09-07,15-A,retail,0,0,15,266.5,1.355046
2026-09-07,15-B,retail,1,0,8,197.19,1.179559
2026-09-07,15-C,retail,0,0,21,182.91,1.367667
2026-09-07,15-D,retail,0,0,11,119.05,1.441229
2026-09-07,16P-A,retail,2,0,22,439.06,1.355046
2026-09-07,16P-B,retail,2,0,25,324.87,1.179559
2026-09-07,16P-C,retail,0,0,14,301.34,1.367667
2026-09-07,16P-D,retail,0,0,20,196.13,1.441229
2026-09-07,17-A,retail,1,0,9,480.08,1.355046
2026-09-07,17-B,retail,1,0,10,355.22,1.179559
2026-09-07,17-C,retail,0,0,14,329.49,1.367667
2026-09-07,17-D,retail,0,0,16,214.46,1.441229
2026-09-07,14-A,wholesale,0,0,10,147.39,
2026-09-07,14-B,wholesale,0,0,11,125.28,
2026-09-07,14-C,wholesale,4,0,4,100.23,
2026-09-07,14-D,wholesale,3,0,9,61.9,
2026-09-07,15-A,wholesale,0,0,15,194.97,
2026-09-07,15-B,wholesale,0,0,7,165.73,
2026-09-07,15-C,wholesale,2,0,21,132.58,
2026-09-07,15-D,wholesale,1,0,11,81.89,
2026-09-07,16P-A,wholesale,0,0,20,321.21,
2026-09-07,16P-B,wholesale,0,0,23,273.03,
2026-09-07,16P-C,wholesale,1,0,14,218.43,
2026-09-07,16P-D,wholesale,0,0,20,134.91,
2026-09-07,17-A,wholesale,0,0,8,351.23,
2026-09-07,17-B,wholesale,0,0,9,298.54,
2026-09-07,17-C,wholesale,0,0,14,238.83,
2026-09-07,17-D,wholesale,0,0,16,147.51,
2026-09-08,14-A,retail,1,0,10,197.88,1.331676
2026-09-08,14-B,retail,0,0,11,165.45,1.309915
2026-09-08,14-C,retail,0,0,0,112.34,1.111749
2026-09-08,14-D,retail,0,0,16,102.88,1.648405
2026-09-08,15-A,retail,1,0,15,261.76,1.331676
2026-09-08,15-B,retail,0,0,7,218.86,1.309915
2026-09-08,15-C,retail,0,0,19,148.6,1.111749
2026-09-08,15-D,retail,0,0,10,136.09,1.648405
2026-09-08,16P-A,retail,1,0,20,431.24,1.331676
2026-09-08,16P-B,retail,2,0,24,360.57,1.309915
2026-09-08,16P-C,retail,0,0,23,244.82,1.111749
2026-09-08,16P-D,retail,0,0,20,224.2,1.648405
2026-09-08,17-A,retail,0,0,8,471.53,1.331676
2026-09-08,17-B,retail,1,0,20,394.25,1.309915
2026-09-08,17-C,retail,0,0,15,267.69,1.111749
2026-09-08,17-D,retail,0,0,16,245.15,1.648405
2026-09-08,14-A,wholesale,1,0,9,147.31,
2026-09-08,14-B,wholesale,0,0,11,125.21,
2026-09-08,14-C,wholesale,0,1,0,100.17,
2026-09-08,14-D,wholesale,1,0,16,61.87,
2026-09-08,15-A,wholesale,1,0,14,194.86,
2026-09-08,15-B,wholesale,0,0,7,165.63,
2026-09-08,15-C,wholesale,0,0,19,132.51,
2026-09-08,15-D,wholesale,4,0,10,81.84,
2026-09-08,16P-A,wholesale,0,0,19,321.03,
2026-09-08,16P-B,wholesale,0,0,22,272.88,
2026-09-08,16P-C,wholesale,0,0,23,218.3,
2026-09-08,16P-D,wholesale,2,0,20,134.83,
2026-09-08,17-A,wholesale,0,0,8,351.03,
2026-09-08,17-B,wholesale,0,0,19,298.38,
2026-09-08,17-C,wholesale,0,0,15,238.7,
2026-09-08,17-D,wholesale,0,0,16,147.43,
2026-09-09,14-A,retail,0,0,18,168.76,1.136336
2026-09-09,14-B,retail,1,0,11,137.81,1.09167
2026-09-09,14-C,retail,0,0,0,131.51,1.302232
2026-09-09,14-D,retail,0,0,15,79.31,1.271503
2026-09-09,15-A,retail,3,0,13,223.24,1.136336
2026-09-09,15-B,retail,0,0,28,182.29,1.09167
2026-09-09,15-C,retail,1,0,20,173.96,1.302232
2026-09-09,15-D,retail,0,0,6,104.91,1.271503
2026-09-09,16P-A,retail,3,0,19,367.78,1.136336
2026-09-09,16P-B,retail,0,0,22,300.32,1.09167
2026-09-09,16P-C,retail,1,0,23,286.6,1.302232
2026-09-09,16P-D,retail,0,0,18,172.84,1.271503
2026-09-09,17-A,retail,0,0,8,402.14,1.136336
2026-09-09,17-B,retail,2,0,19,328.38,1.09167
2026-09-09,17-C,retail,0,0,15,313.38,1.302232
2026-09-09,17-D,retail,0,0,16,188.99,1.271503
2026-09-09,14-A,wholesale,0,0,18,147.23,
2026-09-09,14-B,wholesale,0,0,10,125.14,
2026-09-09,14-C,wholesale,0,0,0,100.11,
2026-09-09,14-D,wholesale,1,0,15,61.84,
2026-09-09,15-A,wholesale,0,0,10,194.75,
2026-09-09,15-B,wholesale,0,0,28,165.54,
2026-09-09,15-C,wholesale,0,0,19,132.43,
2026-09-09,15-D,wholesale,0,0,6,81.8,
2026-09-09,16P-A,wholesale,0,0,16,320.86,
2026-09-09,16P-B,wholesale,0,0,22,272.73,
2026-09-09,16P-C,wholesale,1,0,22,218.18,
2026-09-09,16P-D,wholesale,0,0,18,134.76,
2026-09-09,17-A,wholesale,0,0,8,350.83,
2026-09-09,17-B,wholesale,1,0,17,298.21,
2026-09-09,17-C,wholesale,0,0,15,238.57,
2026-09-09,17-D,wholesale,0,0,16,147.35,
2026-09-10,14-A,retail,2,0,18,177.28,1.194367
2026-09-10,14-B,retail,1,0,10,170.52,1.351565
2026-09-10,14-C,retail,0,0,10,126.96,1.257851
2026-09-10,14-D,retail,0,0,14,82.21,1.31881
2026-09-10,15-A,retail,0,0,25,234.51,1.194367
2026-09-10,15-B,retail,2,0,28,225.57,1.351565
2026-09-10,15-C,retail,2,0,19,167.94,1.257851
2026-09-10,15-D,retail,0,0,6,108.75,1.31881
2026-09-10,16P-A,retail,1,0,16,386.35,1.194367
2026-09-10,16P-B,retail,1,0,22,371.62,1.351565
2026-09-10,16P-C,retail,0,0,21,276.68,1.257851
2026-09-10,16P-D,retail,0,0,18,179.17,1.31881
2026-09-10,17-A,retail,1,0,8,422.44,1.194367
2026-09-10,17-B,retail,2,0,16,406.34,1.351565
2026-09-10,17-C,retail,0,0,15,302.53,1.257851
2026-09-10,17-D,retail,0,0,16,195.91,1.31881
2026-09-10,14-A,wholesale,0,0,16,147.14,
2026-09-10,14-B,wholesale,1,0,9,125.07,
2026-09-10,14-C,wholesale,0,0,10,100.06,
2026-09-10,14-D,wholesale,0,0,14,61.8,
2026-09-10,15-A,wholesale,1,0,25,194.65,
2026-09-10,15-B,wholesale,0,0,26,165.45,
2026-09-10,15-C,wholesale,0,0,17,132.36,
2026-09-10,15-D,wholesale,0,0,6,81.75,
2026-09-10,16P-A,wholesale,0,0,15,320.68,
2026-09-10,16P-B,wholesale,0,0,21,272.58,
2026-09-10,16P-C,wholesale,2,0,21,218.06,
2026-09-10,16P-D,wholesale,2,0,18,134.68,
2026-09-10,17-A,wholesale,0,0,7,350.64,
2026-09-10,17-B,wholesale,1,0,14,298.04,
2026-09-10,17-C,wholesale,0,0,15,238.43,
2026-09-10,17-D,wholesale,1,0,16,147.27,
2026-09-11,14-A,retail,0,0,16,211.46,1.42549
2026-09-11,14-B,retail,0,0,8,184.78,1.465406
2026-09-11,14-C,retail,0,0,25,122.05,1.209904
2026-09-11,14-D,retail,0,0,14,92.87,1.490545
2026-09-11,15-A,retail,1,0,24,279.73,1.42549
2026-09-11,15-B,retail,0,0,26,244.43,1.465406
2026-09-11,15-C,retail,0,0,17,161.45,1.209904
2026-09-11,15-D,retail,0,0,16,122.85,1.490545
2026-09-11,16P-A,retail,1,0,15,460.85,1.42549
2026-09-11,16P-B,retail,0,0,31,402.69,1.465406
2026-09-11,16P-C,retail,0,0,19,265.98,1.209904
2026-09-11,16P-D,retail,0,0,26,202.39,1.490545
2026-09-11,17-A,retail,0,0,7,503.91,1.42549
2026-09-11,17-B,retail,1,0,13,440.32,1.465406
2026-09-11,17-C,retail,0,0,15,290.84,1.209904
2026-09-11,17-D,retail,0,0,15,221.3,1.490545
2026-09-11,14-A,wholesale,1,0,16,147.06,
2026-09-11,14-B,wholesale,1,0,8,125.0,
2026-09-11,14-C,wholesale,1,0,25,100.0,
2026-09-11,14-D,wholesale,1,0,14,61.77,
2026-09-11,15-A,wholesale,0,0,23,194.54,
2026-09-11,15-B,wholesale,0,0,26,165.36,
2026-09-11,15-C,wholesale,0,0,17,132.29,
2026-09-11,15-D,wholesale,0,0,16,81.71,
2026-09-11,16P-A,wholesale,0,0,14,320.5,
2026-09-11,16P-B,wholesale,1,0,31,272.42,
2026-09-11,16P-C,wholesale,1,0,19,217.94,
2026-09-11,16P-D,wholesale,0,0,26,134.61,
2026-09-11,17-A,wholesale,2,0,7,350.44,
2026-09-11,17-B,wholesale,0,0,12,297.88,
2026-09-11,17-C,wholesale,0,0,15,238.3,
2026-09-11,17-D,wholesale,0,0,15,147.19,
2026-09-12,14-A,retail,1,0,15,194.34,1.310774
2026-09-12,14-B,retail,1,0,7,160.28,1.271792
2026-09-12,14-C,retail,1,0,24,139.8,1.386672
2026-09-12,14-D,retail,0,0,13,89.71,1.440705
2026-09-12,15-A,retail,0,0,23,257.07,1.310774
2026-09-12,15-B,retail,2,0,26,212.02,1.271792
2026-09-12,15-C,retail,1,0,17,184.93,1.386672
2026-09-12,15-D,retail,0,0,16,118.67,1.440705
2026-09-12,16P-A,retail,2,0,14,423.53,1.310774
2026-09-12,16P-B,retail,0,0,30,349.29,1.271792
2026-09-12,16P-C,retail,0,0,18,304.67,1.386672
2026-09-12,16P-D,retail,0,0,26,195.51,1.440705
2026-09-12,17-A,retail,0,0,5,463.1,1.310774
2026-09-12,17-B,retail,0,0,22,381.93,1.271792
2026-09-12,17-C,retail,0,0,16,333.14,1.386672
2026-09-12,17-D,retail,0,0,15,213.78,1.440705
2026-09-12,14-A,wholesale,0,0,14,146.98,
2026-09-12,14-B,wholesale,2,0,6,124.93,
2026-09-12,14-C,wholesale,1,0,23,99.95,
2026-09-12,14-D,wholesale,0,0,13,61.73,
2026-09-12,15-A,wholesale,1,0,23,194.43,
2026-09-12,15-B,wholesale,1,0,24,165.26,
2026-09-12,15-C,wholesale,1,0,16,132.21,
2026-09-12,15-D,wholesale,1,0,16,81.66,
2026-09-12,16P-A,wholesale,0,0,12,320.32,
2026-09-12,16P-B,wholesale,2,0,30,272.27,
2026-09-12,16P-C,wholesale,4,0,18,217.82,
2026-09-12,16P-D,wholesale,0,0,26,134.53,
2026-09-12,17-A,wholesale,0,0,5,350.25,
2026-09-12,17-B,wholesale,0,0,22,297.71,
2026-09-12,17-C,wholesale,1,0,16,238.17,
2026-09-12,17-D,wholesale,1,0,15,147.1,
2026-09-13,14-A,retail,3,0,14,165.02,1.113644
2026-09-13,14-B,retail,2,0,4,152.92,1.214129
2026-09-13,14-C,retail,1,0,22,154.5,1.533268
2026-09-13,14-D,retail,0,0,13,87.24,1.40174
2026-09-13,15-A,retail,1,0,22,218.29,1.113644
2026-09-13,15-B,retail,4,0,23,202.29,1.214129
2026-09-13,15-C,retail,0,0,16,204.37,1.533268
2026-09-13,15-D,retail,0,0,15,115.4,1.40174
2026-09-13,16P-A,retail,3,0,13,359.63,1.113644
2026-09-13,16P-B,retail,2,0,28,333.27,1.214129
2026-09-13,16P-C,retail,0,0,14,336.7,1.533268
2026-09-13,16P-D,retail,0,0,26,190.12,1.40174
2026-09-13,17-A,retail,1,0,15,393.23,1.113644
2026-09-13,17-B,retail,2,0,22,364.41,1.214129
2026-09-13,17-C,retail,0,0,15,368.15,1.533268
2026-09-13,17-D,retail,0,0,14,207.88,1.40174
2026-09-13,14-A,wholesale,0,0,11,146.9,
2026-09-13,14-B,wholesale,1,0,2,124.86,
2026-09-13,14-C,wholesale,0,0,21,99.89,
2026-09-13,14-D,wholesale,0,0,13,61.7,
2026-09-13,15-A,wholesale,1,0,21,194.32,
2026-09-13,15-B,wholesale,0,0,19,165.17,
2026-09-13,15-C,wholesale,1,0,16,132.14,
2026-09-13,15-D,wholesale,2,0,15,81.61,
2026-09-13,16P-A,wholesale,1,0,10,320.14,
2026-09-13,16P-B,wholesale,1,0,26,272.12,
2026-09-13,16P-C,wholesale,2,0,14,217.7,
2026-09-13,16P-D,wholesale,0,0,26,134.46,
2026-09-13,17-A,wholesale,0,0,14,350.05,
2026-09-13,17-B,wholesale,0,0,20,297.54,
2026-09-13,17-C,wholesale,0,0,15,238.03,
2026-09-13,17-D,wholesale,1,0,14,147.02,
2026-09-14,14-A,retail,2,0,11,198.7,1.341682
2026-09-14,14-B,retail,1,1,1,141.89,1.127129
2026-09-14,14-C,retail,1,0,21,135.67,1.347202
2026-09-14,14-D,retail,0,0,13,72.88,1.171674
2026-09-14,15-A,retail,0,0,20,262.84,1.341682
2026-09-14,15-B,retail,2,0,19,187.69,1.127129
2026-09-14,15-C,retail,0,0,15,179.47,1.347202
2026-09-14,15-D,retail,0,0,13,96.41,1.171674
2026-09-14,16P-A,retail,0,0,9,433.03,1.341682
2026-09-14,16P-B,retail,0,0,25,309.22,1.127129
2026-09-14,16P-C,retail,0,0,12,295.67,1.347202
2026-09-14,16P-D,retail,0,0,26,158.83,1.171674
2026-09-14,17-A,retail,2,0,14,473.49,1.341682
2026-09-14,17-B,retail,0,0,20,338.11,1.127129
2026-09-14,17-C,retail,1,0,25,323.3,1.347202
2026-09-14,17-D,retail,1,0,13,173.67,1.171674
2026-09-14,14-A,wholesale,1,0,9,146.82,
2026-09-14,14-B,wholesale,0,0,0,124.79,
2026-09-14,14-C,wholesale,0,0,20,99.84,
2026-09-14,14-D,wholesale,1,0,13,61.66,
2026-09-14,15-A,wholesale,0,0,20,194.21,
2026-09-14,15-B,wholesale,1,0,17,165.08,
2026-09-14,15-C,wholesale,2,0,15,132.06,
2026-09-14,15-D,wholesale,0,0,13,81.57,
2026-09-14,16P-A,wholesale,0,0,9,319.96,
2026-09-14,16P-B,wholesale,0,0,25,271.97,
2026-09-14,16P-C,wholesale,0,0,12,217.57,
2026-09-14,16P-D,wholesale,0,0,26,134.38,
2026-09-14,17-A,wholesale,0,0,12,349.86,
2026-09-14,17-B,wholesale,0,0,20,297.38,
2026-09-14,17-C,wholesale,0,0,24,237.9,
2026-09-14,17-D,wholesale,0,0,12,146.94,
2026-09-15,14-A,retail,0,0,8,178.02,1.202718
2026-09-15,14-B,retail,0,1,0,182.04,1.446947
2026-09-15,14-C,retail,0,0,20,151.77,1.507938
2026-09-15,14-D,retail,0,0,12,81.97,1.318563
2026-09-15,15-A,retail,3,0,20,235.49,1.202718
2026-09-15,15-B,retail,2,0,16,240.81,1.446947
2026-09-15,15-C,retail,0,0,13,200.77,1.507938
2026-09-15,15-D,retail,0,0,13,108.43,1.318563
2026-09-15,16P-A,retail,2,0,9,387.96,1.202718
2026-09-15,16P-B,retail,0,0,25,396.73,1.446947
2026-09-15,16P-C,retail,0,0,13,330.76,1.507938
2026-09-15,16P-D,retail,0,0,26,178.64,1.318563
2026-09-15,17-A,retail,0,0,12,424.21,1.202718
2026-09-15,17-B,retail,0,0,20,433.8,1.446947
2026-09-15,17-C,retail,0,0,24,361.67,1.507938
2026-09-15,17-D,retail,0,0,12,195.33,1.318563
2026-09-15,14-A,wholesale,0,0,8,146.73,
2026-09-15,14-B,wholesale,0,1,0,124.72,
2026-09-15,14-C,wholesale,0,0,20,99.78,
2026-09-15,14-D,wholesale,0,0,12,61.63,
2026-09-15,15-A,wholesale,1,0,17,194.1,
2026-09-15,15-B,wholesale,0,0,14,164.99,
2026-09-15,15-C,wholesale,0,0,13,131.99,
2026-09-15,15-D,wholesale,4,0,13,81.52,
2026-09-15,16P-A,wholesale,0,0,7,319.78,
2026-09-15,16P-B,wholesale,0,0,25,271.82,
2026-09-15,16P-C,wholesale,0,0,13,217.45,
2026-09-15,16P-D,wholesale,0,0,26,134.31,
2026-09-15,17-A,wholesale,0,0,12,349.66,
2026-09-15,17-B,wholesale,0,0,20,297.21,
2026-09-15,17-C,wholesale,1,0,24,237.77,
2026-09-15,17-D,wholesale,0,0,12,146.86,
2026-09-16,14-A,retail,1,0,8,190.13,1.285232
2026-09-16,14-B,retail,0,0,0,178.75,1.421601
2026-09-16,14-C,retail,0,0,20,128.55,1.277899
2026-09-16,14-D,retail,0,0,12,80.62,1.297499
2026-09-16,15-A,retail,0,0,16,251.5,1.285232
2026-09-16,15-B,retail,2,0,24,236.46,1.421601
2026-09-16,15-C,retail,0,0,13,170.05,1.277899
2026-09-16,15-D,retail,0,0,9,106.64,1.297499
2026-09-16,16P-A,retail,2,0,7,414.35,1.285232
2026-09-16,16P-B,retail,0,0,25,389.56,1.421601
2026-09-16,16P-C,retail,0,0,23,280.15,1.277899
2026-09-16,16P-D,retail,0,0,26,175.69,1.297499
2026-09-16,17-A,retail,1,0,12,453.06,1.285232
2026-09-16,17-B,retail,0,0,20,425.96,1.421601
2026-09-16,17-C,retail,1,0,23,306.32,1.277899
2026-09-16,17-D,retail,0,0,12,192.1,1.297499
2026-09-16,14-A,wholesale,0,0,7,146.65,
2026-09-16,14-B,wholesale,0,1,0,124.65,
2026-09-16,14-C,wholesale,1,0,20,99.72,
2026-09-16,14-D,wholesale,0,0,12,61.59,
2026-09-16,15-A,wholesale,0,0,16,194.0,
2026-09-16,15-B,wholesale,2,0,22,164.9,
2026-09-16,15-C,wholesale,1,0,13,131.92,
2026-09-16,15-D,wholesale,0,0,9,81.48,
2026-09-16,16P-A,wholesale,0,0,5,319.6,
2026-09-16,16P-B,wholesale,1,0,25,271.66,
2026-09-16,16P-C,wholesale,0,0,23,217.33,
2026-09-16,16P-D,wholesale,0,0,26,134.23,
2026-09-16,17-A,wholesale,0,0,11,349.47,
2026-09-16,17-B,wholesale,0,0,20,297.05,
2026-09-16,17-C,wholesale,2,0,22,237.64,
2026-09-16,17-D,wholesale,0,0,12,146.78,
2026-09-17,14-A,retail,0,0,7,177.17,1.198307
2026-09-17,14-B,retail,1,0,1,169.25,1.346752
2026-09-17,14-C,retail,1,0,19,115.62,1.149971
2026-09-17,14-D,retail,1,0,12,85.49,1.37674
2026-09-17,15-A,retail,2,0,16,234.36,1.198307
2026-09-17,15-B,retail,2,0,20,223.89,1.346752
2026-09-17,15-C,retail,3,0,12,152.94,1.149971
2026-09-17,15-D,retail,0,0,9,113.09,1.37674
2026-09-17,16P-A,retail,0,0,5,386.11,1.198307
2026-09-17,16P-B,retail,0,0,24,368.85,1.346752
2026-09-17,16P-C,retail,0,0,23,251.96,1.149971
2026-09-17,16P-D,retail,0,0,26,186.31,1.37674
2026-09-17,17-A,retail,2,0,11,422.18,1.198307
2026-09-17,17-B,retail,2,0,20,403.31,1.346752
2026-09-17,17-C,retail,0,0,20,275.5,1.149971
2026-09-17,17-D,retail,0,0,12,203.72,1.37674
2026-09-17,14-A,wholesale,1,0,7,146.57,
2026-09-17,14-B,wholesale,0,0,0,124.59,
2026-09-17,14-C,wholesale,0,0,18,99.67,
2026-09-17,14-D,wholesale,2,0,11,61.56,
2026-09-17,15-A,wholesale,0,0,14,193.89,
2026-09-17,15-B,wholesale,1,0,18,164.8,
2026-09-17,15-C,wholesale,2,0,9,131.84,
2026-09-17,15-D,wholesale,0,0,9,81.43,
2026-09-17,16P-A,wholesale,0,0,5,319.43,
2026-09-17,16P-B,wholesale,0,0,24,271.51,
2026-09-17,16P-C,wholesale,1,0,23,217.21,
2026-09-17,16P-D,wholesale,3,0,26,134.16,
2026-09-17,17-A,wholesale,0,0,9,349.27,
2026-09-17,17-B,wholesale,2,0,18,296.88,
2026-09-17,17-C,wholesale,3,0,20,237.5,
2026-09-17,17-D,wholesale,0,0,12,146.69,
2026-09-18,14-A,retail,2,0,6,190.4,1.288547
2026-09-18,14-B,retail,6,0,10,147.15,1.17158
2026-09-18,14-C,retail,0,0,18,133.08,1.324416
2026-09-18,14-D,retail,0,0,9,91.19,1.469383
2026-09-18,15-A,retail,1,0,14,251.87,1.288547
2026-09-18,15-B,retail,2,0,17,194.66,1.17158
2026-09-18,15-C,retail,0,0,7,176.04,1.324416
2026-09-18,15-D,retail,0,0,9,120.63,1.469383
2026-09-18,16P-A,retail,1,0,5,414.95,1.288547
2026-09-18,16P-B,retail,0,0,24,320.69,1.17158
2026-09-18,16P-C,retail,0,0,22,290.02,1.324416
2026-09-18,16P-D,retail,0,0,23,198.74,1.469383
2026-09-18,17-A,retail,0,0,9,453.72,1.288547
2026-09-18,17-B,retail,1,0,16,350.66,1.17158
2026-09-18,17-C,retail,0,0,17,317.12,1.324416
2026-09-18,17-D,retail,1,0,12,217.31,1.469383
2026-09-18,14-A,wholesale,0,0,4,146.49,
2026-09-18,14-B,wholesale,2,0,4,124.52,
2026-09-18,14-C,wholesale,1,0,18,99.61,
2026-09-18,14-D,wholesale,1,0,9,61.53,
2026-09-18,15-A,wholesale,1,0,13,193.78,
2026-09-18,15-B,wholesale,0,0,15,164.71,
2026-09-18,15-C,wholesale,1,0,7,131.77,
2026-09-18,15-D,wholesale,3,0,9,81.39,
2026-09-18,16P-A,wholesale,0,0,4,319.25,
2026-09-18,16P-B,wholesale,0,0,24,271.36,
2026-09-18,16P-C,wholesale,0,0,22,217.09,
2026-09-18,16P-D,wholesale,2,0,23,134.08,
2026-09-18,17-A,wholesale,0,0,9,349.07,
2026-09-18,17-B,wholesale,1,0,15,296.71,
2026-09-18,17-C,wholesale,0,0,17,237.37,
2026-09-18,17-D,wholesale,1,0,11,146.61,
2026-09-19,14-A,retail,2,0,5,157.84,1.072345
2026-09-19,14-B,retail,0,0,17,166.23,1.328646
2026-09-19,14-C,retail,0,0,17,146.07,1.459404
2026-09-19,14-D,retail,0,0,8,79.65,1.288415
2026-09-19,15-A,retail,4,0,14,208.79,1.072345
2026-09-19,15-B,retail,0,0,15,219.89,1.328646
2026-09-19,15-C,retail,0,0,16,193.23,1.459404
2026-09-19,15-D,retail,1,0,6,105.36,1.288415
2026-09-19,16P-A,retail,2,0,4,343.99,1.072345
2026-09-19,16P-B,retail,1,0,24,362.27,1.328646
2026-09-19,16P-C,retail,2,0,22,318.34,1.459404
2026-09-19,16P-D,retail,0,0,21,173.58,1.288415
2026-09-19,17-A,retail,3,0,9,376.12,1.072345
2026-09-19,17-B,retail,2,0,15,396.12,1.328646
2026-09-19,17-C,retail,0,0,17,348.08,1.459404
2026-09-19,17-D,retail,1,0,10,189.8,1.288415
2026-09-19,14-A,wholesale,0,0,3,145.92,
2026-09-19,14-B,wholesale,0,0,17,124.03,
2026-09-19,14-C,wholesale,0,0,17,99.23,
2026-09-19,14-D,wholesale,0,0,8,61.29,
2026-09-19,15-A,wholesale,0,0,10,193.02,
2026-09-19,15-B,wholesale,4,0,15,164.07,
2026-09-19,15-C,wholesale,0,0,16,131.26,
2026-09-19,15-D,wholesale,2,0,5,81.07,
2026-09-19,16P-A,wholesale,0,0,2,318.01,
2026-09-19,16P-B,wholesale,0,0,23,270.3,
2026-09-19,16P-C,wholesale,0,0,20,216.24,
2026-09-19,16P-D,wholesale,0,0,21,133.56,
2026-09-19,17-A,wholesale,0,0,6,347.72,
2026-09-19,17-B,wholesale,0,0,13,295.56,
2026-09-19,17-C,wholesale,0,0,17,236.45,
2026-09-19,17-D,wholesale,0,0,9,146.04,
2026-09-20,14-A,retail,1,0,3,158.34,1.079953
2026-09-20,14-B,retail,2,0,17,144.92,1.162824
2026-09-20,14-C,retail,0,0,17,95.75,0.960403
2026-09-20,14-D,retail,0,0,8,103.2,1.675953
2026-09-20,15-A,retail,1,0,10,209.46,1.079953
2026-09-20,15-B,retail,2,0,11,191.7,1.162824
2026-09-20,15-C,retail,2,0,16,126.66,0.960403
2026-09-20,15-D,retail,0,0,13,136.52,1.675953
2026-09-20,16P-A,retail,0,0,2,345.07,1.079953
2026-09-20,16P-B,retail,1,0,23,315.82,1.162824
2026-09-20,16P-C,retail,2,0,20,208.67,0.960403
2026-09-20,16P-D,retail,0,0,21,224.92,1.675953
2026-09-20,17-A,retail,0,0,7,377.32,1.079953
2026-09-20,17-B,retail,0,0,13,345.33,1.162824
2026-09-20,17-C,retail,0,0,17,228.17,0.960403
2026-09-20,17-D,retail,0,0,9,245.93,1.675953
2026-09-20,14-A,wholesale,0,0,2,145.35,
2026-09-20,14-B,wholesale,0,0,15,123.55,
2026-09-20,14-C,wholesale,1,0,17,98.84,
2026-09-20,14-D,wholesale,5,0,8,61.05,
2026-09-20,15-A,wholesale,1,0,9,192.27,
2026-09-20,15-B,wholesale,0,0,9,163.43,
2026-09-20,15-C,wholesale,0,0,14,130.74,
2026-09-20,15-D,wholesale,1,0,13,80.75,
2026-09-20,16P-A,wholesale,1,0,2,316.76,
2026-09-20,16P-B,wholesale,0,0,22,269.25,
2026-09-20,16P-C,wholesale,0,0,18,215.4,
2026-09-20,16P-D,wholesale,2,0,21,133.04,
2026-09-20,17-A,wholesale,0,0,7,346.36,
2026-09-20,17-B,wholesale,0,0,13,294.41,
2026-09-20,17-C,wholesale,1,0,17,235.53,
2026-09-20,17-D,wholesale,0,0,9,145.47,
2026-09-21,14-A,retail,1,0,2,204.38,1.399453
2026-09-21,14-B,retail,0,0,25,174.3,1.404117
2026-09-21,14-C,retail,0,0,26,121.35,1.221926
2026-09-21,14-D,retail,0,0,3,75.79,1.235588
2026-09-21,15-A,retail,1,0,8,270.36,1.399453
2026-09-21,15-B,retail,1,0,9,230.57,1.404117
2026-09-21,15-C,retail,0,0,14,160.52,1.221926
2026-09-21,15-D,retail,0,0,22,100.26,1.235588
2026-09-21,16P-A,retail,1,0,11,445.41,1.399453
2026-09-21,16P-B,retail,0,0,37,379.86,1.404117
2026-09-21,16P-C,retail,0,0,18,264.46,1.221926
2026-09-21,16P-D,retail,0,0,19,165.17,1.235588
2026-09-21,17-A,retail,1,0,7,487.03,1.399453
2026-09-21,17-B,retail,0,0,13,415.35,1.404117
2026-09-21,17-C,retail,0,0,16,289.17,1.221926
2026-09-21,17-D,retail,0,0,19,180.6,1.235588
2026-09-21,14-A,wholesale,0,0,1,144.78,
2026-09-21,14-B,wholesale,1,0,25,123.06,
2026-09-21,14-C,wholesale,0,0,26,98.45,
2026-09-21,14-D,wholesale,3,0,3,60.81,
2026-09-21,15-A,wholesale,0,0,7,191.52,
2026-09-21,15-B,wholesale,0,0,8,162.79,
2026-09-21,15-C,wholesale,5,0,14,130.23,
2026-09-21,15-D,wholesale,3,0,22,80.44,
2026-09-21,16P-A,wholesale,0,0,10,315.53,
2026-09-21,16P-B,wholesale,1,0,37,268.2,
2026-09-21,16P-C,wholesale,0,0,18,214.56,
2026-09-21,16P-D,wholesale,2,0,19,132.52,
2026-09-21,17-A,wholesale,0,0,6,345.01,
2026-09-21,17-B,wholesale,0,0,13,293.25,
2026-09-21,17-C,wholesale,0,0,16,234.6,
2026-09-21,17-D,wholesale,0,0,19,144.9,
2026-09-22,14-A,retail,0,0,1,165.69,1.139024
2026-09-22,14-B,retail,0,0,24,183.62,1.484968
2026-09-22,14-C,retail,0,0,26,135.24,1.367175
2026-09-22,14-D,retail,0,0,0,86.01,1.407798
2026-09-22,15-A,retail,0,0,7,219.18,1.139024
2026-09-22,15-B,retail,1,0,8,242.89,1.484968
2026-09-22,15-C,retail,0,0,10,178.9,1.367175
2026-09-22,15-D,retail,0,0,19,113.78,1.407798
2026-09-22,16P-A,retail,1,0,10,361.1,1.139024
2026-09-22,16P-B,retail,2,0,36,400.16,1.484968
2026-09-22,16P-C,retail,0,0,18,294.73,1.367175
2026-09-22,16P-D,retail,0,0,17,187.45,1.407798
2026-09-22,17-A,retail,1,0,6,394.84,1.139024
2026-09-22,17-B,retail,1,0,23,437.55,1.484968
2026-09-22,17-C,retail,0,0,16,322.27,1.367175
2026-09-22,17-D,retail,0,0,19,204.96,1.407798
2026-09-22,14-A,wholesale,0,0,1,144.21,
2026-09-22,14-B,wholesale,1,0,24,122.58,
2026-09-22,14-C,wholesale,1,0,26,98.07,
2026-09-22,14-D,wholesale,0,0,0,60.57,
2026-09-22,15-A,wholesale,0,0,7,190.77,
2026-09-22,15-B,wholesale,1,0,7,162.15,
2026-09-22,15-C,wholesale,0,0,10,129.72,
2026-09-22,15-D,wholesale,7,0,19,80.12,
2026-09-22,16P-A,wholesale,0,0,9,314.29,
2026-09-22,16P-B,wholesale,1,0,34,267.14,
2026-09-22,16P-C,wholesale,3,0,18,213.72,
2026-09-22,16P-D,wholesale,0,0,17,132.0,
2026-09-22,17-A,wholesale,1,0,5,343.65,
2026-09-22,17-B,wholesale,1,0,22,292.1,
2026-09-22,17-C,wholesale,1,0,16,233.68,
2026-09-22,17-D,wholesale,0,0,19,144.33,
2026-09-23,14-A,retail,0,0,1,191.66,1.322726
2026-09-23,14-B,retail,0,0,23,189.63,1.539659
2026-09-23,14-C,retail,0,0,25,139.13,1.412001
2026-09-23,14-D,retail,0,0,10,83.22,1.367501
2026-09-23,15-A,retail,0,0,7,253.53,1.322726
2026-09-23,15-B,retail,1,0,21,250.85,1.539659
2026-09-23,15-C,retail,0,0,10,184.04,1.412001
2026-09-23,15-D,retail,0,0,12,110.09,1.367501
2026-09-23,16P-A,retail,1,0,10,417.69,1.322726
2026-09-23,16P-B,retail,1,0,33,413.27,1.539659
2026-09-23,16P-C,retail,1,0,25,303.2,1.412001
2026-09-23,16P-D,retail,0,0,17,181.37,1.367501
2026-09-23,17-A,retail,0,0,4,456.72,1.322726
2026-09-23,17-B,retail,0,0,21,451.88,1.539659
2026-09-23,17-C,retail,0,0,15,331.53,1.412001
2026-09-23,17-D,retail,0,0,19,198.31,1.367501
2026-09-23,14-A,wholesale,0,0,1,143.65,
2026-09-23,14-B,wholesale,0,0,23,122.1,
2026-09-23,14-C,wholesale,0,0,25,97.68,
2026-09-23,14-D,wholesale,0,0,10,60.33,
2026-09-23,15-A,wholesale,0,0,7,190.02,
2026-09-23,15-B,wholesale,0,0,20,161.51,
2026-09-23,15-C,wholesale,0,0,10,129.21,
2026-09-23,15-D,wholesale,1,0,12,79.81,
2026-09-23,16P-A,wholesale,2,0,9,313.05,
2026-09-23,16P-B,wholesale,0,0,32,266.09,
2026-09-23,16P-C,wholesale,0,0,24,212.87,
2026-09-23,16P-D,wholesale,0,0,17,131.48,
2026-09-23,17-A,wholesale,0,0,4,342.3,
2026-09-23,17-B,wholesale,0,0,21,290.95,
2026-09-23,17-C,wholesale,0,0,15,232.76,
2026-09-23,17-D,wholesale,1,0,19,143.77,
2026-09-24,14-A,retail,1,0,1,218.16,1.511591
2026-09-24,14-B,retail,1,0,23,165.91,1.352435
2026-09-24,14-C,retail,0,0,25,140.04,1.426934
2026-09-24,14-D,retail,0,0,10,86.56,1.427934
2026-09-24,15-A,retail,0,0,17,288.59,1.511591
2026-09-24,15-B,retail,1,0,20,219.47,1.352435
2026-09-24,15-C,retail,0,0,10,185.25,1.426934
2026-09-24,15-D,retail,0,0,11,114.5,1.427934
2026-09-24,16P-A,retail,3,0,7,475.45,1.511591
2026-09-24,16P-B,retail,1,0,32,361.58,1.352435
2026-09-24,16P-C,retail,1,0,24,305.2,1.426934
2026-09-24,16P-D,retail,0,0,17,188.64,1.427934
2026-09-24,17-A,retail,0,0,4,519.87,1.511591
2026-09-24,17-B,retail,0,0,21,395.36,1.352435
2026-09-24,17-C,retail,1,0,15,333.71,1.426934
2026-09-24,17-D,retail,0,0,18,206.26,1.427934
2026-09-24,14-A,wholesale,0,0,0,143.08,
2026-09-24,14-B,wholesale,0,0,22,121.62,
2026-09-24,14-C,wholesale,0,0,25,97.29,
2026-09-24,14-D,wholesale,4,0,10,60.09,
2026-09-24,15-A,wholesale,0,0,17,189.27,
2026-09-24,15-B,wholesale,0,0,19,160.88,
2026-09-24,15-C,wholesale,0,0,10,128.7,
2026-09-24,15-D,wholesale,1,0,11,79.49,
2026-09-24,16P-A,wholesale,0,0,4,311.82,
2026-09-24,16P-B,wholesale,0,0,31,265.04,
2026-09-24,16P-C,wholesale,1,0,23,212.03,
2026-09-24,16P-D,wholesale,3,0,17,130.96,
2026-09-24,17-A,wholesale,0,0,4,340.95,
2026-09-24,17-B,wholesale,1,0,21,289.81,
2026-09-24,17-C,wholesale,1,0,14,231.85,
2026-09-24,17-D,wholesale,0,0,18,143.2,
2026-09-25,14-A,retail,0,1,0,184.92,1.286348
2026-09-25,14-B,retail,1,0,22,145.09,1.187363
2026-09-25,14-C,retail,1,0,25,120.44,1.23208
2026-09-25,14-D,retail,0,0,6,73.68,1.220375
2026-09-25,15-A,retail,0,0,18,244.62,1.286348
2026-09-25,15-B,retail,1,0,20,191.92,1.187363
2026-09-25,15-C,retail,0,0,10,159.32,1.23208
2026-09-25,15-D,retail,0,0,10,97.47,1.220375
2026-09-25,16P-A,retail,0,0,4,403.0,1.286348
2026-09-25,16P-B,retail,1,0,31,316.19,1.187363
2026-09-25,16P-C,retail,0,0,22,262.48,1.23208
2026-09-25,16P-D,retail,0,0,14,160.58,1.220375
2026-09-25,17-A,retail,1,0,4,440.65,1.286348
2026-09-25,17-B,retail,1,0,20,345.73,1.187363
2026-09-25,17-C,retail,0,0,13,287.0,1.23208
2026-09-25,17-D,retail,1,0,18,175.58,1.220375
2026-09-25,14-A,wholesale,0,0,0,142.51,
2026-09-25,14-B,wholesale,0,0,21,121.14,
2026-09-25,14-C,wholesale,1,0,24,96.91,
2026-09-25,14-D,wholesale,0,0,6,59.86,
2026-09-25,15-A,wholesale,1,0,18,188.52,
2026-09-25,15-B,wholesale,3,0,19,160.24,
2026-09-25,15-C,wholesale,1,0,10,128.19,
2026-09-25,15-D,wholesale,1,0,10,79.18,
2026-09-25,16P-A,wholesale,0,0,4,310.58,
2026-09-25,16P-B,wholesale,2,0,30,263.99,
2026-09-25,16P-C,wholesale,1,0,22,211.2,
2026-09-25,16P-D,wholesale,0,0,14,130.44,
2026-09-25,17-A,wholesale,1,0,3,339.6,
2026-09-25,17-B,wholesale,0,0,19,288.66,
2026-09-25,17-C,wholesale,0,0,13,230.93,
2026-09-25,17-D,wholesale,1,0,17,142.63,
2026-09-26,14-A,retail,0,0,0,197.7,1.380764
2026-09-26,14-B,retail,0,0,21,134.55,1.105542
2026-09-26,14-C,retail,1,0,23,124.24,1.276031
2026-09-26,14-D,retail,0,0,6,87.95,1.462475
2026-09-26,15-A,retail,0,0,32,261.53,1.380764
2026-09-26,15-B,retail,1,0,16,177.99,1.105542
2026-09-26,15-C,retail,0,0,9,164.35,1.276031
2026-09-26,15-D,retail,1,0,9,116.34,1.462475
2026-09-26,16P-A,retail,1,0,4,430.86,1.380764
2026-09-26,16P-B,retail,6,0,28,293.23,1.105542
2026-09-26,16P-C,retail,2,0,21,270.76,1.276031
2026-09-26,16P-D,retail,0,0,14,191.67,1.462475
2026-09-26,17-A,retail,0,0,2,471.12,1.380764
2026-09-26,17-B,retail,0,0,19,320.63,1.105542
2026-09-26,17-C,retail,0,0,13,296.06,1.276031
2026-09-26,17-D,retail,0,0,16,209.58,1.462475
2026-09-26,14-A,wholesale,0,1,0,141.95,
2026-09-26,14-B,wholesale,1,0,21,120.65,
2026-09-26,14-C,wholesale,0,0,22,96.52,
2026-09-26,14-D,wholesale,1,0,6,59.62,
2026-09-26,15-A,wholesale,0,0,32,187.77,
2026-09-26,15-B,wholesale,0,0,15,159.6,
2026-09-26,15-C,wholesale,0,0,9,127.68,
2026-09-26,15-D,wholesale,3,0,8,78.86,
2026-09-26,16P-A,wholesale,0,0,3,309.35,
2026-09-26,16P-B,wholesale,0,0,22,262.95,
2026-09-26,16P-C,wholesale,2,0,19,210.36,
2026-09-26,16P-D,wholesale,1,0,14,129.93,
2026-09-26,17-A,wholesale,0,0,2,338.25,
2026-09-26,17-B,wholesale,0,0,19,287.51,
2026-09-26,17-C,wholesale,0,0,13,230.01,
2026-09-26,17-D,wholesale,1,0,16,142.07,
2026-09-27,14-A,retail,0,0,0,187.98,1.318087
2026-09-27,14-B,retail,1,0,20,151.42,1.249072
2026-09-27,14-C,retail,0,0,22,110.18,1.136183
2026-09-27,14-D,retail,0,0,5,103.6,1.729625
2026-09-27,15-A,retail,1,0,32,248.66,1.318087
2026-09-27,15-B,retail,2,0,15,200.3,1.249072
2026-09-27,15-C,retail,6,0,10,145.75,1.136183
2026-09-27,15-D,retail,0,0,5,137.05,1.729625
2026-09-27,16P-A,retail,1,0,3,409.67,1.318087
2026-09-27,16P-B,retail,2,0,22,329.98,1.249072
2026-09-27,16P-C,retail,1,0,17,240.13,1.136183
2026-09-27,16P-D,retail,0,0,13,225.78,1.729625
2026-09-27,17-A,retail,0,0,2,447.94,1.318087
2026-09-27,17-B,retail,0,0,19,360.82,1.249072
2026-09-27,17-C,retail,0,0,13,262.56,1.136183
2026-09-27,17-D,retail,0,0,15,246.88,1.729625
2026-09-27,14-A,wholesale,0,0,0,141.38,
2026-09-27,14-B,wholesale,1,0,19,120.17,
2026-09-27,14-C,wholesale,0,0,22,96.14,
2026-09-27,14-D,wholesale,0,0,5,59.38,
2026-09-27,15-A,wholesale,0,0,31,187.02,
2026-09-27,15-B,wholesale,0,0,13,158.97,
2026-09-27,15-C,wholesale,0,0,4,127.18,
2026-09-27,15-D,wholesale,0,0,5,78.55,
2026-09-27,16P-A,wholesale,0,0,2,308.12,
2026-09-27,16P-B,wholesale,0,0,20,261.9,
2026-09-27,16P-C,wholesale,1,0,16,209.52,
2026-09-27,16P-D,wholesale,0,0,13,129.41,
2026-09-27,17-A,wholesale,0,0,2,336.91,
2026-09-27,17-B,wholesale,1,0,19,286.37,
2026-09-27,17-C,wholesale,0,0,13,229.1,
2026-09-27,17-D,wholesale,0,0,15,141.5,
2026-09-28,14-A,retail,0,1,0,170.04,1.197107
2026-09-28,14-B,retail,4,0,19,125.0,1.035311
2026-09-28,14-C,retail,0,0,22,109.77,1.136453
2026-09-28,14-D,retail,0,0,5,75.25,1.261255
2026-09-28,15-A,retail,0,0,31,224.94,1.197107
2026-09-28,15-B,retail,1,0,13,165.36,1.035311
2026-09-28,15-C,retail,0,0,4,145.21,1.136453
2026-09-28,15-D,retail,1,0,5,99.54,1.261255
2026-09-28,16P-A,retail,0,0,12,370.58,1.197107
2026-09-28,16P-B,retail,9,0,20,272.42,1.035311
2026-09-28,16P-C,retail,2,0,15,239.23,1.136453
2026-09-28,16P-D,retail,2,0,13,163.98,1.261255
2026-09-28,17-A,retail,1,0,12,405.2,1.197107
2026-09-28,17-B,retail,1,0,18,297.87,1.035311
2026-09-28,17-C,retail,1,0,13,261.58,1.136453
2026-09-28,17-D,retail,0,0,15,179.31,1.261255
2026-09-28,14-A,wholesale,0,1,0,140.82,
2026-09-28,14-B,wholesale,0,0,15,119.69,
2026-09-28,14-C,wholesale,0,0,22,95.76,
2026-09-28,14-D,wholesale,1,0,5,59.14,
2026-09-28,15-A,wholesale,1,0,31,186.28,
2026-09-28,15-B,wholesale,0,0,12,158.33,
2026-09-28,15-C,wholesale,0,0,4,126.67,
2026-09-28,15-D,wholesale,0,0,4,78.24,
2026-09-28,16P-A,wholesale,0,0,12,306.89,
2026-09-28,16P-B,wholesale,2,0,11,260.85,
2026-09-28,16P-C,wholesale,1,0,13,208.68,
2026-09-28,16P-D,wholesale,1,0,11,128.89,
2026-09-28,17-A,wholesale,0,0,11,335.56,
2026-09-28,17-B,wholesale,0,0,17,285.23,
2026-09-28,17-C,wholesale,0,0,12,228.18,
2026-09-28,17-D,wholesale,0,0,15,140.94,
2026-09-29,14-A,retail,0,0,16,182.31,1.288651
2026-09-29,14-B,retail,0,0,15,176.96,1.471577
2026-09-29,14-C,retail,0,0,22,138.41,1.438692
2026-09-29,14-D,retail,0,0,14,82.01,1.380243
2026-09-29,15-A,retail,1,0,31,241.17,1.288651
2026-09-29,15-B,retail,2,0,12,234.09,1.471577
2026-09-29,15-C,retail,0,0,24,183.09,1.438692
2026-09-29,15-D,retail,0,0,4,108.49,1.380243
2026-09-29,16P-A,retail,0,0,12,397.32,1.288651
2026-09-29,16P-B,retail,1,0,9,385.66,1.471577
2026-09-29,16P-C,retail,0,0,12,301.64,1.438692
2026-09-29,16P-D,retail,0,0,10,178.74,1.380243
2026-09-29,17-A,retail,0,0,11,434.44,1.288651
2026-09-29,17-B,retail,0,0,17,421.7,1.471577
2026-09-29,17-C,retail,1,0,12,329.82,1.438692
2026-09-29,17-D,retail,0,0,15,195.44,1.380243
2026-09-29,14-A,wholesale,0,0,16,140.25,
2026-09-29,14-B,wholesale,1,0,15,119.22,
2026-09-29,14-C,wholesale,1,0,22,95.37,
2026-09-29,14-D,wholesale,0,0,14,58.91,
2026-09-29,15-A,wholesale,0,0,30,185.53,
2026-09-29,15-B,wholesale,0,0,10,157.7,
2026-09-29,15-C,wholesale,2,0,24,126.16,
2026-09-29,15-D,wholesale,0,0,4,77.92,
2026-09-29,16P-A,wholesale,0,0,12,305.66,
2026-09-29,16P-B,wholesale,0,0,8,259.81,
2026-09-29,16P-C,wholesale,0,0,12,207.85,
2026-09-29,16P-D,wholesale,6,0,10,128.38,
2026-09-29,17-A,wholesale,0,0,11,334.22,
2026-09-29,17-B,wholesale,0,0,17,284.08,
2026-09-29,17-C,wholesale,1,0,11,227.27,
2026-09-29,17-D,wholesale,3,0,15,140.37,
2026-09-30,14-A,retail,0,0,26,193.78,1.375215
2026-09-30,14-B,retail,1,0,14,152.51,1.273371
2026-09-30,14-C,retail,0,0,21,125.84,1.313321
2026-09-30,14-D,retail,0,0,14,74.57,1.259989
2026-09-30,15-A,retail,0,0,30,256.34,1.375215
2026-09-30,15-B,retail,1,0,10,201.75,1.273371
2026-09-30,15-C,retail,0,0,22,166.46,1.313321
2026-09-30,15-D,retail,1,0,4,98.64,1.259989
2026-09-30,16P-A,retail,1,0,12,422.31,1.375215
2026-09-30,16P-B,retail,0,0,8,332.38,1.273371
2026-09-30,16P-C,retail,1,0,12,274.24,1.313321
2026-09-30,16P-D,retail,0,0,4,162.51,1.259989
2026-09-30,17-A,retail,0,0,11,461.77,1.375215
2026-09-30,17-B,retail,0,0,17,363.43,1.273371
2026-09-30,17-C,retail,0,0,20,299.87,1.313321
2026-09-30,17-D,retail,0,0,12,177.69,1.259989
2026-09-30,14-A,wholesale,0,0,26,139.69,
2026-09-30,14-B,wholesale,0,0,13,118.74,
2026-09-30,14-C,wholesale,2,0,21,94.99,
2026-09-30,14-D,wholesale,3,0,14,58.67,
2026-09-30,15-A,wholesale,2,0,30,184.78,
2026-09-30,15-B,wholesale,2,0,9,157.07,
2026-09-30,15-C,wholesale,1,0,22,125.65,
2026-09-30,15-D,wholesale,3,0,3,77.61,
2026-09-30,16P-A,wholesale,0,0,11,304.43,
2026-09-30,16P-B,wholesale,0,0,8,258.77,
2026-09-30,16P-C,wholesale,3,0,11,207.01,
2026-09-30,16P-D,wholesale,1,0,4,127.86,
2026-09-30,17-A,wholesale,0,0,11,332.87,
2026-09-30,17-B,wholesale,0,0,17,282.94,
2026-09-30,17-C,wholesale,0,0,20,226.35,
2026-09-30,17-D,wholesale,0,0,12,139.81,
2026-10-01,14-A,retail,0,0,26,202.82,1.445191
2026-10-01,14-B,retail,0,0,23,130.22,1.091645
2026-10-01,14-C,retail,0,0,19,125.65,1.316617
2026-10-01,14-D,retail,0,0,11,73.01,1.23862
2026-10-01,15-A,retail,4,0,28,268.29,1.445191
2026-10-01,15-B,retail,1,0,7,172.26,1.091645
2026-10-01,15-C,retail,0,0,21,166.21,1.316617
2026-10-01,15-D,retail,0,1,0,96.58,1.23862
2026-10-01,16P-A,retail,1,0,11,442.01,1.445191
2026-10-01,16P-B,retail,3,0,8,283.8,1.091645
2026-10-01,16P-C,retail,2,0,8,273.83,1.316617
2026-10-01,16P-D,retail,0,0,3,159.11,1.23862
2026-10-01,17-A,retail,3,0,11,483.31,1.445191
2026-10-01,17-B,retail,0,0,17,310.31,1.091645
2026-10-01,17-C,retail,0,0,20,299.41,1.316617
2026-10-01,17-D,retail,0,0,12,173.97,1.23862
2026-10-01,14-A,wholesale,0,0,26,139.13,
2026-10-01,14-B,wholesale,0,0,23,118.26,
2026-10-01,14-C,wholesale,0,0,19,94.61,
2026-10-01,14-D,wholesale,2,0,11,58.43,
2026-10-01,15-A,wholesale,1,0,24,184.04,
2026-10-01,15-B,wholesale,2,0,6,156.43,
2026-10-01,15-C,wholesale,1,0,21,125.15,
2026-10-01,15-D,wholesale,0,1,0,77.3,
2026-10-01,16P-A,wholesale,0,0,10,303.2,
2026-10-01,16P-B,wholesale,0,0,5,257.72,
2026-10-01,16P-C,wholesale,2,0,6,206.18,
2026-10-01,16P-D,wholesale,0,0,3,127.35,
2026-10-01,17-A,wholesale,0,0,8,331.53,
2026-10-01,17-B,wholesale,0,0,17,281.8,
2026-10-01,17-C,wholesale,0,0,20,225.44,
2026-10-01,17-D,wholesale,0,0,12,139.24,
2026-10-02,14-A,retail,3,0,26,223.65,1.600064
2026-10-02,14-B,retail,0,0,23,195.94,1.649189
2026-10-02,14-C,retail,0,0,19,142.25,1.496635
2026-10-02,14-D,retail,0,0,9,92.07,1.56837
2026-10-02,15-A,retail,0,0,23,295.84,1.600064
2026-10-02,15-B,retail,0,0,4,259.19,1.649189
2026-10-02,15-C,retail,0,0,20,188.17,1.496635
2026-10-02,15-D,retail,0,0,0,121.79,1.56837
2026-10-02,16P-A,retail,0,0,10,487.4,1.600064
2026-10-02,16P-B,retail,2,0,5,427.01,1.649189
2026-10-02,16P-C,retail,4,0,4,310.01,1.496635
2026-10-02,16P-D,retail,0,0,3,200.65,1.56837
2026-10-02,17-A,retail,0,0,8,532.94,1.600064
2026-10-02,17-B,retail,2,0,17,466.9,1.649189
2026-10-02,17-C,retail,1,0,20,338.97,1.496635
2026-10-02,17-D,retail,0,0,12,219.4,1.56837
2026-10-02,14-A,wholesale,0,0,23,138.57,
2026-10-02,14-B,wholesale,1,0,23,117.78,
2026-10-02,14-C,wholesale,0,0,19,94.22,
2026-10-02,14-D,wholesale,0,0,9,58.2,
2026-10-02,15-A,wholesale,0,0,23,183.3,
2026-10-02,15-B,wholesale,0,0,4,155.8,
2026-10-02,15-C,wholesale,0,0,20,124.64,
2026-10-02,15-D,wholesale,0,0,0,76.98,
2026-10-02,16P-A,wholesale,0,0,10,301.98,
2026-10-02,16P-B,wholesale,0,0,3,256.68,
2026-10-02,16P-C,wholesale,0,1,0,205.35,
2026-10-02,16P-D,wholesale,0,0,3,126.83,
2026-10-02,17-A,wholesale,0,0,8,330.19,
2026-10-02,17-B,wholesale,0,0,15,280.66,
2026-10-02,17-C,wholesale,0,0,19,224.53,
2026-10-02,17-D,wholesale,0,0,12,138.68,
2026-10-03,14-A,retail,4,0,23,178.0,1.278706
2026-10-03,14-B,retail,0,0,22,158.8,1.342042
2026-10-03,14-C,retail,0,0,19,130.43,1.377905
2026-10-03,14-D,retail,0,0,9,68.37,1.169413
2026-10-03,15-A,retail,3,0,23,235.47,1.278706
2026-10-03,15-B,retail,2,0,4,210.06,1.342042
2026-10-03,15-C,retail,1,0,30,172.54,1.377905
2026-10-03,15-D,retail,1,0,20,90.44,1.169413
2026-10-03,16P-A,retail,1,0,10,387.93,1.278706
2026-10-03,16P-B,retail,0,0,3,346.07,1.342042
2026-10-03,16P-C,retail,0,0,0,284.26,1.377905
2026-10-03,16P-D,retail,0,0,3,149.0,1.169413
2026-10-03,17-A,retail,1,0,8,424.18,1.278706
2026-10-03,17-B,retail,0,0,15,378.41,1.342042
2026-10-03,17-C,retail,0,0,19,310.82,1.377905
2026-10-03,17-D,retail,0,0,12,162.93,1.169413
2026-10-03,14-A,wholesale,0,0,19,138.0,
2026-10-03,14-B,wholesale,0,0,22,117.3,
2026-10-03,14-C,wholesale,0,0,19,93.84,
2026-10-03,14-D,wholesale,2,0,9,57.96,
2026-10-03,15-A,wholesale,0,0,20,182.55,
2026-10-03,15-B,wholesale,0,0,2,155.17,
2026-10-03,15-C,wholesale,0,0,29,124.14,
2026-10-03,15-D,wholesale,4,0,19,76.67,
2026-10-03,16P-A,wholesale,0,0,9,300.75,
2026-10-03,16P-B,wholesale,2,0,3,255.64,
2026-10-03,16P-C,wholesale,0,1,0,204.51,
2026-10-03,16P-D,wholesale,1,0,3,126.32,
2026-10-03,17-A,wholesale,0,0,7,328.85,
2026-10-03,17-B,wholesale,0,0,15,279.53,
2026-10-03,17-C,wholesale,0,0,19,223.62,
2026-10-03,17-D,wholesale,1,0,12,138.12,
2026-10-04,14-A,retail,0,0,19,183.59,1.324215
2026-10-04,14-B,retail,0,0,22,191.57,1.625641
2026-10-04,14-C,retail,0,0,19,104.8,1.111652
2026-10-04,14-D,retail,0,0,7,84.11,1.444529
2026-10-04,15-A,retail,1,0,20,242.86,1.324215
2026-10-04,15-B,retail,1,0,2,253.42,1.625641
2026-10-04,15-C,retail,0,0,29,138.63,1.111652
2026-10-04,15-D,retail,1,0,15,111.27,1.444529
2026-10-04,16P-A,retail,0,0,9,400.1,1.324215
2026-10-04,16P-B,retail,1,0,1,417.5,1.625641
2026-10-04,16P-C,retail,0,1,0,228.4,1.111652
2026-10-04,16P-D,retail,0,0,12,183.31,1.444529
2026-10-04,17-A,retail,0,0,17,437.49,1.324215
2026-10-04,17-B,retail,0,0,15,456.51,1.625641
2026-10-04,17-C,retail,0,0,19,249.74,1.111652
2026-10-04,17-D,retail,0,0,11,200.44,1.444529
2026-10-04,14-A,wholesale,0,0,19,137.44,
2026-10-04,14-B,wholesale,0,0,22,116.83,
2026-10-04,14-C,wholesale,0,0,19,93.46,
2026-10-04,14-D,wholesale,1,0,7,57.73,
2026-10-04,15-A,wholesale,0,0,19,181.81,
2026-10-04,15-B,wholesale,0,0,1,154.54,
2026-10-04,15-C,wholesale,0,0,29,123.63,
2026-10-04,15-D,wholesale,1,0,14,76.36,
2026-10-04,16P-A,wholesale,0,0,9,299.53,
2026-10-04,16P-B,wholesale,0,1,0,254.6,
2026-10-04,16P-C,wholesale,0,0,0,203.68,
2026-10-04,16P-D,wholesale,0,0,12,125.8,
2026-10-04,17-A,wholesale,0,0,17,327.52,
2026-10-04,17-B,wholesale,0,0,15,278.39,
2026-10-04,17-C,wholesale,1,0,19,222.71,
2026-10-04,17-D,wholesale,0,0,11,137.56,
